t_s,x2_control_m,x2_delta_theta2_1e-08_m,x2_delta_theta2_1e-06_m,x2_delta_theta2_0.0001_m,x2_delta_theta2_0.01_m,x2_delta_theta2_2_m
0.000000000000000000e+00,1.197914746128240671e+00,1.197914755338850501e+00,1.197915667189039857e+00,1.198006850280395774e+00,1.207105731804013038e+00,1.483959584370741158e+00
1.000000000000000021e-02,1.197901639386893979e+00,1.197901648597785140e+00,1.197902560475822664e+00,1.197993746353327449e+00,1.207092919674761955e+00,1.484143342570434232e+00
2.000000000000000042e-02,1.197862336230525848e+00,1.197862345442257448e+00,1.197863257403495973e+00,1.197954451605047099e+00,1.207054496840180180e+00,1.484693677277721058e+00
2.999999999999999889e-02,1.197796888687850503e+00,1.197796897900971214e+00,1.197797809999735286e+00,1.197889017960430680e+00,1.206990504825940391e+00,1.485607769293779024e+00
4.000000000000000083e-02,1.197705386173612219e+00,1.197705395388652949e+00,1.197706307677568027e+00,1.197797534662527585e+00,1.206901015676832500e+00,1.486880921812870682e+00
5.000000000000000278e-02,1.197587959443896732e+00,1.197587968661364410e+00,1.197588881190704724e+00,1.197680132229910654e+00,1.206786136113820573e+00,1.488506564143650568e+00
5.999999999999999778e-02,1.197444785867594730e+00,1.197444795087969194e+00,1.197445707905033796e+00,1.197536987731001590e+00,1.206646013088267910e+00,1.490476258799320775e+00
7.000000000000000666e-02,1.197276095763062598e+00,1.197276104986791045e+00,1.197277018135316062e+00,1.197368331124386787e+00,1.206480840480428141e+00,1.492779713730649327e+00
8.000000000000000167e-02,1.197082179603422780e+00,1.197082188830895788e+00,1.197083102350519290e+00,1.197174452468515726e+00,1.206290866740807877e+00,1.495404802013489132e+00
8.999999999999999667e-02,1.196863395704955702e+00,1.196863404936531206e+00,1.196864318862288945e+00,1.196955709615328267e+00,1.206076403094552996e+00,1.498337591596644813e+00
1.000000000000000056e-01,1.196620177830532095e+00,1.196620187066512075e+00,1.196621101428412048e+00,1.196712535819545842e+00,1.205837831727623044e+00,1.501562388051246977e+00
1.100000000000000006e-01,1.196353042560781788e+00,1.196353051801419154e+00,1.196353966624068788e+00,1.196445447116421867e+00,1.205575613808969493e+00,1.505061793320800145e+00
1.199999999999999956e-01,1.196062595783513594e+00,1.196062605028996417e+00,1.196063520331309693e+00,1.196155048818273059e+00,1.205290296686161167e+00,1.508816783608634360e+00
1.300000000000000044e-01,1.195749537947976560e+00,1.195749547198428520e+00,1.195750462993402374e+00,1.195842040776397885e+00,1.204982519899197246e+00,1.512806809034892730e+00
1.400000000000000133e-01,1.195414667418547960e+00,1.195414676674050547e+00,1.195415592968613661e+00,1.195507220742803023e+00,1.204653019331587638e+00,1.517009917409678721e+00
1.499999999999999944e-01,1.195058881736654754e+00,1.195058890997208412e+00,1.195059807792173245e+00,1.195151485640221667e+00,1.204302629280454617e+00,1.521402903601114520e+00
1.600000000000000033e-01,1.194683176249948131e+00,1.194683185515504453e+00,1.194684102805575243e+00,1.194775830199675593e+00,1.203932281917231117e+00,1.525961484901610987e+00
1.700000000000000122e-01,1.194288639564334176e+00,1.194288648834792577e+00,1.194289566608666364e+00,1.194381342420483438e+00,1.203543003537048239e+00,1.530660501575311860e+00
1.799999999999999933e-01,1.193876446021635118e+00,1.193876455296791983e+00,1.193877373537354014e+00,1.193969196055425286e+00,1.203135907787268977e+00,1.535474140208692884e+00
1.900000000000000022e-01,1.193447844468277452e+00,1.193447853747919618e+00,1.193448772432451843e+00,1.193540639386653890e+00,1.202712185152340130e+00,1.540376175985042506e+00
2.000000000000000111e-01,1.193004142994387395e+00,1.193004152278232866e+00,1.193005071378737458e+00,1.193096979970164950e+00,1.202273088240433996e+00,1.545340228338548672e+00
2.099999999999999922e-01,1.192546690904734419e+00,1.192546700192438802e+00,1.192547619675980997e+00,1.192639566611328528e+00,1.201819914213672291e+00,1.550340023300471604e+00
2.200000000000000011e-01,1.192076856224318249e+00,1.192076865515538708e+00,1.192077785344593632e+00,1.192169766873123482e+00,1.201353982562135991e+00,1.555349654622810052e+00
2.300000000000000100e-01,1.191596000242476361e+00,1.191596009536767475e+00,1.191596929669630267e+00,1.191688941620073994e+00,1.200876609647490545e+00,1.560343835177489646e+00
2.399999999999999911e-01,1.191105449305926767e+00,1.191105458602773615e+00,1.191106378993897152e+00,1.191198416809255090e+00,1.200389080293115418e+00,1.565298130378388608e+00
2.500000000000000000e-01,1.190606462356442963e+00,1.190606471655436760e+00,1.190607392255659258e+00,1.190699451022775746e+00,1.199892614812902991e+00,1.570189165538903753e+00
2.600000000000000089e-01,1.190100197645308944e+00,1.190100206945879258e+00,1.190101127702724693e+00,1.190193202171774711e+00,1.199388334706352532e+00,1.574994800434342146e+00
2.700000000000000178e-01,1.189587676217149337e+00,1.189587685518752602e+00,1.189588606376430935e+00,1.189680690968240251e+00,1.198877224938001751e+00,1.579694265715411383e+00
2.800000000000000266e-01,1.189069743543255342e+00,1.189069752845265837e+00,1.189070673744604401e+00,1.189162762539557772e+00,1.198360093717940611e+00,1.584268257665704116e+00
2.899999999999999800e-01,1.188547028994058730e+00,1.188547038295858727e+00,1.188547959173930968e+00,1.188640045878546880e+00,1.197837529732420192e+00,1.588698989614129697e+00
2.999999999999999889e-01,1.188019902263772298e+00,1.188019911564676123e+00,1.188020832354207634e+00,1.188112910238956710e+00,1.197309855672930690e+00,1.592970200267298519e+00
3.099999999999999978e-01,1.187488426680787468e+00,1.187488435980069257e+00,1.187489356608457447e+00,1.187581418411268963e+00,1.196777078087000845e+00,1.597067120576622923e+00
3.200000000000000067e-01,1.186952306688838110e+00,1.186952315985683626e+00,1.186953236373630816e+00,1.187045274161813824e+00,1.196238830659232422e+00,1.600976402072298299e+00
3.300000000000000155e-01,1.186410827203159046e+00,1.186410836496690546e+00,1.186411756556317032e+00,1.186503761539530633e+00,1.195694308619898116e+00,1.604686010555312237e+00
3.400000000000000244e-01,1.185862780841089537e+00,1.185862790130307598e+00,1.185863709762712048e+00,1.185955672047773302e+00,1.195142190083068101e+00,1.608185088820428543e+00
3.500000000000000333e-01,1.185306376946363871e+00,1.185306386230124520e+00,1.185307305322247595e+00,1.185399213599762192e+00,1.194580538162539396e+00,1.611463792625884128e+00
3.599999999999999867e-01,1.184739124657538945e+00,1.184739133934516353e+00,1.184740052355198969e+00,1.184831893505555289e+00,1.194006675854342392e+00,1.614513103029561414e+00
3.699999999999999956e-01,1.184157677884112525e+00,1.184157687152749272e+00,1.184158604747834520e+00,1.184250363351295965e+00,1.193417021273785350e+00,1.617324618245941981e+00
3.800000000000000044e-01,1.183557627708121229e+00,1.183557636966571902e+00,1.183558553552854331e+00,1.183650211284664522e+00,1.192806868366140804e+00,1.619890325965260836e+00
3.900000000000000133e-01,1.182933219945455194e+00,1.182933229191494240e+00,1.182934144549278477e+00,1.183025679434835720e+00,1.192170090235445068e+00,1.622202357396532957e+00
4.000000000000000222e-01,1.182276968476236645e+00,1.182276977707185983e+00,1.182277891571108963e+00,1.182369277068969549e+00,1.191498734958755357e+00,1.624252722034650320e+00
4.100000000000000311e-01,1.181579123563803568e+00,1.181579132776406249e+00,1.181580044824114717e+00,1.181671248693124454e+00,1.190782471937870568e+00,1.626033021599123884e+00
4.199999999999999845e-01,1.180826937149268785e+00,1.180826946339553096e+00,1.180827856177629975e+00,1.180918839069804438e+00,1.190007829294679853e+00,1.627534140157484988e+00
4.299999999999999933e-01,1.180003644051178524e+00,1.180003653214273918e+00,1.180004560360635057e+00,1.180095274060478205e+00,1.189157139110916361e+00,1.628745906811325250e+00
4.400000000000000022e-01,1.179087042795927021e+00,1.179087051925845619e+00,1.179087955787515130e+00,1.179178340989556872e+00,1.188207071333326814e+00,1.629656726200071404e+00
4.500000000000000111e-01,1.178047509279980254e+00,1.178047518369322422e+00,1.178048418214131532e+00,1.178138401692448989e+00,1.187126585699646242e+00,1.630253171808126122e+00
4.600000000000000200e-01,1.176845203163471965e+00,1.176845212203070812e+00,1.176846107123295848e+00,1.176935598095471214e+00,1.185874056467737692e+00,1.630519536481155995e+00
4.700000000000000289e-01,1.175426120512136796e+00,1.175426129490574789e+00,1.175427018355954978e+00,1.175515903784329907e+00,1.184393217532388132e+00,1.630437335357660666e+00
4.799999999999999822e-01,1.173716501417184865e+00,1.173716510320185202e+00,1.173717391717100433e+00,1.173805530226545102e+00,1.182607430505561830e+00,1.629984756562506742e+00
4.899999999999999911e-01,1.171614915107664689e+00,1.171614923917294382e+00,1.171615796070590187e+00,1.171703010130699107e+00,1.180411595653832135e+00,1.629136054647113419e+00
5.000000000000000000e-01,1.168981153547596019e+00,1.168981162241280458e+00,1.168982022916035701e+00,1.169068089018275414e+00,1.177660846176267651e+00,1.627860888915629634e+00
5.100000000000000089e-01,1.165620996358889938e+00,1.165621004908230063e+00,1.165621851292781397e+00,1.165706488253881012e+00,1.174155131317141443e+00,1.626123603735626588e+00
5.200000000000000178e-01,1.161266329942388431e+00,1.161266338311913504e+00,1.161267166894810909e+00,1.161350023554650779e+00,1.169619289668258455e+00,1.623882458918818328e+00
5.300000000000000266e-01,1.155551853500380588e+00,1.155551861646638478e+00,1.155552668125966687e+00,1.155633314285107183e+00,1.163680110095216769e+00,1.621088815140431461e+00
5.400000000000000355e-01,1.147994182328743173e+00,1.147994190200562592e+00,1.147994969510534480e+00,1.148072898598591518e+00,1.155846660060482201e+00,1.617686292402449766e+00
5.500000000000000444e-01,1.137987887436824552e+00,1.137987894978186754e+00,1.137988641572931670e+00,1.138063299040400711e+00,1.145508957467733957e+00,1.613609916127073829e+00
5.600000000000000533e-01,1.124843058886384251e+00,1.124843066043251572e+00,1.124843774572962030e+00,1.124914625516237443e+00,1.131979470148373856e+00,1.608785276714731483e+00
5.700000000000000622e-01,1.107886302205752127e+00,1.107886308936315345e+00,1.107886975261955342e+00,1.107953605889725690e+00,1.114597381491775341e+00,1.603127728785508577e+00
5.799999999999999600e-01,1.086611427485730363e+00,1.086611433769836266e+00,1.086612055896245543e+00,1.086674266813420386e+00,1.092878232582627618e+00,1.596541662013633012e+00
5.899999999999999689e-01,1.060809896224912396e+00,1.060809902066826682e+00,1.060810480416331192e+00,1.060868313949193453e+00,1.066637623591215389e+00,1.588919873812540073e+00
5.999999999999999778e-01,1.030601934797476860e+00,1.030601940220366775e+00,1.030602477086493440e+00,1.030656162634941309e+00,1.036014213204653922e+00,1.580143071171100200e+00
6.099999999999999867e-01,9.963594704189837614e-01,9.963594754554133681e-01,9.963599740620281420e-01,9.964098340181801738e-01,1.001388911186159358e+00,1.570079525431641088e+00
6.199999999999999956e-01,9.585836800237146349e-01,9.585836847074330480e-01,9.585841483956805131e-01,9.586305168545417033e-01,9.632638311185455215e-01,1.558584888157996673e+00
6.300000000000000044e-01,9.178011960079672793e-01,9.178012003691462528e-01,9.178016321260150656e-01,9.178448077565325436e-01,9.221619270902988719e-01,1.545502164157322333e+00
6.400000000000000133e-01,8.745024541390143957e-01,8.745024582024163440e-01,8.745028604794055083e-01,8.745430883999582017e-01,8.785682102885482569e-01,1.530661813410965966e+00
6.500000000000000222e-01,8.291155847736864093e-01,8.291155885585015373e-01,8.291159632554077064e-01,8.291534334162051767e-01,8.329052593846617558e-01,1.513881933735920615e+00
6.600000000000000311e-01,7.820013752945115248e-01,7.820013788148918454e-01,7.820017273327817264e-01,7.820365798140953562e-01,7.855288554210795304e-01,1.494968444713172806e+00
6.700000000000000400e-01,7.334579794843862910e-01,7.334579827501566118e-01,7.334583060616891581e-01,7.334906381060773972e-01,7.367328552700765920e-01,1.473715170576655131e+00
6.800000000000000488e-01,6.837288984307845485e-01,6.837289014481058302e-01,6.837292001631719573e-01,6.837590727389830647e-01,6.867571217745621626e-01,1.449903694605803040e+00
6.900000000000000577e-01,6.330111830725999589e-01,6.330111858445155448e-01,6.330114602644498767e-01,6.330389034865195885e-01,6.357956106842030941e-01,1.423302841872347901e+00
7.000000000000000666e-01,5.814626885647320442e-01,5.814626910915997593e-01,5.814629412518056428e-01,5.814879586436479952e-01,5.840035089526487422e-01,1.393667648415610305e+00
7.099999999999999645e-01,5.292081035203032302e-01,5.292081058001301130e-01,5.292083315032949375e-01,5.292309033183697498e-01,5.315031701316976775e-01,1.360737703914036256e+00
7.199999999999999734e-01,4.763438496550094214e-01,4.763438516837189551e-01,4.763440525263036851e-01,4.763641383968672538e-01,4.783889471983960306e-01,1.324234839720538792e+00
7.299999999999999822e-01,4.229420735692660527e-01,4.229420753409242617e-01,4.229422507354322347e-01,4.229597918993422412e-01,4.247311426142274526e-01,1.283860327755545594e+00
7.399999999999999911e-01,3.690539712853718179e-01,3.690539727923895508e-01,3.690541219875190793e-01,3.690690433035491713e-01,3.705793121871056583e-01,1.239292152056551632e+00
7.500000000000000000e-01,3.147126622254585726e-01,3.147126634587916749e-01,3.147127855591387302e-01,3.147249974773522752e-01,3.159651349778492824e-01,1.190183695614238868e+00
7.600000000000000089e-01,2.599357906503967919e-01,2.599357915997522195e-01,2.599358855863002637e-01,2.599452861971419115e-01,2.609050229444301872e-01,1.136166638912003091e+00
7.700000000000000178e-01,2.047279901700116422e-01,2.047279908240706714e-01,2.047280555762938103e-01,2.047345328209833060e-01,2.054026017917480740e-01,1.076863350717916390e+00
7.800000000000000266e-01,1.490833050533658666e-01,1.490833054000295643e-01,1.490833397200432842e-01,1.490867738057820580e-01,1.494511528227946418e-01,1.011917624418487316e+00
7.900000000000000355e-01,9.298762235026225564e-02,9.298762237691327037e-02,9.298762501574020511e-02,9.298789104221638624e-02,9.303606608276404621e-02,9.410557380017126050e-01
8.000000000000000444e-01,3.642113275350500334e-02,3.642113244729583421e-02,3.642110213296811949e-02,3.641807290292864430e-02,3.613731935353603486e-02,8.641867357432123642e-01
8.100000000000000533e-01,-2.063919533975577814e-02,-2.063919599160890517e-02,-2.063926052465947514e-02,-2.064571156674899211e-02,-2.126803539180488478e-02,7.815304242393781298e-01
8.200000000000000622e-01,-7.821716770493392090e-02,-7.821716871484629685e-02,-7.821726869589407105e-02,-7.822726447421146645e-02,-7.920341928812657528e-02,6.937194268401130071e-01
8.300000000000000711e-01,-1.363350019827006543e-01,-1.363350033624268764e-01,-1.363351399549309617e-01,-1.363487968106692483e-01,-1.376903686259303150e-01,6.017909401661462043e-01
8.399999999999999689e-01,-1.950111197662941498e-01,-1.950111215266351339e-01,-1.950112958000054242e-01,-1.950287206678187335e-01,-1.967463402510878367e-01,5.070293387838517019e-01
8.499999999999999778e-01,-2.542581606553380169e-01,-2.542581628058814269e-01,-2.542583757092965469e-01,-2.542796634994992644e-01,-2.563827465543244699e-01,4.107321232026428515e-01
8.599999999999999867e-01,-3.140812776647822213e-01,-3.140812802136636606e-01,-3.140815325524977664e-01,-3.141067637939325974e-01,-3.166032770545845199e-01,3.140237774031837126e-01
8.699999999999999956e-01,-3.744767539230868247e-01,-3.744767568767785604e-01,-3.744770492918386151e-01,-3.745062880555235507e-01,-3.774025429198998305e-01,2.177788940937844808e-01
8.800000000000000044e-01,-4.354309560422699454e-01,-4.354309594053988874e-01,-4.354312923547277170e-01,-4.354645844344328109e-01,-4.387650552985282171e-01,1.226319581094741651e-01
8.900000000000000133e-01,-4.969196096148510988e-01,-4.969196133900322665e-01,-4.969199871325413187e-01,-4.969573584077702777e-01,-5.006645177243927991e-01,2.902450648987547899e-02
9.000000000000000222e-01,-5.589073507394812790e-01,-5.589073549271585950e-01,-5.589077695067643514e-01,-5.589492243562654838e-01,-5.630633806185063595e-01,-6.274427022484507788e-02
9.100000000000000311e-01,-6.213474747181705338e-01,-6.213474793164410759e-01,-6.213479345447660007e-01,-6.213934541158983027e-01,-6.259125725642500360e-01,-1.524769488878444657e-01
9.200000000000000400e-01,-6.841817724311807236e-01,-6.841817774355792858e-01,-6.841822728705596601e-01,-6.842318129391526949e-01,-6.891512915292904440e-01,-2.400491399045742713e-01
9.300000000000000488e-01,-7.473403132222938838e-01,-7.473403186254999886e-01,-7.473408535424113097e-01,-7.473943416138479900e-01,-7.527067060859095049e-01,-3.253902404504336876e-01
9.400000000000000577e-01,-8.107410018480500913e-01,-8.107410076394728771e-01,-8.107415809898356196e-01,-8.107989121874255023e-01,-8.164933831568109701e-01,-4.084706850249291699e-01
9.500000000000000666e-01,-8.742886994105106835e-01,-8.742887055756916048e-01,-8.742893159281209803e-01,-8.743503470751577966e-01,-8.804122173945393426e-01,-4.892932373320452166e-01
9.599999999999999645e-01,-9.378736519973591701e-01,-9.378736585171136841e-01,-9.378743039722424735e-01,-9.379388450801664501e-01,-9.443485853318822620e-01,-5.678865855695487408e-01
9.699999999999999734e-01,-1.001368906019059590e+00,-1.001368912868246364e+00,-1.001369590937182696e+00,-1.001437393045164548e+00,-1.008169374981487065e+00,-6.443001096482119383e-01
9.799999999999999822e-01,-1.064626299509314755e+00,-1.064626306655099608e+00,-1.064627014087155210e+00,-1.064697752027013999e+00,-1.071718441047991632e+00,-7.185991374291953449e-01
9.899999999999999911e-01,-1.127470496836600056e+00,-1.127470504236007809e+00,-1.127471236776654617e+00,-1.127544484957165416e+00,-1.134809903319105473e+00,-7.908603237334180802e-01
1.000000000000000000e+00,-1.189690382573226346e+00,-1.189690390169743539e+00,-1.189691142224159393e+00,-1.189766340970434433e+00,-1.197218547845816383e+00,-8.611669987963866957e-01
1.010000000000000009e+00,-1.251026979557620100e+00,-1.251026987276548486e+00,-1.251027751449600434e+00,-1.251104160982376090e+00,-1.258666456154658775e+00,-9.296044704318644492e-01
1.020000000000000018e+00,-1.311157011306538500e+00,-1.311157019048825978e+00,-1.311157785534256437e+00,-1.311234424866741577e+00,-1.318805022408968686e+00,-9.962553395210376195e-01
1.030000000000000027e+00,-1.369671567358550446e+00,-1.369671574993040375e+00,-1.369672330806328997e+00,-1.369747901012146052e+00,-1.377192089949755172e+00,-1.061194917527121140e+00
1.040000000000000036e+00,-1.426050676237917481e+00,-1.426050683592668733e+00,-1.426051411711628747e+00,-1.426124209987491342e+00,-1.433265830312044020e+00,-1.124486826779648396e+00
1.050000000000000044e+00,-1.479638104762493800e+00,-1.479638111617471052e+00,-1.479638790258416714e+00,-1.479706637600378238e+00,-1.486321529876053704e+00,-1.186178831289233848e+00
1.060000000000000053e+00,-1.529627826386159128e+00,-1.529627832472575388e+00,-1.529628435025617073e+00,-1.529688669928552347e+00,-1.535505883989981335e+00,-1.246298896694448821e+00
1.070000000000000062e+00,-1.575084021806267831e+00,-1.575084026821315542e+00,-1.575084523308496021e+00,-1.575134147896950276e+00,-1.579853835948155094e+00,-1.304851423495946516e+00
1.080000000000000071e+00,-1.615022719893704828e+00,-1.615022723538955152e+00,-1.615023084415950105e+00,-1.615059144993934215e+00,-1.618394297724021769e+00,-1.361813546590052271e+00
1.090000000000000080e+00,-1.648566642472041099e+00,-1.648566644512497792e+00,-1.648566846514801121e+00,-1.648587018339545462e+00,-1.650323007449501223e+00,-1.417131355631628065e+00
1.100000000000000089e+00,-1.675132779353452506e+00,-1.675132779673579542e+00,-1.675132811363312602e+00,-1.675135952958402008e+00,-1.675181732940093093e+00,-1.470715877614302558e+00
1.110000000000000098e+00,-1.694559943924989209e+00,-1.694559942549539899e+00,-1.694559806377510469e+00,-1.694546164976797886e+00,-1.692947159640714627e+00,-1.522438694328833719e+00
1.120000000000000107e+00,-1.707103104613435729e+00,-1.707103101682659663e+00,-1.707102811533770303e+00,-1.707073777008171422e+00,-1.703981654829038961e+00,-1.572127177754601313e+00
1.130000000000000115e+00,-1.713311856684871293e+00,-1.713311852404616031e+00,-1.713311428657771085e+00,-1.713269039385509007e+00,-1.708891620927621702e+00,-1.619559576557668468e+00
1.140000000000000124e+00,-1.713874652273706278e+00,-1.713874646868312368e+00,-1.713874111733241445e+00,-1.713820588524082034e+00,-1.708377836003692529e+00,-1.664460673495518295e+00
1.150000000000000133e+00,-1.709496102094927306e+00,-1.709496095776800395e+00,-1.709495470281651608e+00,-1.709432915452444579e+00,-1.703129922510763006e+00,-1.706499586250131095e+00
1.159999999999999920e+00,-1.700827051022278713e+00,-1.700827043977796826e+00,-1.700826346573872883e+00,-1.700756604653086201e+00,-1.693771836912429496e+00,-1.745292601033966662e+00
1.169999999999999929e+00,-1.688436606111554772e+00,-1.688436598497574437e+00,-1.688435844713578771e+00,-1.688360467991135483e+00,-1.680843462181476067e+00,-1.780415568382002878e+00
1.179999999999999938e+00,-1.672808621915595317e+00,-1.672808613861265226e+00,-1.672807816482942300e+00,-1.672728083025884604e+00,-1.664801703858822091e+00,-1.811431529118301409e+00
1.189999999999999947e+00,-1.654349420475971666e+00,-1.654349412086548510e+00,-1.654348581534256679e+00,-1.654265532956004980e+00,-1.646029842787446240e+00,-1.837937869481665931e+00
1.199999999999999956e+00,-1.633399189862274614e+00,-1.633399181223263330e+00,-1.633398325961890940e+00,-1.633312808408488692e+00,-1.624849101397718432e+00,-1.859630697966042412e+00
1.209999999999999964e+00,-1.610243463451337398e+00,-1.610243454632254156e+00,-1.610242581543957829e+00,-1.610155282956262646e+00,-1.601529695448871138e+00,-1.876371968737018836e+00
1.219999999999999973e+00,-1.585123269173432714e+00,-1.585123260230980602e+00,-1.585122374929329059e+00,-1.585033856445448919e+00,-1.576300387420578764e+00,-1.888234012220673774e+00
1.229999999999999982e+00,-1.558243587957697240e+00,-1.558243578938343310e+00,-1.558242686023544321e+00,-1.558153407490621367e+00,-1.549356364101396988e+00,-1.895498963262816972e+00
1.239999999999999991e+00,-1.529780202618651108e+00,-1.529780193560684509e+00,-1.529779296823326362e+00,-1.529689637162651383e+00,-1.520865584110766111e+00,-1.898610990559473466e+00
1.250000000000000000e+00,-1.499885168522876233e+00,-1.499885159458038908e+00,-1.499884262040539040e+00,-1.499794535385263305e+00,-1.490973839181091387e+00,-1.898102468709191637e+00
1.260000000000000009e+00,-1.468691160960508002e+00,-1.468691151915284099e+00,-1.468690256439646014e+00,-1.468600724904775667e+00,-1.459808776342353287e+00,-1.894522500218407401e+00
1.270000000000000018e+00,-1.436314929321166112e+00,-1.436314920317806276e+00,-1.436314028986917180e+00,-1.436224912794743513e+00,-1.427483096843275234e+00,-1.888385991184261758e+00
1.280000000000000027e+00,-1.402860048903489698e+00,-1.402860039960832417e+00,-1.402859154639145789e+00,-1.402770640184173967e+00,-1.394097109000560053e+00,-1.880146772064186012e+00
1.290000000000000036e+00,-1.368419123089572587e+00,-1.368419114223676125e+00,-1.368418236501725005e+00,-1.368330482798848280e+00,-1.359740775378489808e+00,-1.870189306394709039e+00
1.300000000000000044e+00,-1.333075556010351104e+00,-1.333075547235044844e+00,-1.333074678481546371e+00,-1.332987822375048648e+00,-1.324495363798954273e+00,-1.858831476838209928e+00
1.310000000000000053e+00,-1.296904987922103736e+00,-1.296904979249398071e+00,-1.296904120653427306e+00,-1.296818281032255271e+00,-1.288434788581106272e+00,-1.846332491631999417e+00
1.320000000000000062e+00,-1.259976466099703929e+00,-1.259976457540143535e+00,-1.259975610145669611e+00,-1.259890891395787582e+00,-1.251626706454900484e+00,-1.832902251370641000e+00
1.330000000000000071e+00,-1.222353406469947501e+00,-1.222353398032899774e+00,-1.222352562767276662e+00,-1.222269057619782107e+00,-1.214133419970878425e+00,-1.818710315414871381e+00
1.340000000000000080e+00,-1.184094389831930494e+00,-1.184094381525826467e+00,-1.184093559223545977e+00,-1.184011351129020895e+00,-1.176012627799595478e+00,-1.803893712824117923e+00
1.350000000000000089e+00,-1.145253826314572621e+00,-1.145253818147101921e+00,-1.145253009569807023e+00,-1.145172174698859013e+00,-1.137318053003369522e+00,-1.788563422083010224e+00
1.360000000000000098e+00,-1.105882514970985220e+00,-1.105882506949282362e+00,-1.105881712802973649e+00,-1.105802321766410579e+00,-1.098099974844899851e+00,-1.772809606429479157e+00
1.370000000000000107e+00,-1.066028119221024362e+00,-1.066028111351808194e+00,-1.066027332301772601e+00,-1.065949451642850487e+00,-1.058405683041033996e+00,-1.756705785548947851e+00
1.380000000000000115e+00,-1.025735575400974930e+00,-1.025735567690691186e+00,-1.025734804374877740e+00,-1.025658497906555056e+00,-1.018279870407651888e+00,-1.740312138626092686e+00
1.390000000000000124e+00,-9.850474474567638694e-01,-9.850474399116988522e-01,-9.850466929528951532e-01,-9.849720229747571665e-01,-9.777649766226703676e-01,-1.723678115117301957e+00
1.400000000000000133e+00,-9.440042386097834415e-01,-9.440042312361950350e-01,-9.440035012535696879e-01,-9.439305297063622646e-01,-9.369014930851435885e-01,-1.706844500637728412e+00
1.409999999999999920e+00,-9.026446688340983293e-01,-9.026446616383152488e-01,-9.026439492585518476e-01,-9.025727388365627490e-01,-8.957282373091548511e-01,-1.689845056306168880e+00
1.419999999999999929e+00,-8.610059249179345953e-01,-8.610059179064781798e-01,-8.610052237749821202e-01,-8.609358390469452615e-01,-8.542826032212675891e-01,-1.672707824569387158e+00
1.429999999999999938e+00,-8.191238888225769177e-01,-8.191238820022690437e-01,-8.191232067946885298e-01,-8.190557153549913316e-01,-8.126007930127960854e-01,-1.655456173631385530e+00
1.439999999999999947e+00,-7.770333483814575448e-01,-7.770333417595527425e-01,-7.770326861939702567e-01,-7.769671598821060732e-01,-7.707180343507564757e-01,-1.638109636156301008e+00
1.449999999999999956e+00,-7.347681938326182660e-01,-7.347681874169311733e-01,-7.347675522669705472e-01,-7.347040684775865138e-01,-7.286687861278123846e-01,-1.620684585503646247e+00
1.459999999999999964e+00,-6.923616019823261025e-01,-6.923615957813770150e-01,-6.923609818905251956e-01,-6.922996250052768641e-01,-6.864869345157946778e-01,-1.603194782282148623e+00
1.469999999999999973e+00,-6.498462091976970889e-01,-6.498462032208697225e-01,-6.498456115182356108e-01,-6.497864744812629212e-01,-6.442059802145251313e-01,-1.585651817246055195e+00
1.479999999999999982e+00,-6.072542728829476433e-01,-6.072542671406686576e-01,-6.072536986584098351e-01,-6.071968847187907414e-01,-6.018592162548852542e-01,-1.568065470746853762e+00
1.489999999999999991e+00,-5.646178202319065420e-01,-5.646178147358366095e-01,-5.646172706283844045e-01,-5.645628952618703122e-01,-5.594798945137883228e-01,-1.550444003733658871e+00
1.500000000000000000e+00,-5.219687813512672303e-01,-5.219687761145151983e-01,-5.219682576796930151e-01,-5.219164507001755604e-01,-5.171013774422367204e-01,-1.532794393724186133e+00
1.510000000000000009e+00,-4.793391025842866360e-01,-4.793390976216435062e-01,-4.793386063236588224e-01,-4.792895141819700222e-01,-4.747572698194821861e-01,-1.515122524834083162e+00
1.520000000000000018e+00,-4.367608345153947691e-01,-4.367608298435793346e-01,-4.367603673377098983e-01,-4.367141555894031857e-01,-4.324815234804634256e-01,-1.497433340263179868e+00
1.530000000000000027e+00,-3.942661874428724511e-01,-3.942661830807987489e-01,-3.942657512394497354e-01,-3.942226071499869144e-01,-3.903085063221862772e-01,-1.479730963397499988e+00
1.540000000000000036e+00,-3.518875464535589082e-01,-3.518875424226041160e-01,-3.518871433621523215e-01,-3.518472785906470168e-01,-3.482730252393655412e-01,-1.462018792994532745e+00
1.550000000000000044e+00,-3.096574375382612487e-01,-3.096574338625380785e-01,-3.096570699701257645e-01,-3.096207232480864824e-01,-3.064102919557096238e-01,-1.444299576734905832e+00
1.560000000000000053e+00,-2.676084368052215612e-01,-2.676084335118360524e-01,-2.676081074709871777e-01,-2.675755471633798344e-01,-2.647558208678461589e-01,-1.426575466689395277e+00
1.570000000000000062e+00,-2.257730167509843233e-01,-2.257730138702686573e-01,-2.257727286838865366e-01,-2.257442550882881038e-01,-2.233452497828937733e-01,-1.408848059955816856e+00
1.580000000000000071e+00,-1.841833271528964810e-01,-1.841833247185980516e-01,-1.841830837276339783e-01,-1.841590309407081794e-01,-1.822140784039004702e-01,-1.391118426459785340e+00
1.590000000000000080e+00,-1.428709136680939018e-01,-1.428709117174996046e-01,-1.428707186133892360e-01,-1.428514557742141533e-01,-1.413973255953142050e-01,-1.373387126941993719e+00
1.600000000000000089e+00,-1.018663844900545290e-01,-1.018663830640345602e-01,-1.018662418929414670e-01,-1.018521736071588690e-01,-1.009291150848783403e-01,-1.355654222125320940e+00
1.610000000000000098e+00,-6.119904380359952878e-02,-6.119904294654959775e-02,-6.119895810359315957e-02,-6.119052386622425566e-02,-6.084220954974922657e-02,-1.337919275065506675e+00
1.620000000000000107e+00,-2.089651919550417070e-02,-2.089651895516991820e-02,-2.089649516719827016e-02,-2.089416764002322013e-02,-2.116752383609676880e-02,-1.320181348092797968e+00
1.630000000000000115e+00,1.901558315194451509e-02,1.901558272476411293e-02,1.901554042866626659e-02,1.901125836621231358e-02,1.806634271661655688e-02,-1.302438994868569289e+00
1.640000000000000124e+00,5.851395800249103996e-02,5.851395685436544536e-02,5.851384318459096345e-02,5.850242260668581107e-02,5.683350895833083616e-02,-1.284690249033499265e+00
1.650000000000000133e+00,9.757777935267697433e-02,9.757777742807888233e-02,9.757758688740553188e-02,9.755847811230694555e-02,9.511110373295084131e-02,-1.266932610271678250e+00
1.660000000000000142e+00,1.361887479803399748e-01,1.361887452222714234e-01,1.361884721679345045e-01,1.361611109652627327e-01,1.328794072377239566e-01,-1.249163027807218107e+00
1.669999999999999929e+00,1.743309902353133434e-01,1.743309865859974939e-01,1.743306252980506010e-01,1.742944397250814625e-01,1.701218151096688391e-01,-1.231377882329662388e+00
1.679999999999999938e+00,2.119908045584713574e-01,2.119907999600701420e-01,2.119903447125857654e-01,2.119447622344926008e-01,2.068246156530757496e-01,-1.213572966756628180e+00
1.689999999999999947e+00,2.491562671089757042e-01,2.491562615043021456e-01,2.491557066357541483e-01,2.491001611643368641e-01,2.429765892122618953e-01,-1.195743465866718536e+00
1.699999999999999956e+00,2.858167206291836182e-01,2.858167139623685182e-01,2.858160539417342605e-01,2.857499924461070484e-01,2.785684554509696431e-01,-1.177883934669290866e+00
1.709999999999999964e+00,3.219621789273459100e-01,3.219621711444334844e-01,3.219614006300816622e-01,3.218842890261319756e-01,3.135922061278486050e-01,-1.159988276559163811e+00
1.719999999999999973e+00,3.575826821653574905e-01,3.575826732148046916e-01,3.575817871040187224e-01,3.574931152071847973e-01,3.480403663401552272e-01,-1.142049720637092758e+00
1.729999999999999982e+00,3.926676356681219060e-01,3.926676255011924965e-01,3.926666189690465880e-01,3.925659043828123029e-01,3.819052259126078930e-01,-1.124060798024983709e+00
1.739999999999999991e+00,4.272051583794512220e-01,4.272051469504952737e-01,4.272040154776846066e-01,4.270908063769787710e-01,4.151780759553426181e-01,-1.106013317484214165e+00
1.750000000000000000e+00,4.611814574932212585e-01,4.611814447598492905e-01,4.611801841497997767e-01,4.610540609924611011e-01,4.478484748458034792e-01,-1.087898340028935484e+00
1.760000000000000009e+00,4.945802363690151027e-01,4.945802222921709679e-01,4.945788286783245336e-01,4.944394049340785635e-01,4.799035566141814924e-01,-1.069706152390558662e+00
1.770000000000000018e+00,5.273821325530114734e-01,5.273821170969599237e-01,5.273805869415068015e-01,5.272275089657172398e-01,5.113273825309969656e-01,-1.051426239089907622e+00
1.780000000000000027e+00,5.595641744058312828e-01,5.595641575380715382e-01,5.595624876235130163e-01,5.593954338140146865e-01,5.421003259949135344e-01,-1.033047252836159169e+00
1.790000000000000036e+00,5.910992379131458918e-01,5.910992196042713642e-01,5.910974070193311114e-01,5.909160864081992592e-01,5.721984730721738632e-01,-1.014556983135716406e+00
1.800000000000000044e+00,6.219554787584837818e-01,6.219554589819926704e-01,6.219535011031297467e-01,6.217576515087327449e-01,6.015930123320261114e-01,-9.959423228526343985e-01
1.810000000000000053e+00,6.520957102861876242e-01,6.520956890182683097e-01,6.520935834880129400e-01,6.518829693500113320e-01,6.302495831554852934e-01,-9.771892323260770175e-01
1.820000000000000062e+00,6.814766892164252354e-01,6.814766664357096992e-01,6.814744111386663583e-01,6.812488211195153465e-01,6.581275418843156588e-01,-9.582827010012183733e-01
1.830000000000000071e+00,7.100482684946789469e-01,7.100482441819848667e-01,7.100458372192296475e-01,7.098050816460934609e-01,6.851791032124079361e-01,-9.392067062548583589e-01
1.840000000000000080e+00,7.377523619378818509e-01,7.377523360759450366e-01,7.377497757381907828e-01,7.374936839222449025e-01,7.113482988202870505e-01,-9.199441695238912420e-01
1.850000000000000089e+00,7.645216548166869908e-01,7.645216273898725046e-01,7.645189121294251322e-01,7.642473295647006504e-01,7.365696843280391537e-01,-9.004769095678109014e-01
1.860000000000000098e+00,7.902779733658685801e-01,7.902779443598790809e-01,7.902750727613353510e-01,7.899878581993380333e-01,7.607667065876327905e-01,-8.807855928748307139e-01
1.870000000000000107e+00,8.149301985749081156e-01,8.149301679764688888e-01,8.149271387255039301e-01,8.146241610599467275e-01,7.838496127891178000e-01,-8.608496818244927296e-01
1.880000000000000115e+00,8.383715679291831036e-01,8.383715357256933398e-01,8.383683475750045577e-01,8.380494824438634582e-01,8.057127425376393592e-01,-8.406473807918030117e-01
1.890000000000000124e+00,8.604761500511386441e-01,8.604761162302895228e-01,8.604727679613383140e-01,8.601378939317285699e-01,8.262309854861588088e-01,-8.201555812513384724e-01
1.900000000000000133e+00,8.810941931442932695e-01,8.810941576936162090e-01,8.810906480719802314e-01,8.807396421891637850e-01,8.452551006603521433e-01,-7.993498068668989376e-01
1.910000000000000142e+00,9.000459265935617514e-01,9.000458894998804027e-01,9.000422172212535488e-01,8.996749496273327429e-01,8.626054722591867119e-01,-7.782041603419892484e-01
1.919999999999999929e+00,9.171132282356634358e-01,9.171131894844181121e-01,9.171093531074268057e-01,9.167256803483898597e-01,8.780637114812038790e-01,-7.566912742233917744e-01
1.929999999999999938e+00,9.320283486828940811e-01,9.320283082572791145e-01,9.320243061182209576e-01,9.316240626527986235e-01,8.913612939736932361e-01,-7.347822687229091931e-01
1.939999999999999947e+00,9.444586357906160634e-01,9.444585936704928963e-01,9.444544237757716010e-01,9.440374112668146189e-01,9.021641915935372236e-01,-7.124467203939114368e-01
1.949999999999999956e+00,9.539860445025063473e-01,9.539860006631009082e-01,9.539816605602622346e-01,9.535476350445406535e-01,9.100523460130995890e-01,-6.896526467402938065e-01
1.959999999999999964e+00,9.600805933814845483e-01,9.600805477920855147e-01,9.600760344408336699e-01,9.596246935200956063e-01,9.144933490226014872e-01,-6.663665130285199023e-01
1.969999999999999973e+00,9.620691231064227855e-01,9.620690757299374951e-01,9.620643854583037502e-01,9.615953640298678939e-01,9.148122783151161341e-01,-6.425532693251340133e-01
1.979999999999999982e+00,9.591081768149882780e-01,9.591081276110045017e-01,9.591032564184260867e-01,9.586161571054659936e-01,9.101680895100712210e-01,-6.181764272204812727e-01
1.989999999999999991e+00,9.501899685653789618e-01,9.501899175035727341e-01,9.501848623883664136e-01,9.496793883511156498e-01,8.995691381818500254e-01,-5.931981879397061341e-01
2.000000000000000000e+00,9.342512153146744769e-01,9.342511624121627722e-01,9.342459250692422001e-01,9.337222495865473704e-01,8.820030513941251593e-01,-5.675796352749405971e-01
2.010000000000000231e+00,9.104903354031237406e-01,9.104902807983750179e-01,9.104848749363732008e-01,9.099443723029401188e-01,8.567840424736714589e-01,-5.412810090093620463e-01
2.020000000000000018e+00,8.788893610545356339e-01,8.788893050910695504e-01,8.788837647187386359e-01,8.783298372552353905e-01,8.240775857510702629e-01,-5.142620756921540970e-01
2.030000000000000249e+00,8.405601564418465621e-01,8.405600996686752868e-01,8.405544791380026304e-01,8.399925601109085038e-01,7.851680941763350408e-01,-4.864826149165821234e-01
2.040000000000000036e+00,7.974158694972670602e-01,7.974158125422257104e-01,7.974101740084550416e-01,7.968464742761695030e-01,7.420235476632011107e-01,-4.579030386638326400e-01
2.049999999999999822e+00,7.514036986246483973e-01,7.514036420499833335e-01,7.513980411748597543e-01,7.508381216636791367e-01,6.965225215299208905e-01,-4.284851591357893286e-01
2.060000000000000053e+00,7.040029464777532997e-01,7.040028907193657259e-01,7.039973706566702294e-01,7.034455424248741151e-01,6.500281035705018917e-01,-3.981931155844504744e-01
2.069999999999999840e+00,6.561668758608811824e-01,6.561668212366239539e-01,6.561614134535356246e-01,6.556208201407287550e-01,6.033876260725722362e-01,-3.669944621358816605e-01
2.080000000000000071e+00,6.084619292983227679e-01,6.084618760377962232e-01,6.084566032645637446e-01,6.079295158096875706e-01,5.570886314826029029e-01,-3.348614058330507959e-01
2.089999999999999858e+00,5.612144864653866305e-01,5.612144347372252096e-01,5.612093136685327721e-01,5.606974001208875347e-01,5.114027183022370471e-01,-3.017721666052431972e-01
2.100000000000000089e+00,5.146127219084994930e-01,5.146126718399591793e-01,5.146077150738579409e-01,5.141122342392896449e-01,4.664805270110090052e-01,-2.677124089386967443e-01
2.109999999999999876e+00,4.687683461822642061e-01,4.687682978722461091e-01,4.687635152000449446e-01,4.682854454662474519e-01,4.224077452145427181e-01,-2.326766700483769990e-01
2.120000000000000107e+00,4.237524061741370085e-01,4.237523597017210375e-01,4.237477589523195309e-01,4.232878826198514521e-01,3.792369757007600928e-01,-1.966696842271759005e-01
2.129999999999999893e+00,3.796159280584659457e-01,3.796158834885444699e-01,3.796114710861754338e-01,3.791704300777986592e-01,3.370058390991055863e-01,-1.597074821608599482e-01
2.140000000000000124e+00,3.364019689663294566e-01,3.364019263534041571e-01,3.363977076936684463e-01,3.359760411166635707e-01,2.957474046863445283e-01,-1.218181330295466935e-01
2.149999999999999911e+00,2.941527985028402625e-01,2.941527578936510290e-01,2.941487376037390522e-01,2.937469077446099863e-01,2.554963320186333098e-01,-8.304200208624851198e-02
2.160000000000000142e+00,2.529142727892529363e-01,2.529142342246516462e-01,2.529104163488907764e-01,2.525288272098724640e-01,2.162925705127236586e-01,-4.343142150256834588e-02
2.169999999999999929e+00,2.127385359213412874e-01,2.127384994376751992e-01,2.127348875744051737e-01,2.123738985478917929e-01,1.781836199949681232e-01,-3.049718944439172574e-03
2.180000000000000160e+00,1.736856702954479026e-01,1.736856359256211402e-01,1.736822333322217693e-01,1.733421696944988932e-01,1.412258932171844839e-01,3.803038758705651334e-02
2.189999999999999947e+00,1.358246266331903929e-01,1.358245944075138212e-01,1.358214040847488535e-01,1.355025654235330057e-01,1.054854609468374171e-01,7.972894724496071284e-02
2.200000000000000178e+00,9.923359866487901915e-02,9.923356861179100097e-02,9.923059337510975464e-02,9.893326071546659772e-02,7.103831415235806190e-02,1.219613367691635419e-01
2.209999999999999964e+00,6.399991090764900470e-02,6.399988305436099534e-02,6.399712559752079866e-02,6.372156776134030309e-02,3.797019071022578185e-02,1.646410244350971774e-01
2.220000000000000195e+00,3.021943115572300886e-02,3.021940552881829944e-02,3.021686848362181710e-02,2.996334806228939662e-02,6.375964670909506360e-03,2.076823169029123617e-01
2.229999999999999982e+00,-2.004509352612204864e-03,-2.004532726582852753e-03,-2.006846731749112323e-03,-2.238067522756348460e-03,-2.364142919288925171e-02,2.510028794918912065e-01
2.240000000000000213e+00,-3.256271502387464434e-02,-3.256273611779869626e-02,-3.256482439888763736e-02,-3.277347780995587545e-02,-5.197257207906380572e-02,2.945258608024871050e-01
2.250000000000000000e+00,-6.134226561830480318e-02,-6.134228440389621895e-02,-6.134414416059041919e-02,-6.152995084283485738e-02,-7.850366822078624907e-02,3.381815116511400765e-01
2.260000000000000231e+00,-8.822919709871879235e-02,-8.822921354588586507e-02,-8.823084179921081294e-02,-8.839350455942251994e-02,-1.031191890509990383e-01,3.819082537276930478e-01
2.270000000000000018e+00,-1.131116869511535894e-01,-1.131117010273572365e-01,-1.131130945560075984e-01,-1.132522919819238805e-01,-1.257050301756116317e-01,4.256532135935675032e-01
2.280000000000000249e+00,-1.358836683232776954e-01,-1.358836799928845318e-01,-1.358848352692786365e-01,-1.360002153257210411e-01,-1.461521080203286305e-01,4.693722831151074248e-01
2.290000000000000036e+00,-1.564487395143676629e-01,-1.564487487380207265e-01,-1.564496618657666982e-01,-1.565408356313540139e-01,-1.643602730788262800e-01,5.130297958391517588e-01
2.300000000000000266e+00,-1.747241869986115859e-01,-1.747241937326277084e-01,-1.747248603872414430e-01,-1.747913961155154183e-01,-1.802423618989437148e-01,5.565979196208014068e-01
2.310000000000000053e+00,-1.906448950196346637e-01,-1.906448992154641253e-01,-1.906453145905655511e-01,-1.906867323195480246e-01,-1.937281642213400934e-01,6.000558630828463080e-01
2.319999999999999840e+00,-2.041668863679850787e-01,-2.041668879717414287e-01,-2.041670467326553995e-01,-2.041828136357387580e-01,-2.047680486582477144e-01,6.433889810838220313e-01
2.330000000000000071e+00,-2.152702325263451399e-01,-2.152702314784300519e-01,-2.152701277249726708e-01,-2.152596543824226716e-01,-2.133359848433773465e-01,6.865878474862233682e-01
2.339999999999999858e+00,-2.239610987332708580e-01,-2.239610949681030139e-01,-2.239607222077929505e-01,-2.239233599232364202e-01,-2.194317186926494356e-01,7.296473456945921088e-01
2.350000000000000089e+00,-2.302727373067956496e-01,-2.302727307526538647e-01,-2.302720818851237139e-01,-2.302071211252205707e-01,-2.230819105471233410e-01,7.725658096255285656e-01
2.359999999999999876e+00,-2.342653245694690245e-01,-2.342653151484499485e-01,-2.342643824613170889e-01,-2.341710524449589492e-01,-2.243401231126148643e-01,8.153442343905825673e-01
2.370000000000000107e+00,-2.360246272152570768e-01,-2.360246148433490232e-01,-2.360233900195378709e-01,-2.359008594555880300e-01,-2.232856383540954281e-01,8.579855638023388131e-01
2.379999999999999893e+00,-2.356595797669390757e-01,-2.356595643542102048e-01,-2.356580384905421210e-01,-2.355054174460683436e-01,-2.200211828333774600e-01,9.004940538341577039e-01
2.390000000000000124e+00,-2.332989423086340164e-01,-2.332989237595345378e-01,-2.332970873965667380e-01,-2.331134302927998503e-01,-2.146697286088772305e-01,9.428747048070991177e-01
2.399999999999999911e+00,-2.290872721649719335e-01,-2.290872503787513281e-01,-2.290850935421342438e-01,-2.288694033045539644e-01,-2.073706047800550900e-01,9.851327514068433100e-01
2.410000000000000142e+00,-2.231804814517748259e-01,-2.231804563230200822e-01,-2.231779685770404198e-01,-2.229292020061910407e-01,-1.982751955448592840e-01,1.027273196288034374e+00
2.419999999999999929e+00,-2.157412611095861354e-01,-2.157412325289007615e-01,-2.157384030433613376e-01,-2.154554775204755579e-01,-1.875425093672675736e-01,1.069300371643243874e+00
2.430000000000000160e+00,-2.069346334755211014e-01,-2.069346013303493548e-01,-2.069314189622822875e-01,-2.066132206391756432e-01,-1.753348862663600682e-01,1.111217510744939574e+00
2.439999999999999947e+00,-1.969238568603572936e-01,-1.969238210359796626e-01,-1.969202744280609818e-01,-1.965656680871625817e-01,-1.618140705579036998e-01,1.153026310125425447e+00
2.450000000000000178e+00,-1.858668541944641928e-01,-1.858668145751766199e-01,-1.858628922727931787e-01,-1.854707330527852194e-01,-1.471378240786029856e-01,1.194726459123062856e+00
2.459999999999999964e+00,-1.739132818682023185e-01,-1.739132383387100855e-01,-1.739089289277387373e-01,-1.734780761201442090e-01,-1.314571971807051987e-01,1.236315111549459944e+00
2.470000000000000195e+00,-1.612023002090668400e-01,-1.612022526561049385e-01,-1.611975449234324120e-01,-1.607268780434067956e-01,-1.149145202144057354e-01,1.277786266843405905e+00
2.479999999999999982e+00,-1.478610610605998188e-01,-1.478610093748045640e-01,-1.478558924934828545e-01,-1.473443298138430446e-01,-9.764212918906389760e-02,1.319130020551641413e+00
2.490000000000000213e+00,-1.340038887244843213e-01,-1.340038328025281444e-01,-1.339982965433818562e-01,-1.334448162741748156e-01,-7.976180034884161607e-02,1.360331630975655903e+00
2.500000000000000000e+00,-1.197321034719915633e-01,-1.197320432190095152e-01,-1.197260781903405069e-01,-1.191297424678046113e-01,-6.138484075512534721e-02,1.401370333609412322e+00
2.510000000000000231e+00,-1.051344190527645495e-01,-1.051343543850675188e-01,-1.051279523019721940e-01,-1.044879341376815096e-01,-4.261276141217332225e-02,1.442217807238295180e+00
2.520000000000000018e+00,-9.028783501537193668e-02,-9.028776586348433164e-02,-9.028091984803465753e-02,-8.959653316536650425e-02,-2.353844901511181753e-02,1.482836157119914455e+00
2.530000000000000249e+00,-7.525894168920577165e-02,-7.525886800121832365e-02,-7.525157291450593200e-02,-7.452230576782351013e-02,-4.247746339912594760e-03,1.523175231844782207e+00
2.540000000000000036e+00,-6.010555611408198440e-02,-6.010547785932960491e-02,-6.009773066586354684e-02,-5.932328169286439634e-02,1.517865044968796234e-02,1.563169003840599647e+00
2.550000000000000266e+00,-4.487861120913503449e-02,-4.487852838220734997e-02,-4.487032854644221191e-02,-4.405064662896560068e-02,3.466306934803624340e-02,1.602730627398105678e+00
2.560000000000000053e+00,-2.962422493958745059e-02,-2.962413756464131118e-02,-2.961548747841397447e-02,-2.875081448511966967e-02,5.412860603155884853e-02,1.641745618684187003e+00
2.569999999999999840e+00,-1.438588168381040033e-02,-1.438578981917318367e-02,-1.437669525734149023e-02,-1.346761159526976837e-02,7.349682439304258685e-02,1.680062337497828295e+00
2.580000000000000071e+00,7.933376113365975257e-04,7.934338683218133959e-04,8.029632687359677945e-04,1.755490768077710984e-03,9.268550603717518044e-02,1.717478608234109583e+00
2.589999999999999858e+00,1.586853655381487149e-02,1.586863706179425515e-02,1.587858730613653235e-02,1.687315589194213206e-02,1.116065424893356584e-01,1.753722847376039340e+00
2.600000000000000089e+00,3.079085370914746989e-02,3.079095827768282834e-02,3.080131051237045003e-02,3.183603146516056359e-02,1.301640671688939488e-01,1.788427595982176488e+00
2.609999999999999876e+00,4.550543960507469343e-02,4.550554798967015868e-02,4.551627800932939172e-02,4.658872747476960896e-02,1.482529248527246490e-01,1.821093248146458343e+00
2.620000000000000107e+00,5.994961889756927897e-02,5.994973079496834778e-02,5.996080857689645160e-02,6.106798117864714603e-02,1.657575796559271342e-01,1.851041199633370882e+00
2.629999999999999893e+00,7.405129813514832460e-02,7.405141317914848420e-02,7.406280246881991047e-02,7.520107008351190059e-02,1.825515581109533603e-01,1.877361540148687835e+00
2.640000000000000124e+00,8.772768118630286382e-02,8.772779894437132686e-02,8.773945692102580463e-02,8.890453552695126715e-02,1.984975167879415303e-01,1.898876350544095759e+00
2.649999999999999911e+00,1.008843582735743927e-01,1.008844782446270405e-01,1.008963553008313530e-01,1.020832832981246052e-01,2.134480081582027511e-01,1.914170211859272497e+00
2.660000000000000142e+00,1.134148342138582288e-01,1.134149558275659997e-01,1.134269955008394004e-01,1.146301273144191279e-01,2.272469941381240477e-01,1.921768260585081434e+00
2.669999999999999929e+00,1.252005604710844100e-01,1.252006830891281286e-01,1.252128221860976387e-01,1.264258411957961403e-01,2.397321199894347221e-01,1.920499540395766758e+00
2.680000000000000160e+00,1.361115303724247383e-01,1.361116532920998434e-01,1.361238222455900537e-01,1.373397770729976042e-01,2.507377157034982318e-01,1.909904722686373457e+00
2.689999999999999947e+00,1.460074851024925069e-01,1.460076075630385439e-01,1.460197310585811259e-01,1.472310988368206175e-01,2.600984361897453745e-01,1.890393682574859291e+00
2.700000000000000178e+00,1.547397600048625588e-01,1.547398811967912735e-01,1.547518790963082758e-01,1.559506584640832916e-01,2.676533926451186707e-01,1.863027794541951554e+00
2.709999999999999964e+00,1.621537736390944451e-01,1.621538927166632504e-01,1.621656812932980030e-01,1.633435164596545031e-01,2.732505687735964361e-01,1.829131237096550455e+00
2.720000000000000195e+00,1.680921267503960870e-01,1.680922428471584018e-01,1.681037363249991978e-01,1.692520715194518743e-01,2.767512671279468428e-01,1.789987698752019352e+00
2.729999999999999982e+00,1.723982350850473688e-01,1.723983473321766269e-01,1.724094596999216078e-01,1.735197208400814928e-01,2.780343025466598395e-01,1.746699538282736608e+00
2.740000000000000213e+00,1.749203710331352912e-01,1.749204785799064465e-01,1.749311256190776431e-01,1.759949231852750984e-01,2.769996536692506117e-01,1.700160523949973745e+00
2.750000000000000000e+00,1.755159414638117754e-01,1.755160434993642271e-01,1.755261449385537853e-01,1.765354891366873735e-01,2.735713115241916737e-01,1.651079084562941723e+00
2.760000000000000231e+00,1.740557844561824163e-01,1.740558802314038367e-01,1.740653619126356633e-01,1.750128786898533795e-01,2.676991191489824784e-01,1.600014736632111800e+00
2.770000000000000018e+00,1.704282374919661169e-01,1.704283263401584758e-01,1.704371222648453088e-01,1.713162569109754063e-01,2.593594771351463990e-01,1.547412177531599209e+00
2.780000000000000249e+00,1.645427193435248236e-01,1.645428006984617220e-01,1.645508548149613448e-01,1.653560493763448491e-01,2.485548856283819052e-01,1.493628615021219463e+00
2.790000000000000036e+00,1.563325810148065154e-01,1.563326544248668792e-01,1.563399220274025447e-01,1.570667535814459503e-01,2.353123881829802810e-01,1.438954220877620038e+00
2.800000000000000266e+00,1.457570229664167938e-01,1.457570881037200117e-01,1.457635367368138590e-01,1.464088060517263479e-01,2.196810695136551805e-01,1.383626857401965227e+00
2.810000000000000053e+00,1.328019411769122415e-01,1.328019978407708468e-01,1.328076076406728978e-01,1.333693715090976672e-01,2.017288215926119621e-01,1.327842347812988155e+00
2.819999999999999840e+00,1.174796481500759437e-01,1.174796962645359155e-01,1.174844597156818882e-01,1.179620049144569638e-01,1.815386264493390467e-01,1.271761349894135140e+00
2.830000000000000071e+00,9.982750568886245013e-02,9.982754529461745907e-02,9.983146642891016498e-02,1.002252282231425040e-01,1.592046109589131397e-01,1.215513640923263416e+00
2.839999999999999858e+00,7.990559219283777104e-02,7.990562343424389979e-02,7.990871654539177804e-02,8.022014906999974659e-02,1.348281075090548287e-01,1.159200418807391220e+00
2.850000000000000089e+00,5.779359671758121930e-02,5.779361982586128654e-02,5.779590780674148665e-02,5.802731718428599805e-02,1.085139164349174790e-01,1.102895090006606127e+00
2.859999999999999876e+00,3.358717756642737307e-02,3.358719284036981723e-02,3.358870527182034049e-02,3.374305832276158768e-02,8.036691693056030594e-02,1.046642938156096214e+00
2.870000000000000107e+00,7.394040650010258453e-03,7.394048435494293692e-03,7.394819559697451972e-03,7.475541387563122697e-03,5.048912068722322122e-02,9.904600438119632866e-01
2.879999999999999893e+00,-2.067001770754928192e-02,-2.067001703792514800e-02,-2.066995033430019113e-02,-2.065917743624834380e-02,1.897721764985238480e-02,9.343318318163517100e-01
2.890000000000000124e+00,-5.048488944712525850e-02,-5.048489551325996416e-02,-5.048549560148440918e-02,-5.054092154806422155e-02,-1.407937605317211016e-02,8.782116512917420570e-01
2.899999999999999911e+00,-8.192958749483703063e-02,-8.192959992638915168e-02,-8.193083014457958058e-02,-8.204880695216532072e-02,-4.859998367081352910e-02,8.220198211169269520e-01
2.910000000000000142e+00,-1.148852166917330164e-01,-1.148852351429140439e-01,-1.148870612601071706e-01,-1.150641884004315330e-01,-8.451367047663471688e-02,7.656435851192657793e-01
2.919999999999999929e+00,-1.492374179283052493e-01,-1.492374420899371668e-01,-1.492398335001817733e-01,-1.494730762774957311e-01,-1.217598044340781893e-01,7.089383948199046159e-01
2.930000000000000160e+00,-1.848782638434873782e-01,-1.848782934522957833e-01,-1.848812240941506424e-01,-1.851680046443052730e-01,-1.602881671903956251e-01,6.517308608868810360e-01
2.939999999999999947e+00,-2.217076176133152554e-01,-2.217076524585436248e-01,-2.217111014702528582e-01,-2.220493634397737726e-01,-2.000585499938096756e-01,5.938235798266690013e-01
2.950000000000000178e+00,-2.596339873791263519e-01,-2.596340273066694015e-01,-2.596379794347702941e-01,-2.600262281257642583e-01,-2.410396645690726647e-01,5.350018516184640305e-01
2.959999999999999964e+00,-2.985749163837365661e-01,-2.985749612979426981e-01,-2.985794070760807717e-01,-2.990167267150558583e-01,-2.832070073568321300e-01,4.750420754026842829e-01
2.970000000000000195e+00,-3.384569446673145743e-01,-3.384569945305571093e-01,-3.384619302368805371e-01,-3.389479791582120649e-01,-3.265389613735781849e-01,4.137213797510953528e-01
2.979999999999999982e+00,-3.792151596647553857e-01,-3.792152144946627779e-01,-3.792206418771812970e-01,-3.797556244736574049e-01,-3.710097672776327959e-01,3.508278372435468251e-01
2.990000000000000213e+00,-4.207923191396866214e-01,-4.207923790035781320e-01,-4.207983047296521284e-01,-4.213829156437688961e-01,-4.165767601092471573e-01,2.861704848503651144e-01
3.000000000000000000e+00,-4.631374740678546043e-01,-4.631375390734116526e-01,-4.631439738060849076e-01,-4.637793043921635272e-01,-4.631569807641511827e-01,2.195883411029593280e-01
3.010000000000000231e+00,-5.062039301109262368e-01,-5.062040003911983943e-01,-5.062109573044648592e-01,-5.068983451585593603e-01,-5.105842732576841847e-01,1.509576979001907571e-01
3.020000000000000018e+00,-5.499462405600816783e-01,-5.499463162494024893e-01,-5.499538086432362860e-01,-5.506945955611375343e-01,-5.585322723663673772e-01,8.019715884157418984e-02
3.030000000000000249e+00,-5.943156801601217065e-01,-5.943157613548017970e-01,-5.943237987641245557e-01,-5.951189352323347226e-01,-6.063861232204001972e-01,7.270168695620138344e-03
3.040000000000000036e+00,-6.392532292971033758e-01,-6.392533159901588879e-01,-6.392618977204150843e-01,-6.401112848629766372e-01,-6.530690451612497505e-01,-6.781491263123018420e-02
3.050000000000000266e+00,-6.846783705035113243e-01,-6.846784624741281133e-01,-6.846875666573581931e-01,-6.855889407243684897e-01,-6.969307691570625352e-01,-1.450068410174421007e-01
3.060000000000000053e+00,-7.304707187023805615e-01,-7.304708153262939874e-01,-7.304803801439619937e-01,-7.314273966407560668e-01,-7.359669829024695353e-01,-2.242150207658992755e-01
3.070000000000000284e+00,-7.764393640012914322e-01,-7.764394639235974171e-01,-7.764493552092426309e-01,-7.774282819423574686e-01,-7.685101614833385053e-01,-3.053137471191101904e-01
3.080000000000000071e+00,-8.222715633870899543e-01,-8.222716639649194637e-01,-8.222816200173930223e-01,-8.232657082354750688e-01,-7.938847620670551608e-01,-3.881462312425471572e-01
3.089999999999999858e+00,-8.674491986550312284e-01,-8.674492950568584160e-01,-8.674588374570526561e-01,-8.683992567513232341e-01,-8.123990921908232909e-01,-4.725273581809912860e-01
3.100000000000000089e+00,-9.111250469062586177e-01,-9.111251308591374887e-01,-9.111334404390365460e-01,-9.119468029184027991e-01,-8.248722903826478658e-01,-5.582439528687934693e-01
3.109999999999999876e+00,-9.519841639272850209e-01,-9.519842226403778529e-01,-9.519900329483532708e-01,-9.525481258491285130e-01,-8.322192503887689830e-01,-6.450509844579113139e-01
3.120000000000000107e+00,-9.882157728890217374e-01,-9.882157898961312359e-01,-9.882174707439594918e-01,-9.883569920273620468e-01,-8.352567194481386181e-01,-7.326614670852171773e-01
3.129999999999999893e+00,-1.017835129600729971e+00,-1.017835089609347099e+00,-1.017831127294628990e+00,-1.017403352369267600e+00,-8.346541516595102905e-01,-8.207265509771611844e-01
3.140000000000000124e+00,-1.039398473374347986e+00,-1.039398369086213636e+00,-1.039388041559274001e+00,-1.038325544495346531e+00,-8.309432704387337276e-01,-9.088001106758981651e-01
3.149999999999999911e+00,-1.052569360243365448e+00,-1.052569194602990477e+00,-1.052552793759294669e+00,-1.050888570636081543e+00,-8.245430782494252986e-01,-9.962787746148231705e-01
3.160000000000000142e+00,-1.058003095287493700e+00,-1.058002877694636634e+00,-1.057981334248355942e+00,-1.055809761577021222e+00,-8.157845294095831257e-01,-1.082304716429875358e+00
3.169999999999999929e+00,-1.056815970611272082e+00,-1.056815712095409587e+00,-1.056790117923876782e+00,-1.054219942160273149e+00,-8.049306802078782797e-01,-1.165620695567654241e+00
3.180000000000000160e+00,-1.050155457221773503e+00,-1.050155167760147945e+00,-1.050126510503350596e+00,-1.047255422648458056e+00,-7.921920974372790303e-01,-1.244396648011467876e+00
3.189999999999999947e+00,-1.039013122309471404e+00,-1.039012810034761314e+00,-1.038981894717110110e+00,-1.035889297049123803e+00,-7.777383656478167318e-01,-1.316150646107670852e+00
3.200000000000000178e+00,-1.024189143485120468e+00,-1.024188814759110722e+00,-1.024156271103674021e+00,-1.020904209508827876e+00,-7.617066348136457554e-01,-1.378055813715135081e+00
3.209999999999999964e+00,-1.006314955181812687e+00,-1.006314614917861228e+00,-1.006280929273351665e+00,-1.002917309921264710e+00,-7.442079906222066610e-01,-1.427831915987529898e+00
3.220000000000000195e+00,-9.858884230523159431e-01,-9.858880750445780938e-01,-9.858536229755728852e-01,-9.824154405401207546e-01,-7.253322420190535524e-01,-1.464685855210485332e+00
3.229999999999999982e+00,-9.633057720106628086e-01,-9.633054192029686380e-01,-9.632704921047507973e-01,-9.597864522485745065e-01,-7.051515613758467804e-01,-1.489378432618606585e+00
3.240000000000000213e+00,-9.388867568787107043e-01,-9.388864015679656561e-01,-9.388512267997987104e-01,-9.353437260561396904e-01,-6.837232957663418320e-01,-1.503495475715985519e+00
3.250000000000000000e+00,-9.128935311096786354e-01,-9.128931750954167867e-01,-9.128579307839084223e-01,-9.093445112755353943e-01,-6.610921824605826558e-01,-1.508732163374777890e+00
3.260000000000000231e+00,-8.855445641800724355e-01,-8.855442088734934991e-01,-8.855090347051312039e-01,-8.820034445377403776e-01,-6.372921440700878293e-01,-1.506552455612273578e+00
3.270000000000000018e+00,-8.570248955575281435e-01,-8.570245420609914344e-01,-8.569895471507888995e-01,-8.535025135552853914e-01,-6.123477973232112070e-01,-1.498117519684318610e+00
3.280000000000000249e+00,-8.274937361149120596e-01,-8.274933852800623324e-01,-8.274586539249151329e-01,-8.239984485741470577e-01,-5.862757811106107386e-01,-1.484321433823257319e+00
3.290000000000000036e+00,-7.970901527673719400e-01,-7.970898052377557441e-01,-7.970554011347436019e-01,-7.936282545966339974e-01,-5.590859904135706548e-01,-1.465850129651878886e+00
3.300000000000000266e+00,-7.659373617049932692e-01,-7.659370179472921869e-01,-7.659029872852620713e-01,-7.625133926756547664e-01,-5.307827867286820656e-01,-1.443234659199599479e+00
3.310000000000000053e+00,-7.341459979480389197e-01,-7.341456582748373538e-01,-7.341120319879015366e-01,-7.307629661529729814e-01,-5.013662426278510109e-01,-1.416892733922023861e+00
3.320000000000000284e+00,-7.018166201309572472e-01,-7.018162847171001140e-01,-7.017830801038401622e-01,-6.984761623467805602e-01,-4.708334666068079710e-01,-1.387159610279175004e+00
3.330000000000000071e+00,-6.690416314548219834e-01,-6.690413003488391297e-01,-6.690085222029475975e-01,-6.657441248773308118e-01,-4.391800389230467450e-01,-1.354310835948926872e+00
3.339999999999999858e+00,-6.359067444452375373e-01,-6.359064175768942562e-01,-6.358740589345905914e-01,-6.326513802737440129e-01,-4.064015697099258029e-01,-1.318579141192593340e+00
3.350000000000000089e+00,-6.024920781926368374e-01,-6.024917553774016277e-01,-6.024597979594958908e-01,-5.992769048281531008e-01,-3.724953724718206849e-01,-1.280167203482692084e+00
3.359999999999999876e+00,-5.688729503742482319e-01,-5.688726313152787650e-01,-5.688410457237407236e-01,-5.656948922091330489e-01,-3.374622156711137855e-01,-1.239257508125033214e+00
3.370000000000000107e+00,-5.351204078737055170e-01,-5.351200921618388673e-01,-5.350888378787821420e-01,-5.319752644940582975e-01,-3.013080898211923930e-01,-1.196020145039037974e+00
3.379999999999999893e+00,-5.013015274161867207e-01,-5.013012145283584076e-01,-5.012702397593067349e-01,-4.981839574444955621e-01,-2.640458991144689627e-01,-1.150619111589197052e+00
3.390000000000000124e+00,-4.674795104039375371e-01,-4.674791997004233979e-01,-4.674484411015362162e-01,-4.643830040036647788e-01,-2.256969651145328548e-01,-1.103217501377088183e+00
3.399999999999999911e+00,-4.337135937027464805e-01,-4.337132844236459839e-01,-4.336826667534204316e-01,-4.306304378800600019e-01,-1.862922198612568248e-01,-1.053981830244365980e+00
3.410000000000000142e+00,-4.000587985690964854e-01,-4.000584898304984094e-01,-4.000279255703385606e-01,-3.969800397893276656e-01,-1.458729716878838789e-01,-1.003085661991395039e+00
3.419999999999999929e+00,-3.665655443428871285e-01,-3.665652351332197023e-01,-3.665346241262394944e-01,-3.634809534920337981e-01,-1.044911522585721952e-01,-9.507126352102058808e-01
3.430000000000000160e+00,-3.332791600526457954e-01,-3.332788492297695804e-01,-3.332480783931988100e-01,-3.301772053627303194e-01,-6.220899681788905067e-02,-8.970589579275713987e-01
3.439999999999999947e+00,-3.002393349365349851e-01,-3.002390212261890623e-01,-3.002079643975825718e-01,-2.971071689623768775e-01,-1.909816587542728650e-02,-8.423354114464347564e-01
3.450000000000000178e+00,-2.674795569213197499e-01,-2.674792389175471019e-01,-2.674477568975468511e-01,-2.643030238806129972e-01,2.476162375589929798e-02,-7.867688977776813308e-01
3.459999999999999964e+00,-2.350265938810053301e-01,-2.350262700491890788e-01,-2.349942109021885273e-01,-2.317902634758135516e-01,6.928433862342825433e-02,-7.306035617850785702e-01
3.470000000000000195e+00,-2.029000755043322002e-01,-2.028997441873761076e-01,-2.028669438540146031e-01,-1.995873085493504728e-01,1.143795844188809085e-01,-6.741015284294391563e-01
3.479999999999999982e+00,-1.711122303363509234e-01,-1.711118897644231529e-01,-1.710781730262940226e-01,-1.677052800869488491e-01,1.599546118632297897e-01,-6.175432977825020542e-01
3.490000000000000213e+00,-1.396678241378551677e-01,-1.396674724418867086e-01,-1.396326542583805619e-01,-1.361479751014873507e-01,2.059162185493521036e-01,-5.612278502588435858e-01
3.500000000000000000e+00,-1.085643310092669900e-01,-1.085639662381480131e-01,-1.085278534494845681e-01,-1.049120743777981479e-01,2.521724232434396917e-01,-5.054725138399354112e-01
3.510000000000000231e+00,-7.779234911003640729e-02,-7.779196925116727002e-02,-7.775436261280077588e-02,-7.398759102625529493e-02,2.986338302891062835e-01,-4.506126365935040345e-01
3.520000000000000018e+00,-4.733625108721473129e-02,-4.733585408975515829e-02,-4.729655057459625223e-02,-4.335854708422914872e-02,3.452146450940436484e-01,-3.970010880098362449e-01
3.530000000000000249e+00,-1.717503792660057815e-02,-1.717462172653994035e-02,-1.713341700688209013e-02,-1.300384445227087404e-02,3.918333400359039209e-01,-3.450075774249107829e-01
3.540000000000000036e+00,1.271665284497380810e-02,1.271709029899381616e-02,1.276039929506456172e-02,1.710172055052339157e-02,4.384129990805054056e-01,-2.950177284955466384e-01
3.550000000000000266e+00,4.236744555591431816e-02,4.236790627715547597e-02,4.241351884698774111e-02,4.698636054984228760e-02,4.848813875949603558e-01,-2.474317855780041597e-01
3.560000000000000053e+00,7.180809687577949241e-02,7.180858281543744948e-02,7.185669210911338478e-02,7.668018343210258880e-02,5.311708019547024540e-01,-2.026627550099399100e-01
3.570000000000000284e+00,1.010704010324380286e-01,1.010709140581010912e-01,1.011217049459522954e-01,1.062141227022831425e-01,5.772177536631570849e-01,-1.611337103985411856e-01
3.580000000000000071e+00,1.301861834684548969e-01,1.301867253457184015e-01,1.302403725986422955e-01,1.356189633620746848e-01,6.229625374253038306e-01,-1.232739265912903281e-01
3.589999999999999858e+00,1.591864232885323860e-01,1.591869956662341767e-01,1.592436624949107316e-01,1.649245009536811635e-01,6.683487243261825306e-01,-8.951347046546520581e-02
3.600000000000000089e+00,1.881005297672132537e-01,1.881011341664979852e-01,1.881609711384027994e-01,1.941588562848007848e-01,7.133226117830937518e-01,-6.027588672164330141e-02
3.609999999999999876e+00,2.169557831889744604e-01,2.169564209960969103e-01,2.170195653239505029e-01,2.233479535953626360e-01,7.578326527340211172e-01,-3.596870539854013504e-02
3.620000000000000107e+00,2.457769373985738692e-01,2.457776098611862414e-01,2.458441850357977465e-01,2.525151574953102829e-01,8.018288780058397958e-01,-1.697168072070631695e-02
3.629999999999999893e+00,2.745859714155421405e-01,2.745866796420400879e-01,2.746567953675850271e-01,2.816810545786365139e-01,8.452623188061223480e-01,-3.622970589066243363e-03
3.640000000000000124e+00,3.034019706456047571e-01,3.034027156070016051e-01,3.034764679872722359e-01,3.108633593735326550e-01,8.880844301607433433e-01,3.796128980990243207e-03
3.649999999999999911e+00,3.322411150009063618e-01,3.322418975346969061e-01,3.323193694558029265e-01,3.400769216404460060e-01,9.302465112859268359e-01,5.076811370899547704e-03
3.660000000000000142e+00,3.611167501115314371e-01,3.611175709270036394e-01,3.611988325827861224e-01,3.693338113559749836e-01,9.716991147261265782e-01,9.722111643517550306e-05
3.669999999999999929e+00,3.900395189143041619e-01,3.900403785987660576e-01,3.901254881080815085e-01,3.986434590088200891e-01,1.012391432367616417e+00,-1.116607168137551120e-02
3.680000000000000160e+00,4.190175336242077386e-01,4.190184326497239375e-01,4.191074367229262743e-01,4.280128320027967725e-01,1.052270642937921385e+00,-2.863141437568750280e-02
3.689999999999999947e+00,4.480565707246164098e-01,4.480575094548543968e-01,4.481504440717739013e-01,4.574466303797311562e-01,1.091281201258905487e+00,-5.211168861107373651e-02
3.700000000000000178e+00,4.771602753194895130e-01,4.771612540163921445e-01,4.772581450867665054e-01,4.869474890227272201e-01,1.129364045565985464e+00,-8.132090674935388286e-02
3.709999999999999964e+00,5.063303639060323658e-01,5.063313827360720332e-01,5.064322467189402710e-01,5.165161760293958126e-01,1.166455692960686852e+00,-1.158874905078536299e-01
3.720000000000000195e+00,5.355668179964807596e-01,5.355678770363466734e-01,5.356727215025585132e-01,5.461517803519887471e-01,1.202487184759988947e+00,-1.553729141731302610e-01
3.729999999999999982e+00,5.648680628798479209e-01,5.648691621214279035e-01,5.649779862469177516e-01,5.758518834361147087e-01,1.237382834947807986e+00,-1.992936157439594291e-01
3.740000000000000213e+00,5.942311281268064516e-01,5.942322674814052297e-01,5.943450624643847879e-01,6.056127119384834279e-01,1.271058718772821727e+00,-2.471437353894330169e-01
3.750000000000000000e+00,6.236517878062332043e-01,6.236529671079678039e-01,6.237697165056746984e-01,6.354292697734762463e-01,1.303420822118172451e+00,-2.984163789334438599e-01
3.760000000000000231e+00,6.531246795255880588e-01,6.531258985339684076e-01,6.532465785177088424e-01,6.652954488794418086e-01,1.334362741938446728e+00,-3.526216370753535445e-01
3.770000000000000018e+00,6.826434022312021233e-01,6.826446606328953060e-01,6.827692401616766160e-01,6.952041188120769988e-01,1.363762798642748741e+00,-4.093003225216160779e-01
3.780000000000000249e+00,7.122005932675229412e-01,7.122018906772850100e-01,7.123303315916221790e-01,7.251471957706046023e-01,1.391480365107600203e+00,-4.680331252329738012e-01
3.790000000000000036e+00,7.417879854858606681e-01,7.417893214467224938e-01,7.419215784852928319e-01,7.551156919631033526e-01,1.417351156583985805e+00,-5.284454752696486901e-01
3.800000000000000266e+00,7.713964454493472678e-01,7.713978194320235682e-01,7.715338401741747010e-01,7.850997463816994371e-01,1.441181135576189210e+00,-5.902087769586928934e-01
3.810000000000000053e+00,8.010159938490692966e-01,8.010174052506677800e-01,8.011571299881641295e-01,8.150886381337966169e-01,1.462738578455478944e+00,-6.530388369900619328e-01
3.820000000000000284e+00,8.306358092248219416e-01,8.306372573668715509e-01,8.307806189083523085e-01,8.450707834377576555e-01,1.481743733222227632e+00,-7.166922992592577035e-01
3.830000000000000071e+00,8.602442160980057206e-01,8.602457002238353967e-01,8.603926236353652834e-01,8.750337173689212156e-01,1.497855415632656007e+00,-7.809617787444103065e-01
3.839999999999999858e+00,8.898286585153194483e-01,8.898301777868276030e-01,8.899805800719807758e-01,9.049640613582473625e-01,1.510653980805751750e+00,-8.456702116704374328e-01
3.850000000000000089e+00,9.193756599384553807e-01,9.193772134322961698e-01,9.195310031546446439e-01,9.348474773246484570e-01,1.519620714148333995e+00,-9.106647439882787909e-01
3.859999999999999876e+00,9.488707702908630859e-01,9.488723569940817892e-01,9.490294338450326883e-01,9.646686092454233030e-01,1.524115624820388648e+00,-9.758102859335977541e-01
3.870000000000000107e+00,9.782985008940640048e-01,9.783001196992066051e-01,9.784603740135962013e-01,9.944110128498417911e-01,1.523360570108266643e+00,-1.040982662249364088e+00
3.879999999999999893e+00,1.007642247967150073e+00,1.007643897666862909e+00,1.007807209888373023e+00,1.024057074052780347e+00,1.516445191544985693e+00,-1.106061078199762848e+00
3.890000000000000124e+00,1.036884205116615387e+00,1.036885884397749535e+00,1.037052124495125405e+00,1.053587916459934881e+00,1.502390214527287826e+00,-1.170919354892814512e+00
3.899999999999999911e+00,1.066005265283914927e+00,1.066006972721149637e+00,1.066175999556659093e+00,1.082983298446644760e+00,1.480314595892415097e+00,-1.235415015348841017e+00
3.910000000000000142e+00,1.094984912605657890e+00,1.094986646654633411e+00,1.095158307304484158e+00,1.112221500028457433e+00,1.449718479191889120e+00,-1.299374723053243974e+00
3.919999999999999929e+00,1.123801103970079707e+00,1.123802862960022297e+00,1.123976991984087626e+00,1.141279199187280824e+00,1.410771292846595415e+00,-1.362573622027441811e+00
3.930000000000000160e+00,1.152430140747230158e+00,1.152431922873073278e+00,1.152608341534649972e+00,1.170131338314508440e+00,1.364380055519233359e+00,-1.424704539491630451e+00
3.939999999999999947e+00,1.180846530813432382e+00,1.180848334127369448e+00,1.181026849556853886e+00,1.198750980214049022e+00,1.311935524382572993e+00,-1.485330428124129298e+00
3.950000000000000178e+00,1.209022839548230310e+00,1.209024661950602653e+00,1.209205066242476700e+00,1.227109151970657619e+00,1.254921079042309096e+00,-1.543809600734436405e+00
3.959999999999999964e+00,1.236929529324525268e+00,1.236931368554011312e+00,1.237113437797078941e+00,1.255174677259169425e+00,1.194634214332875199e+00,-1.599179416702980028e+00
3.970000000000000195e+00,1.264534789041315221e+00,1.264536642664306321e+00,1.264720135887131836e+00,1.282913996406469970e+00,1.132090537373572126e+00,-1.649987659086432856e+00
3.979999999999999982e+00,1.291804348724575391e+00,1.291806214123464081e+00,1.291990872137045443e+00,1.310290969905564928e+00,1.068043028737617473e+00,-1.694099981535932997e+00
3.990000000000000213e+00,1.318701279613624822e+00,1.318703153973935560e+00,1.318888698095871170e+00,1.337266665435708157e+00,1.003040413435345446e+00,-1.728649333683709433e+00
4.000000000000000000e+00,1.345185777956895645e+00,1.345187658252934293e+00,1.345373788885610544e+00,1.363799125422312297e+00,9.374851313653979057e-01,-1.750521320470115771e+00
4.009999999999999787e+00,1.371214928023758217e+00,1.371216811002334612e+00,1.371403206021656773e+00,1.389843109154913714e+00,8.716786930325620686e-01,-1.757606198453932844e+00
4.020000000000000462e+00,1.396742438694274391e+00,1.396744320856149635e+00,1.396930633773629360e+00,1.415349805161206342e+00,8.058539380922481454e-01,-1.749937716995884518e+00
4.030000000000000249e+00,1.421718354027590614e+00,1.421720231606237617e+00,1.421906089464425982e+00,1.440266511079939749e+00,7.401969901579202871e-01,-1.729439312422026198e+00
4.040000000000000036e+00,1.446088725359259364e+00,1.446090594295911469e+00,1.446275595197567654e+00,1.464536266663139852e+00,6.748618379254434085e-01,-1.698715338649726014e+00
4.049999999999999822e+00,1.469795238346807587e+00,1.469797094261255488e+00,1.469980804475928604e+00,1.488097434198545788e+00,6.099798095366660844e-01,-1.660147914088621945e+00
4.060000000000000497e+00,1.492774786354113425e+00,1.492776624510148142e+00,1.492958575050643999e+00,1.510883213462292929e+00,5.456655259451751450e-01,-1.615608716657439103e+00
4.070000000000000284e+00,1.514958975248525963e+00,1.514960790512598798e+00,1.515140473039719105e+00,1.532821072890959035e+00,4.820204054534690807e-01,-1.566491345603751029e+00
4.080000000000000071e+00,1.536273540054799103e+00,1.536275326846344047e+00,1.536452188746865843e+00,1.553832077217322638e+00,4.191344449912113856e-01,-1.513825032812287974e+00
4.089999999999999858e+00,1.556637659394557227e+00,1.556639411626442593e+00,1.556812850114265068e+00,1.573830092991681529e+00,3.570867842504431011e-01,-1.458379870327286332e+00
4.099999999999999645e+00,1.575963138258559493e+00,1.575964849264645640e+00,1.576134204203033740e+00,1.592720833476927833e+00,2.959454244435152370e-01,-1.400745257898406093e+00
4.110000000000000320e+00,1.594153426904854953e+00,1.594155089352288002e+00,1.594319634564817179e+00,1.610400712290598557e+00,2.357663952772540705e-01,-1.341384640827748775e+00
4.120000000000000107e+00,1.611102440661427604e+00,1.611104046444036708e+00,1.611262979153058161e+00,1.626755459627553968e+00,1.765926184067797555e-01,-1.280673120049516944e+00
4.129999999999999893e+00,1.626693133339079056e+00,1.626694673447820927e+00,1.626847101438722021e+00,1.641658449368564199e+00,1.184526928889010344e-01,-1.218923452160877163e+00
4.139999999999999680e+00,1.640795771099021305e+00,1.640797235464772852e+00,1.640942161511948605e+00,1.654968677856931691e+00,6.135979685720205357e-02,-1.156404315206394084e+00
4.150000000000000355e+00,1.653265845963569403e+00,1.653267223267140151e+00,1.653403526311278737e+00,1.666528330664083013e+00,5.310892438294634310e-03,-1.093353409902810158e+00
4.160000000000000142e+00,1.663941564937690742e+00,1.663942842381952669e+00,1.664069254956299204e+00,1.676159877661545616e+00,-4.971361906167504063e-02,-1.029987066941694618e+00
4.169999999999999929e+00,1.672640856709030732e+00,1.672642019749268405e+00,1.672757101268800284e+00,1.683662657983341360e+00,-1.037496770310679661e-01,-9.665074390732446563e-01
4.179999999999999716e+00,1.679157864078264728e+00,1.679158896110372501e+00,1.679261001988768376e+00,1.688808973542664571e+00,-1.568487072179496344e-01,-9.031079676805212619e-01
4.190000000000000391e+00,1.683258956771583215e+00,1.683259838785797324e+00,1.683347086146492311e+00,1.691339834710707368e+00,-2.090761176974998969e-01,-8.399775563157627634e-01
4.200000000000000178e+00,1.684678442128281883e+00,1.684679152352510645e+00,1.684749384724619548e+00,1.690960749037507149e+00,-2.605091823056745470e-01,-7.773037052111615441e-01
4.209999999999999964e+00,1.683114430299333275e+00,1.683114943886951487e+00,1.683165700333772552e+00,1.687338397767766729e+00,-3.112343993070166848e-01,-7.152747374158417992e-01
4.219999999999999751e+00,1.678225816935249970e+00,1.678226105805896928e+00,1.678254605258034271e+00,1.680099814103753975e+00,-3.613444549743364265e-01,-6.540811602156351157e-01
4.230000000000000426e+00,1.669632192030202411e+00,1.669632225057062547e+00,1.669635385043570341e+00,1.668836840358557172e+00,-4.109349498456558170e-01,-5.939161471667956382e-01
4.240000000000000213e+00,1.656919730885695774e+00,1.656919474736981979e+00,1.656893995025043198e+00,1.653120076201818556e+00,-4.601010582790690528e-01,-5.349750979376191040e-01
4.250000000000000000e+00,1.639657580036131268e+00,1.639657001084461996e+00,1.639599553206073868e+00,1.632527532425326111e+00,-5.089342873409623547e-01,-4.774542338951996978e-01
4.259999999999999787e+00,1.617430041920206341e+00,1.617429109616271177e+00,1.617336671461724773e+00,1.606692009524159914e+00,-5.575194817054026641e-01,-4.215482193756731055e-01
4.270000000000000462e+00,1.589887971090848673e+00,1.589886662847847631e+00,1.589757002688771514e+00,1.575365208518385352e+00,-6.059321891141917771e-01,-3.674468632786144773e-01
4.280000000000000249e+00,1.556815565915658173e+00,1.556813872698879830e+00,1.556646102455720992e+00,1.538484838738962912e+00,-6.542364615895002178e-01,-3.153310385310781339e-01
4.290000000000000036e+00,1.518196065910287551e+00,1.518193996629138010e+00,1.517989005670912217e+00,1.496219186357173214e+00,-7.024831246882901059e-01,-2.653680521300421091e-01
4.299999999999999822e+00,1.474249149585752594e+00,1.474246732008427152e+00,1.474007275969572150e+00,1.448964386147309824e+00,-7.507085041568803963e-01,-2.177067796505448571e-01
4.310000000000000497e+00,1.425417311115628305e+00,1.425414588305511376e+00,1.425144934684446696e+00,1.397289856050295764e+00,-7.989335644203545694e-01,-1.724729306231276293e-01
4.320000000000000284e+00,1.372302038467535956e+00,1.372299062080348797e+00,1.372004326039152344e+00,1.341853898823124336e+00,-8.471633805718808974e-01,-1.297648198883800674e-01
4.330000000000000071e+00,1.315576162481512323e+00,1.315572985680050433e+00,1.315258429090782055e+00,1.283322076265573486e+00,-8.953868437217195053e-01,-8.964998313371919103e-02
4.339999999999999858e+00,1.255904938953955163e+00,1.255901611156840403e+00,1.255572123758023295e+00,1.222310311812211392e+00,-9.435764836840819791e-01,-5.216289987530697836e-02
4.350000000000000533e+00,1.193894616152866739e+00,1.193891180292170340e+00,1.193551009160303877e+00,1.159356921552513686e+00,-9.916882811847956836e-01,-1.730398958408663201e-02
4.360000000000000320e+00,1.130069613783400762e+00,1.130066105585613156e+00,1.129718784575550083e+00,1.094916501987225121e+00,-1.039661334056918296e+00,1.496005754514873054e-02
4.370000000000000107e+00,1.064869889988911966e+00,1.064866338442572502e+00,1.064514734774764548e+00,1.029366117208482700e+00,-1.087417232433959713e+00,4.469465175816356162e-02
4.379999999999999893e+00,9.986589489554813515e-01,9.986553772784564353e-01,9.983017873706092615e-01,9.630164332604173039e-01,-1.134858985463810477e+00,7.199449854836659224e-02
4.389999999999999680e+00,9.317356575309293509e-01,9.317320842247767132e-01,9.313783380370453946e-01,8.961235207947857440e-01,-1.181869320165654047e+00,9.697980841099307359e-02
4.400000000000000355e+00,8.643461043885983797e-01,8.643425441861946057e-01,8.639900989611790649e-01,8.288993576413424824e-01,-1.228308144523060808e+00,1.197917656635600903e-01
4.410000000000000142e+00,7.966938806091057312e-01,7.966903452518413475e-01,7.963403623726463820e-01,7.615204077286253925e-01,-1.274008917835664390e+00,1.405875355762049583e-01
4.419999999999999929e+00,7.289483523765430961e-01,7.289448512209392161e-01,7.285982561966534155e-01,6.941343065978363702e-01,-1.318773619644589168e+00,1.595351026529013838e-01
4.429999999999999716e+00,6.612510504483505303e-01,6.612475909274837527e-01,6.609051190179004998e-01,6.268649439310747251e-01,-1.362365946615622825e+00,1.768082239949467782e-01
4.440000000000000391e+00,5.937205055703235201e-01,5.937170935417527273e-01,5.933793241591278633e-01,5.598162991304248548e-01,-1.404502338004339768e+00,1.925817487633718628e-01
4.450000000000000178e+00,5.264558971291597445e-01,5.264525371393373732e-01,5.261199199950516991e-01,4.930753678041057131e-01,-1.444840509472603785e+00,2.070275022117712416e-01
4.459999999999999964e+00,4.595398513984014777e-01,4.595365468890595939e-01,4.592094224048692830e-01,4.267144688084720805e-01,-1.482965552471642523e+00,2.203108671184488276e-01
4.469999999999999751e+00,3.930406724026534460e-01,3.930374258796043296e-01,3.927160418864654168e-01,3.607931670156055981e-01,-1.518374735327810976e+00,2.325881261158478930e-01
4.480000000000000426e+00,3.270142320702945637e-01,3.270110452504916276e-01,3.266955715381091307e-01,2.953599953541752310e-01,-1.550464681415538948e+00,2.440045640447685571e-01
4.490000000000000213e+00,2.615056942348329971e-01,2.615025681833987314e-01,2.611931100626108671e-01,2.304541133753407744e-01,-1.578529685701963059e+00,2.546932775180912323e-01
4.500000000000000000e+00,1.965512011732175601e-01,1.965481364388302343e-01,1.962447481432255114e-01,1.661070000749838016e-01,-1.601788003344822187e+00,2.647746024989586777e-01
4.509999999999999787e+00,1.321796119796910807e-01,1.321766087338252516e-01,1.318793072037118264e-01,1.023442440870393488e-01,-1.619460180478687228e+00,2.743560508682649779e-01
4.520000000000000462e+00,6.841434900224507842e-02,6.841140718556271150e-02,6.812018656225982127e-02,3.918746847581378034e-02,-1.630915679054715017e+00,2.835326417239643071e-01
4.530000000000000249e+00,5.275383006683953546e-03,5.272502484112207011e-03,4.987349462533929856e-03,-2.334359565151777893e-02,-1.635860623722046103e+00,2.923875182055685196e-01
4.540000000000000036e+00,-5.721863284877237721e-02,-5.722145212379448065e-02,-5.750054203295440480e-02,-8.522888401481176768e-02,-1.634472736984258212e+00,3.009927539081145298e-01
4.549999999999999822e+00,-1.190480815905839429e-01,-1.190508394029534678e-01,-1.193238447310659978e-01,-1.464456295093399252e-01,-1.627380834532902387e+00,3.094102684050723528e-01
4.560000000000000497e+00,-1.801899589314192029e-01,-1.801926546223441283e-01,-1.804595099209606035e-01,-2.069658510741771429e-01,-1.615490028132806399e+00,3.176927892561378641e-01
4.570000000000000284e+00,-2.406153148905664230e-01,-2.406179471668068448e-01,-2.408785241225241958e-01,-2.667537057607768936e-01,-1.599764982134042723e+00,3.258848132120375496e-01
4.580000000000000071e+00,-3.002865578996145035e-01,-3.002891246331153563e-01,-3.005432122300460418e-01,-3.257626936180731403e-01,-1.581077050292717168e+00,3.340235338924603115e-01
4.589999999999999858e+00,-3.591546120339028092e-01,-3.591571100505927538e-01,-3.594043936590725075e-01,-3.839327031023466175e-01,-1.560140491029184950e+00,3.421397147055288412e-01
4.600000000000000533e+00,-4.171559114507493726e-01,-4.171583363071429407e-01,-4.173983755671291096e-01,-4.411868838358860012e-01,-1.537509549761272076e+00,3.502584942834640058e-01
4.610000000000000320e+00,-4.742092190124420625e-01,-4.742115647599364769e-01,-4.744437702442070304e-01,-4.974283552411953857e-01,-1.513602294642000246e+00,3.584001191232297767e-01
4.620000000000000107e+00,-5.302122842380438961e-01,-5.302145431787494978e-01,-5.304381522229345558e-01,-5.525368220549203846e-01,-1.488730238960501495e+00,3.665806024075746183e-01
4.629999999999999893e+00,-5.850384293946901959e-01,-5.850405918417177498e-01,-5.852546448241181531e-01,-6.063653051544276584e-01,-1.463124819485196015e+00,3.748123113235126702e-01
4.639999999999999680e+00,-6.385333117570632933e-01,-6.385353658302250768e-01,-6.387386859735750821e-01,-6.587374622224608789e-01,-1.436958343709245467e+00,3.831044873134130668e-01
4.650000000000000355e+00,-6.905124109839095858e-01,-6.905143425040007887e-01,-6.907055254696203850e-01,-7.094464365765045244e-01,-1.410359680735204124e+00,3.914637046105846618e-01
4.660000000000000142e+00,-7.407603051194381338e-01,-7.407620977162596709e-01,-7.409395224155114201e-01,-7.582568880622297947e-01,-1.383425735685802849e+00,3.998942730947528945e-01
4.669999999999999929e+00,-7.890335695318401177e-01,-7.890352051523026322e-01,-7.891970842477584736e-01,-8.049127607277845042e-01,-1.356229772099071695e+00,4.083985912524203954e-01
4.679999999999999716e+00,-8.350700478020433026e-01,-8.350715078725593488e-01,-8.352160031498309101e-01,-8.491540029176107840e-01,-1.328827451545764760e+00,4.169774555295620022e-01
4.690000000000000391e+00,-8.786077689659419487e-01,-8.786090364574823397e-01,-8.787344636181571023e-01,-8.907447854276963062e-01,-1.301261241707614591e+00,4.256303305430424455e-01
4.700000000000000178e+00,-9.194156795425221240e-01,-9.194167419761336557e-01,-9.195218684446204715e-01,-9.295121167638999982e-01,-1.273563661521423862e+00,4.343555861042709410e-01
4.709999999999999964e+00,-9.573339759901875468e-01,-9.573348288957721497e-01,-9.574192161448950023e-01,-9.653865299857624649e-01,-1.245759696608495615e+00,4.431507040596985303e-01
4.719999999999999751e+00,-9.923140933049305890e-01,-9.923147429615397641e-01,-9.923790171377411262e-01,-9.984292509322112430e-01,-1.217868618771214884e+00,4.520124600123498482e-01
4.730000000000000426e+00,-1.024441897367283971e+00,-1.024442361409780622e+00,-1.024488272285600576e+00,-1.028830855828781532e+00,-1.189905375946970212e+00,4.609370831211516695e-01
4.740000000000000213e+00,-1.053930446301504009e+00,-1.053930751565931301e+00,-1.053960958220886646e+00,-1.056879023674337059e+00,-1.161881670026004620e+00,4.699203949405537095e-01
4.750000000000000000e+00,-1.081083019958512192e+00,-1.081083198388764544e+00,-1.081100863601787143e+00,-1.082909129739214382e+00,-1.133806806840531589e+00,4.789579323533962318e-01
4.759999999999999787e+00,-1.106242367460130716e+00,-1.106242451775421021e+00,-1.106250813449391135e+00,-1.107257342809478740e+00,-1.105688379001939614e+00,4.880450547359866387e-01
4.770000000000000462e+00,-1.129745468458696944e+00,-1.129745488944743581e+00,-1.129747543124000497e+00,-1.130228888365087947e+00,-1.077532826147848954e+00,4.971770376064477692e-01
4.780000000000000249e+00,-1.151894585971091622e+00,-1.151894568807869890e+00,-1.151892904769888926e+00,-1.152083349981868121e+00,-1.049345904171027355e+00,5.063491543079439161e-01
4.790000000000000036e+00,-1.172944943457986611e+00,-1.172944910286709996e+00,-1.172941668091234790e+00,-1.173032426443384901e+00,-1.021133088306975356e+00,5.155567464256678445e-01
4.799999999999999822e+00,-1.193103919762452447e+00,-1.193103887981616706e+00,-1.193100787978172761e+00,-1.193244424564547490e+00,-9.928999267447975452e-01,5.247952842043952515e-01
4.810000000000000497e+00,-1.212536180491809112e+00,-1.212536163864149419e+00,-1.212534566830770544e+00,-1.212851267854932358e+00,-9.646523582591002288e-01,5.340604176537228076e-01
4.820000000000000284e+00,-1.231370842924139897e+00,-1.231370852242842817e+00,-1.231371825319803825e+00,-1.231955661174432892e+00,-9.363970023706830181e-01,5.433480190439176072e-01
4.830000000000000071e+00,-1.249708571093933962e+00,-1.249708614788878958e+00,-1.249712991443334253e+00,-1.250637381760399514e+00,-9.081414291950007378e-01,5.526542173349482390e-01
4.839999999999999858e+00,-1.267627722152810499e+00,-1.267627806796059797e+00,-1.267636236809297934e+00,-1.268958408180299591e+00,-8.798944120983198669e-01,5.619754249865998030e-01
4.850000000000000533e+00,-1.285189327271310189e+00,-1.285189457979607042e+00,-1.285202447244426338e+00,-1.286966939495184814e+00,-8.516661654595896191e-01,5.713083579698051695e-01
4.860000000000000320e+00,-1.302440986379729049e+00,-1.302441167127138533e+00,-1.302459108555219514e+00,-1.304700479765783960e+00,-8.234685669684771447e-01,5.806500490918624635e-01
4.870000000000000107e+00,-1.319419857550292896e+00,-1.319420091407931928e+00,-1.319443288631328093e+00,-1.322188182637843434e+00,-7.953153631869654960e-01,5.899978553298788064e-01
4.879999999999999893e+00,-1.336154932884586088e+00,-1.336155222203575965e+00,-1.336183907661074644e+00,-1.339452630138022515e+00,-7.672223542699135868e-01,5.993494598377200333e-01
4.889999999999999680e+00,-1.352668769640509971e+00,-1.352669116191654641e+00,-1.352703464936612532e+00,-1.356511187554730657e+00,-7.392075530607389311e-01,6.087028687558726503e-01
4.900000000000000355e+00,-1.368978813099939407e+00,-1.368979218180836455e+00,-1.369019358471561087e+00,-1.373377044618295129e+00,-7.112913117486581172e-01,6.180564034848861077e-01
4.910000000000000142e+00,-1.385098416822179601e+00,-1.385098881340084187e+00,-1.385144902830923286e+00,-1.390060026376895408e+00,-6.834964081663399416e-01,6.274086895384978213e-01
4.919999999999999929e+00,-1.401037640156906239e+00,-1.401038164693556354e+00,-1.401090124845220997e+00,-1.406567235706373875e+00,-6.558480825144887838e-01,6.367586415740468242e-01
4.929999999999999716e+00,-1.416803882212356980e+00,-1.416804467075494234e+00,-1.416862396248942835e+00,-1.422903572948085893e+00,-6.283740144684220041e-01,6.461054458067212458e-01
4.940000000000000391e+00,-1.432402395986991817e+00,-1.432403041252028109e+00,-1.432466946828303112e+00,-1.439072165573372919e+00,-6.011042301064603022e-01,6.554485403323400128e-01
4.950000000000000178e+00,-1.447836713896511363e+00,-1.447837419440906492e+00,-1.447907289222044813e+00,-1.455074730974464048e+00,-5.740709282719529405e-01,6.647875934129433562e-01
4.959999999999999964e+00,-1.463109007387215499e+00,-1.463109772919417573e+00,-1.463185577988956432e+00,-1.470911889450510657e+00,-5.473082164502438562e-01,6.741224803140375421e-01
4.969999999999999751e+00,-1.478220396244118717e+00,-1.478221221328404500e+00,-1.478302918509818431e+00,-1.486583437748307812e+00,-5.208517478030996184e-01,6.834532598598899167e-01
4.980000000000000426e+00,-1.493171218678360557e+00,-1.493172102756462616e+00,-1.493259636752168218e+00,-1.502088590790730205e+00,-4.947382529025147191e-01,6.927801498378010070e-01
4.990000000000000213e+00,-1.507961268781166098e+00,-1.507962211191353097e+00,-1.508055516469546831e+00,-1.517426196352458678e+00,-4.690049636217471507e-01,7.021035024492884302e-01
5.000000000000000000e+00,-1.522590006435991183e+00,-1.522591006429987237e+00,-1.522690008899870051e+00,-1.532594924923355917e+00,-4.436889286271170074e-01,7.114237797587878998e-01
5.009999999999999787e+00,-1.537056742305280999e+00,-1.537057799063252572e+00,-1.537162417555619331e+00,-1.547593436103023468e+00,-4.188262260289150607e-01,7.207415293670961232e-01
5.020000000000000462e+00,-1.551360798764126914e+00,-1.551361911407873606e+00,-1.551472058981386848e+00,-1.562420522654853983e+00,-3.944510839077283171e-01,7.300573605388503973e-01
5.030000000000000249e+00,-1.565501648754761277e+00,-1.565502816359171101e+00,-1.565618401431992712e+00,-1.577075231563194402e+00,-3.705949221441489083e-01,7.393719209181973673e-01
5.040000000000000036e+00,-1.579479031667996081e+00,-1.579480253270725942e+00,-1.579601180579732311e+00,-1.591556962877888726e+00,-3.472853377119151652e-01,7.486858739360310322e-01
5.049999999999999822e+00,-1.593293047560252251e+00,-1.593294322169675148e+00,-1.593420493554783324e+00,-1.605865545209634426e+00,-3.245450565224257122e-01,7.579998769906499678e-01
5.060000000000000497e+00,-1.606944228703539146e+00,-1.606945555304790219e+00,-1.607076870306269001e+00,-1.620001289491469709e+00,-3.023908823950994806e-01,7.673145609479488094e-01
5.070000000000000284e+00,-1.620433590088933062e+00,-1.620434967648160196e+00,-1.620571323927181506e+00,-1.633965019845798228e+00,-2.808326745006795022e-01,7.766305104176685070e-01
5.080000000000000071e+00,-1.633762658286552760e+00,-1.633764085753176332e+00,-1.633905379313285611e+00,-1.647758082994255746e+00,-2.598723866339345268e-01,7.859482457805577749e-01
5.089999999999999858e+00,-1.646933479866531602e+00,-1.646934956173551345e+00,-1.647081081390691315e+00,-1.661382336112141811e+00,-2.395032027713693834e-01,7.952682067478008543e-01
5.100000000000000533e+00,-1.659948609815569132e+00,-1.659950133877791334e+00,-1.660100983323158363e+00,-1.674840114503665323e+00,-2.197088016212541683e-01,8.045907379647309066e-01
5.110000000000000320e+00,-1.672811080917269821e+00,-1.672812651627495706e+00,-1.672968115688739932e+00,-1.688134179319626060e+00,-2.004627804766583310e-01,8.139160773985079089e-01
5.120000000000000107e+00,-1.685524355070413760e+00,-1.685525971293409864e+00,-1.685685937576485660e+00,-1.701267646420044910e+00,-1.817282653291544259e-01,8.232443472117196848e-01
5.129999999999999893e+00,-1.698092257158952734e+00,-1.698093917723206392e+00,-1.698258270234509482e+00,-1.714243896900504494e+00,-1.634577291378884745e-01,8.325755485830722558e-01
5.139999999999999680e+00,-1.710518892569649285e+00,-1.710520596256760228e+00,-1.710689214351092335e+00,-1.727066469591440834e+00,-1.455930360594014372e-01,8.419095603747135392e-01
5.150000000000000355e+00,-1.722808548503221848e+00,-1.722810294034770262e+00,-1.722983051114058251e+00,-1.739738936241365774e+00,-1.280657218743403991e-01,8.512461429410137503e-01
5.160000000000000142e+00,-1.734965580047354017e+00,-1.734967366069148476e+00,-1.735144128020281507e+00,-1.752264758762695607e+00,-1.107975174126523132e-01,8.605849469909940819e-01
5.169999999999999929e+00,-1.746994280650818521e+00,-1.746996105714182512e+00,-1.747176729055103683e+00,-1.764647128396811926e+00,-9.370111436067296573e-02,8.699255286893587957e-01
5.179999999999999716e+00,-1.758898736998678380e+00,-1.758900599538571807e+00,-1.759084929248804219e+00,-1.776888785706508544e+00,-7.668116789658652177e-02,8.792673710796943265e-01
5.190000000000000391e+00,-1.770682667536346067e+00,-1.770684565845890290e+00,-1.770872432842316879e+00,-1.788991820137161959e+00,-5.963552495473722903e-02,8.886099121447995630e-01
5.200000000000000178e+00,-1.782349243635611202e+00,-1.782351175836618840e+00,-1.782542394052752277e+00,-1.800957446837110787e+00,-4.245666138365855602e-02,8.979525791852316363e-01
5.209999999999999964e+00,-1.793900891789833807e+00,-1.793902855798752638e+00,-1.794097218809639349e+00,-1.812785758352531307e+00,-2.503330573165152284e-02,9.072948287200381934e-01
5.219999999999999751e+00,-1.805339074483255368e+00,-1.805341067971898417e+00,-1.805538345102051467e+00,-1.824475447643939763e+00,-7.252221722753415811e-03,9.166361904860425014e-01
5.230000000000000426e+00,-1.816664047247022573e+00,-1.816666067597294099e+00,-1.816865999433412870e+00,-1.836023498502410423e+00,1.099988435978960233e-02,9.259763125372177939e-01
5.240000000000000213e+00,-1.827874588030577119e+00,-1.827876632282261937e+00,-1.828078925499498020e+00,-1.847424838831901450e+00,2.983437108146747008e-02,9.353150036558171010e-01
5.250000000000000000e+00,-1.838967695367288213e+00,-1.838969760157958877e+00,-1.839174081563907492e+00,-1.858671950909551285e+00,4.935862960581993697e-02,9.446522669622546831e-01
5.259999999999999787e+00,-1.849938249844671923e+00,-1.849940331340383493e+00,-1.850146301006567739e+00,-1.869754433409811067e+00,6.967406242718399145e-02,9.539883170858225458e-01
5.270000000000000462e+00,-1.860778633975102014e+00,-1.860780727790746880e+00,-1.860987911159722508e+00,-1.880658508986960520e+00,9.087412868298483382e-02,9.633235697645001760e-01
5.280000000000000249e+00,-1.871478304344005528e+00,-1.871480405451912743e+00,-1.871688304279452764e+00,-1.891366471810661087e+00,1.130425130589571836e-01,9.726585908397247238e-01
5.290000000000000036e+00,-1.882023310151804685e+00,-1.882025412777253326e+00,-1.882233454778517556e+00,-1.901856070846534186e+00,1.362514764600462058e-01,9.819939879727851428e-01
5.299999999999999822e+00,-1.892395752257660213e+00,-1.892397849760193429e+00,-1.892605376849030741e+00,-1.912099827393621165e+00,1.605604432897680400e-01,9.913302245154345105e-01
5.310000000000000497e+00,-1.902573178198786685e+00,-1.902575262938512202e+00,-1.902781517982209181e+00,-1.922064289815088589e+00,1.860148726531313246e-01,1.000667333667221603e+00
5.320000000000000284e+00,-1.912527911392174262e+00,-1.912529974581113290e+00,-1.912734086674502620e+00,-1.931709236602046076e+00,2.126454512254939422e-01,1.010004506170721239e+00
5.330000000000000071e+00,-1.922226316459182405e+00,-1.922228347998925280e+00,-1.922429316387226583e+00,-1.940986850832079114e+00,2.404676302750690109e-01,1.019339527145874058e+00
5.339999999999999858e+00,-1.931628010768898562e+00,-1.931629999077951743e+00,-1.931826676063977732e+00,-1.949840906453451650e+00,2.694815126186258514e-01,1.028668032836210999e+00
5.350000000000000533e+00,-1.940685043481100713e+00,-1.940686975318469010e+00,-1.940878048807145984e+00,-1.958206031489102550e+00,2.996720758354379788e-01,1.037982567564689651e+00
5.360000000000000320e+00,-1.949341079735687821e+00,-1.949342940031629112e+00,-1.949526916798556719e+00,-1.966007144519049232e+00,3.310096996544920067e-01,1.047271423123840473e+00
5.370000000000000107e+00,-1.957530651662425125e+00,-1.957532423373441466e+00,-1.957707614754884862e+00,-1.973159198220528765e+00,3.634509471801771197e-01,1.056517255863600457e+00
5.379999999999999893e+00,-1.965178567967229117e+00,-1.965180231979979375e+00,-1.965344744434854629e+00,-1.979567402488909833e+00,3.969395362634338120e-01,1.065695489028695375e+00
5.389999999999999680e+00,-1.972199610526774283e+00,-1.972201145644269182e+00,-1.972352879499246203e+00,-1.985128129167481159e+00,4.314074266456368045e-01,1.074772533163619537e+00
5.400000000000000355e+00,-1.978498685483324415e+00,-1.978500068535160139e+00,-1.978636729052643872e+00,-1.989730705883286266e+00,4.667759432354195992e-01,1.083703874272373913e+00
5.410000000000000142e+00,-1.983971627216032374e+00,-1.983972833339545883e+00,-1.984091958750816787e+00,-1.993260264138087656e+00,5.029568559438377662e-01,1.092432112830122648e+00
5.419999999999999929e+00,-1.988506863943785063e+00,-1.988507867081199754e+00,-1.988606878034337111e+00,-1.995601697606828040e+00,5.398533382613316389e-01,1.100885055015908165e+00
5.429999999999999716e+00,-1.991988118475274572e+00,-1.991988892117265264e+00,-1.992065165528197568e+00,-1.996644600895484567e+00,5.773607324451285328e-01,1.108973992693122579e+00
5.440000000000000391e+00,-1.994298219314739828e+00,-1.994298737490026507e+00,-1.994349704712019111e+00,-1.996288817981544561e+00,6.153670540013582713e-01,1.116592314006123132e+00
5.450000000000000178e+00,-1.995323922277344675e+00,-1.995324160740215458e+00,-1.995347425234263117e+00,-1.994449992560180629e+00,6.537531714105364600e-01,1.123614599314053608e+00
5.459999999999999964e+00,-1.994961408083475218e+00,-1.994961345594612689e+00,-1.994954809685151931e+00,-1.991064368289512387e+00,6.923925961768199189e-01,1.129896346073080871e+00
5.469999999999999751e+00,-1.993121880329932871e+00,-1.993121499876828295e+00,-1.993083485341956784e+00,-1.986092117129691470e+00,7.311508112364661915e-01,1.135274436707024659e+00
5.480000000000000426e+00,-1.989736526288227836e+00,-1.989735816070872909e+00,-1.989665161319533304e+00,-1.979518704000374552e+00,7.698840490751943655e-01,1.139568418832322072e+00
5.490000000000000213e+00,-1.984760104883064091e+00,-1.984759058913947438e+00,-1.984655177864898423e+00,-1.971354166777381511e+00,8.084374030231817887e-01,1.142582600734637133e+00
5.500000000000000000e+00,-1.978172627516174842e+00,-1.978171245750183438e+00,-1.978034140153258846e+00,-1.961630579316075984e+00,8.466421093118596808e-01,1.144108891136713435e+00
5.509999999999999787e+00,-1.969978951648625909e+00,-1.969977239648379674e+00,-1.969807465496987708e+00,-1.950398246127415192e+00,8.843117702405429714e-01,1.143930227805357802e+00
5.520000000000000462e+00,-1.960206498712151912e+00,-1.960204466937295109e+00,-1.960003063808438029e+00,-1.937721283096660141e+00,9.212371888620233262e-01,1.141824366391518630e+00
5.530000000000000249e+00,-1.948901608966785215e+00,-1.948899271826658008e+00,-1.948667668976414635e+00,-1.923673178528436667e+00,9.571793457207519173e-01,1.137567736190096213e+00
5.540000000000000036e+00,-1.936125178688091530e+00,-1.936122553506665733e+00,-1.935862467441183954e+00,-1.908332766510112855e+00,9.918598529067700342e-01,1.130939032655796872e+00
5.549999999999999822e+00,-1.921948187951255438e+00,-1.921945293969210100e+00,-1.921658629806845653e+00,-1.891780853827418341e+00,1.024947976531906502e+00,1.121722204102741260e+00
5.560000000000000497e+00,-1.906447577560509643e+00,-1.906444435058019859e+00,-1.906133199902992459e+00,-1.874097577018896787e+00,1.056043062971134594e+00,1.109708504196072809e+00
5.570000000000000284e+00,-1.889702745016166308e+00,-1.889699374597481940e+00,-1.889365606945393683e+00,-1.855360451710930114e+00,1.084651126400697718e+00,1.094697320389725004e+00
5.580000000000000071e+00,-1.871792759850191556e+00,-1.871789181897209220e+00,-1.871434897753746718e+00,-1.835643013393133405e+00,1.110155042436945516e+00,1.076495533859850084e+00
5.589999999999999858e+00,-1.852794276550662200e+00,-1.852790510830879089e+00,-1.852417665081951936e+00,-1.815013925406181894e+00,1.131780886411227316e+00,1.054915216108110787e+00
5.600000000000000533e+00,-1.832780053108593599e+00,-1.832776118511959318e+00,-1.832386579015277572e+00,-1.793536431895806693e+00,1.148572383617578740e+00,1.029769501386877728e+00
5.610000000000000320e+00,-1.811817953999329323e+00,-1.811813868375488079e+00,-1.811409399953729071e+00,-1.771268049020584323e+00,1.159408121733598307e+00,1.000866485516728632e+00
5.620000000000000107e+00,-1.789970315498198516e+00,-1.789966095567433690e+00,-1.789548351265865644e+00,-1.748260407637353353e+00,1.163133841433456883e+00,9.680010131084328950e-01
5.629999999999999893e+00,-1.767293564485197699e+00,-1.767289225800319885e+00,-1.766859743162709551e+00,-1.724559180512480250e+00,1.158892569920635607e+00,9.309442338092809299e-01
5.639999999999999680e+00,-1.743838001242587810e+00,-1.743833558183643717e+00,-1.743393758757507683e+00,-1.700204045294091415e+00,1.146591641924120442e+00,8.894309843315415520e-01
5.650000000000000355e+00,-1.719647677654161377e+00,-1.719643143442246114e+00,-1.719194334161400217e+00,-1.675228648373609186e+00,1.127144259515749258e+00,8.431456593316016823e-01
5.660000000000000142e+00,-1.694760319488052502e+00,-1.694755706208203261e+00,-1.694299081664843332e+00,-1.649660546835161723e+00,1.102158188509701153e+00,7.917090346830979453e-01
5.669999999999999929e+00,-1.669207257377526510e+00,-1.669202576003725902e+00,-1.668739220921969579e+00,-1.623521114609150606e+00,1.073328129971154787e+00,7.346732460800977638e-01
5.679999999999999716e+00,-1.643013343111093150e+00,-1.643008603528728795e+00,-1.642539494983352721e+00,-1.596825406335256270e+00,1.042028931251040902e+00,6.715433261478453986e-01
5.690000000000000391e+00,-1.616196837810218057e+00,-1.616192048833192896e+00,-1.615718057935792373e+00,-1.569581978425397706e+00,1.009228037954272184e+00,6.018655949094482427e-01
5.700000000000000178e+00,-1.588769266436155458e+00,-1.588764435817213272e+00,-1.588286328729925589e+00,-1.541792672019898003e+00,9.755602364243127766e-01,5.254476095444702288e-01
5.709999999999999964e+00,-1.560735239640798078e+00,-1.560730374074741800e+00,-1.560248812320140122e+00,-1.513452367148003797e+00,9.414302219596628607e-01,4.427366594554068002e-01
5.719999999999999751e+00,-1.532092249487698510e+00,-1.532087354608059115e+00,-1.531602894731562525e+00,-1.484548721589094900e+00,9.070940029013199180e-01,3.551576611890291391e-01
5.730000000000000426e+00,-1.502830450351824165e+00,-1.502825530722315062e+00,-1.502338623439072540e+00,-1.455061912226012000e+00,8.727138295352649955e-01,2.649526369018784799e-01
5.740000000000000213e+00,-1.472932440699083134e+00,-1.472927499801735207e+00,-1.472438488816763424e+00,-1.424964399051801500e+00,8.383931660333183711e-01,1.744430988424726936e-01
5.750000000000000000e+00,-1.442373064528531978e+00,-1.442368104751061031e+00,-1.441877225504870630e+00,-1.394220736458494869e+00,8.041986199362376464e-01,8.537223158796083955e-02
5.759999999999999787e+00,-1.411119254820743407e+00,-1.411114277445961074e+00,-1.410621656064714680e+00,-1.362787456268317321e+00,7.701737631021446928e-01,-1.222927569987930507e-03
5.770000000000000462e+00,-1.379129942582901558e+00,-1.379124947783543664e+00,-1.378630600567083864e+00,-1.330613049113746893e+00,7.363479799815499938e-01,-8.481565493138049083e-02
5.780000000000000249e+00,-1.346356055218177694e+00,-1.346351042060168535e+00,-1.345854875807544149e+00,-1.297638067151068553e+00,7.027422590524750046e-01,-1.651681894266071593e-01
5.790000000000000036e+00,-1.312740627876281430e+00,-1.312735594334080158e+00,-1.312237407866924777e+00,-1.263795370819705832e+00,6.693730882647676017e-01,-2.421863686610686850e-01
5.799999999999999822e+00,-1.278219046907537848e+00,-1.278213989894114277e+00,-1.277713477029842393e+00,-1.229010533360983093e+00,6.362551601884756103e-01,-3.158422076133003409e-01
5.810000000000000497e+00,-1.242719440893304217e+00,-1.242714356307271784e+00,-1.242211110531687535e+00,-1.193202410725918261e+00,6.034033209619774629e-01,-3.861375022691201364e-01
5.820000000000000284e+00,-1.206163224808147749e+00,-1.206158107599301532e+00,-1.205651628562385724e+00,-1.156283874231298414e+00,5.708340321060154654e-01,-4.530891079487773809e-01
5.830000000000000071e+00,-1.168465797783642124e+00,-1.168460642037348229e+00,-1.167950343914754718e+00,-1.118162691894154515e+00,5.385665136888029281e-01,-5.167250269399064067e-01
5.839999999999999858e+00,-1.129537379601250224e+00,-1.129532178640519469e+00,-1.129017400245402758e+00,-1.078742532635939666e+00,5.066236727112516380e-01,-5.770856189986250939e-01
5.850000000000000533e+00,-1.089283965801723264e+00,-1.089278712304776020e+00,-1.088758728731024528e+00,-1.037924055222434028e+00,4.750328802962028307e-01,-6.342269455547850932e-01
5.860000000000000320e+00,-1.047608363309249446e+00,-1.047603049437990430e+00,-1.047077084782742418e+00,-9.956060371206811865e-01,4.438266321831279004e-01,-6.882245926404526593e-01
5.870000000000000107e+00,-1.004411270102567366e+00,-1.004405887638263328e+00,-1.003873128433022233e+00,-9.516864898678175644e-01,4.130431074177645101e-01,-7.391769824756084795e-01
5.879999999999999893e+00,-9.595923487300114241e-01,-9.595868892089459701e-01,-9.590464978470530921e-01,-9.060637092444144836e-01,3.827266255798473793e-01,-7.872075490511878382e-01
5.889999999999999680e+00,-9.130512492436920757e-01,-9.130457040874999652e-01,-9.124968317211888946e-01,-8.586372144729915723e-01,3.529279904989763850e-01,-8.324653864934881131e-01
5.900000000000000355e+00,-8.646885438736153784e-01,-8.646829045083140874e-01,-8.641247028241592076e-01,-8.093085471828692645e-01,3.237047000018333787e-01,-8.751241894867959337e-01
5.910000000000000142e+00,-8.144065539102173235e-01,-8.144008118698158327e-01,-8.138324433355723642e-01,-7.579819302628270083e-01,2.951209936182922489e-01,-9.153794828604077116e-01
5.919999999999999929e+00,-7.621100821449323659e-01,-7.621042291583216555e-01,-7.615248756153049081e-01,-7.045648343818586845e-01,2.672477061423103040e-01,-9.534443238014641553e-01
5.929999999999999716e+00,-7.077071172095485974e-01,-7.077011452743938724e-01,-7.071100152427213237e-01,-6.489685759699650447e-01,2.401618924985046144e-01,-9.895438130444780267e-01
5.940000000000000391e+00,-6.511096611347811924e-01,-6.511035625901310242e-01,-6.504998984539632767e-01,-5.911091901279236227e-01,2.139461933157272844e-01,-1.023908863018335502e+00
5.950000000000000178e+00,-5.922349648226281627e-01,-5.922287324451440682e-01,-5.916118199851482240e-01,-5.309090133793575861e-01,1.886879129132179589e-01,-1.056769729418883585e+00
5.959999999999999964e+00,-5.310076677090721509e-01,-5.310012948788389586e-01,-5.303704797107080537e-01,-4.682997147879236488e-01,1.644777968349274699e-01,-1.088349803186146936e+00
5.969999999999999751e+00,-4.673636660965538869e-01,-4.673571471122286991e-01,-4.667118659405471992e-01,-4.032279858340925283e-01,1.414085085609397829e-01,-1.118860097029547696e+00
5.980000000000000426e+00,-4.012570263104015544e-01,-4.012503569849088514e-01,-4.005901966791777236e-01,-3.356657835917663535e-01,1.195728260462367576e-01,-1.148494749854555685e+00
5.990000000000000213e+00,-3.326719234632531386e-01,-3.326651022019772030e-01,-3.319899067153714856e-01,-2.656278591727725402e-01,9.906160198536817507e-02,-1.177427739370908943e+00
6.000000000000000000e+00,-2.616422780839782747e-01,-2.616353077201558075e-01,-2.609453600594526246e-01,-1.931998679880251313e-01,7.996155490043221903e-02,-1.205810856878355208e+00
6.009999999999999787e+00,-1.882818753432357051e-01,-1.882747660088904817e-01,-1.875710727957592416e-01,-1.185793116540253128e-01,6.235298058335414506e-02,-1.233772877607184570e+00
6.020000000000000462e+00,-1.128257204864396568e-01,-1.128184935531410527e-01,-1.121031754081124321e-01,-4.212609637337401403e-02,4.630749016306578980e-02,-1.261419768718626599e+00
6.030000000000000249e+00,-3.567653397374001556e-02,-3.566922632763341872e-02,-3.494594088025110290e-02,3.559343382038795273e-02,3.188589039502398581e-02,-1.288835719210340791e+00
6.040000000000000036e+00,4.256286654921180579e-02,4.257019997147232226e-02,4.329600823883583693e-02,1.138020292071379863e-01,1.913632098103790202e-02,-1.316084753847909017e+00
6.049999999999999822e+00,1.211031499099310127e-01,1.211104383206821206e-01,1.218317580714796677e-01,1.915808762115094044e-01,8.092752579746509412e-03,-1.343212698257879811e+00
6.060000000000000497e+00,1.990518631523667814e-01,1.990590283089696544e-01,1.997681146526592566e-01,2.680089882627807452e-01,-1.226072529605048977e-03,-1.370249287948146710e+00
6.070000000000000284e+00,2.755489645874906190e-01,2.755559326054137226e-01,2.762454767737099193e-01,3.423116683236501201e-01,-8.817204401959100046e-03,-1.397210253579028283e+00
6.080000000000000071e+00,3.498930859795311710e-01,3.498997969145758447e-01,3.505638728892432887e-01,4.139459915424201775e-01,-1.469353428411845908e-02,-1.424099255429619681e+00
6.089999999999999858e+00,4.216029717741638927e-01,4.216093833656480161e-01,4.222438158474489112e-01,4.826027342478006465e-01,-1.888334322401674648e-02,-1.450909580270495436e+00
6.100000000000000533e+00,4.904080745609539771e-01,4.904141608071337921e-01,4.910163825140286264e-01,5.481562314364452071e-01,-2.142939511799768493e-02,-1.477625549444421260e+00
6.110000000000000320e+00,5.561999891331030899e-01,5.562057364722656772e-01,5.567744096098037332e-01,6.106027007705897569e-01,-2.238764322472230894e-02,-1.504223611606304356e+00
6.120000000000000107e+00,6.189778572526284384e-01,6.189832606005402083e-01,6.195178848285467499e-01,6.700097289373911913e-01,-2.182563465694298266e-02,-1.530673112176298201e+00
6.129999999999999893e+00,6.788046967950817079e-01,6.788097564250087368e-01,6.793103604602449552e-01,7.264822713220662198e-01,-1.982070453254625164e-02,-1.556936742640826932e+00
6.140000000000000568e+00,7.357780322460565348e-01,7.357827516497509324e-01,7.362496819469936948e-01,7.801424076461793700e-01,-1.645805019843615824e-02,-1.582970675054540255e+00
6.150000000000000355e+00,7.900122014571413498e-01,7.900165859933174772e-01,7.904503732741131605e-01,8.311183927552756590e-01,-1.182876891199280411e-02,-1.608724386569853282e+00
6.160000000000000142e+00,8.416285662008943236e-01,8.416326222869545681e-01,8.420339017427715955e-01,8.795393131442381662e-01,-6.027930102852963046e-03,-1.634140173536929419e+00
6.169999999999999929e+00,8.907505378519448014e-01,8.907542725015449303e-01,8.911237381518271050e-01,9.255328593679198468e-01,8.472605748859329822e-04,-1.659152346727391425e+00
6.179999999999999716e+00,9.375013174058757226e-01,9.375047379756277222e-01,9.378431176772010769e-01,9.692246877177043141e-01,8.699162947304883708e-03,-1.683686092341789564e+00
6.190000000000000391e+00,9.820030443232119488e-01,9.820061583806185546e-01,9.823142008028866723e-01,1.010738485815717791e+00,1.743124116573324667e-02,-1.707655977735698993e+00
6.200000000000000178e+00,1.024376585927302408e+00,1.024379401185561811e+00,1.024657869384852038e+00,1.050196250777617468e+00,2.694942295760915929e-02,-1.730964081281484379e+00
6.209999999999999964e+00,1.064741535432768282e+00,1.064744059719660463e+00,1.064993728074871582e+00,1.087718522233844576e+00,3.716327217334625121e-02,-1.753497741661883325e+00
6.219999999999999751e+00,1.103216190387929618e+00,1.103218431629663154e+00,1.103440084251392950e+00,1.123424449832711725e+00,4.798697456439948716e-02,-1.775126959414582650e+00
6.230000000000000426e+00,1.139917404800500300e+00,1.139919371009612714e+00,1.140113800546879608e+00,1.157431654640757035e+00,5.934014149335875565e-02,-1.795701570487009402e+00
6.240000000000000213e+00,1.174960280579587790e+00,1.174961979841517179e+00,1.175129986154607620e+00,1.189855891162434176e+00,7.114843887567101621e-02,-1.815048468264126580e+00
6.250000000000000000e+00,1.208457706301006906e+00,1.208459146756785341e+00,1.208601535206490052e+00,1.220810543099140943e+00,8.334404966600450493e-02,-1.832969419409462564e+00
6.259999999999999787e+00,1.240519774938247943e+00,1.240520964763075273e+00,1.240638544090796547e+00,1.250405999936469836e+00,9.586597777294714184e-02,-1.849240427611484883e+00
6.270000000000000462e+00,1.271253124221364716e+00,1.271254071599936974e+00,1.271347651487178432e+00,1.278748966824001965e+00,1.086602001869012568e-01,-1.863614129527927377e+00
6.280000000000000249e+00,1.300760246775377382e+00,1.300760959875284950e+00,1.300831348312728952e+00,1.305941759434221972e+00,1.216796723160007421e-01,-1.875827206061226882e+00
6.290000000000000036e+00,1.329138815446638144e+00,1.329139302391683097e+00,1.329187303040017865e+00,1.332081630664090577e+00,1.348841892493964911e-01,-1.885614859219247652e+00
6.299999999999999822e+00,1.356481063426739464e+00,1.356481332271762597e+00,1.356507741972759362e+00,1.357260168125139943e+00,1.482401044528467438e-01,-1.892733363670725977e+00
6.310000000000000497e+00,1.382873250778639207e+00,1.382873309487510083e+00,1.382878916087538324e+00,1.381562792049105148e+00,1.617199048489230684e-01,-1.896988965246324099e+00
6.320000000000000284e+00,1.408395239653099207e+00,1.408395096081058728e+00,1.408380676686528776e+00,1.405068372990695424e+00,1.753016407975341862e-01,-1.898267354055628742e+00
6.330000000000000071e+00,1.433120191450833136e+00,1.433119853332112115e+00,1.433086173084775705e+00,1.427848979364314097e+00,1.889682083227270937e-01,-1.896554790272274804e+00
6.339999999999999858e+00,1.457114389228502560e+00,1.457113864169765405e+00,1.457061675602092876e+00,1.449969754830349178e+00,2.027064819031351717e-01,-1.891942810134824349e+00
6.350000000000000533e+00,1.480437182894768666e+00,1.480436478374652864e+00,1.480366521363927212e+00,1.471488920123809052e+00,2.165062972357097992e-01,-1.884614212154700486e+00
6.360000000000000320e+00,1.503141046616473187e+00,1.503140169991368680e+00,1.503053172335013787e+00,1.492457886203833795e+00,2.303592846203425248e-01,-1.874815433468468129e+00
6.370000000000000107e+00,1.525271735276675811e+00,1.525270693791899168e+00,1.525167372312064229e+00,1.512921463372958630e+00,2.442575595963921431e-01,-1.862824576021253398e+00
6.379999999999999893e+00,1.546868522170206761e+00,1.546867322976932302e+00,1.546748385199336884e+00,1.532918147450195834e+00,2.581922802075294343e-01,-1.848923354137331998e+00
6.390000000000000568e+00,1.567964501676892386e+00,1.567963151853541737e+00,1.567829298123440740e+00,1.552480465460590597e+00,2.721520874114519706e-01,-1.833377224578323972e+00
6.400000000000000355e+00,1.588586937960951850e+00,1.588585444539161173e+00,1.588437370591847309e+00,1.571635361834575306e+00,2.861214546874401576e-01,-1.816424073277106643e+00
6.410000000000000142e+00,1.608757643864750397e+00,1.608756013858358536e+00,1.608594413687089109e+00,1.590404608870661818e+00,3.000789795152496442e-01,-1.798269665761872638e+00
6.419999999999999929e+00,1.628493375053723824e+00,1.628491615491365341e+00,1.628317184573506715e+00,1.608805227253609083e+00,3.139956610615055599e-01,-1.779087529556888647e+00
6.429999999999999716e+00,1.647806227582971683e+00,1.647804345542626336e+00,1.647617784258107232e+00,1.626849904714936290e+00,3.278332214001530298e-01,-1.759021284753741421e+00
6.440000000000000391e+00,1.666704028713311914e+00,1.666702031359122982e+00,1.666504048632683643e+00,1.644547403602601765e+00,3.415425369260838839e-01,-1.738188047289140226e+00
6.450000000000000178e+00,1.685190713661819384e+00,1.685188608282012446e+00,1.684979925336435258e+00,1.661902950185422112e+00,3.550622577334914265e-01,-1.716682075990420664e+00
6.459999999999999964e+00,1.703266683854349095e+00,1.703264477900609641e+00,1.703045832150988703e+00,1.678918601943535149e+00,3.683177040610683961e-01,-1.694578225588316833e+00
6.469999999999999751e+00,1.720929143650308468e+00,1.720926844777481701e+00,1.720698993760737094e+00,1.695593589772868004e+00,3.812201311966586514e-01,-1.671935011645341529e+00
6.480000000000000426e+00,1.738172415222778877e+00,1.738170031329045351e+00,1.737933756678147867e+00,1.711924634979565596e+00,3.936664581247093508e-01,-1.648797231785650741e+00
6.490000000000000213e+00,1.754988232308442253e+00,1.754985771574967046e+00,1.754741882942465470e+00,1.727906241352067607e+00,4.055395445639417007e-01,-1.625198157748481531e+00
6.500000000000000000e+00,1.771366015798488291e+00,1.771363486728650738e+00,1.771112825668524238e+00,1.743530964721895060e+00,4.167090908865331844e-01,-1.601161344345636284e+00
6.509999999999999787e+00,1.787293134831573038e+00,1.787290546288426540e+00,1.787033989963227487e+00,1.758789662742568760e+00,4.270332045967278889e-01,-1.576702111183811983e+00
6.520000000000000462e+00,1.802755158377196132e+00,1.802752519618901372e+00,1.802490984306744481e+00,1.773671728424273120e+00,4.363606467437469161e-01,-1.551828752756046370e+00
6.530000000000000249e+00,1.817736103493776900e+00,1.817733424205385528e+00,1.817467868445660439e+00,1.788165311706741090e+00,4.445337210490760138e-01,-1.526543527280085799e+00
6.540000000000000036e+00,1.832218686114316153e+00,1.832215976434931282e+00,1.831947403721307932e+00,1.802257533221995001e+00,4.513917252365897692e-01,-1.500843468160105942e+00
6.549999999999999822e+00,1.846184582933295015e+00,1.846181853476774437e+00,1.845911314306045714e+00,1.815934695437946500e+00,4.567748231707381978e-01,-1.474721056061362390e+00
6.560000000000000497e+00,1.859614710674150073e+00,1.859611972541243219e+00,1.859340565622638497e+00,1.829182495359040317e+00,4.605281540377955674e-01,-1.448164783127189770e+00
6.570000000000000284e+00,1.872489531152303321e+00,1.872486795931846526e+00,1.872215668310870607e+00,1.841986243731047690e+00,4.625059532653610916e-01,-1.421159637302015888e+00
6.580000000000000071e+00,1.884789388664233289e+00,1.884786668420658451e+00,1.884517014254082579e+00,1.854331094744146924e+00,4.625754430726173316e-01,-1.393687530271135344e+00
6.589999999999999858e+00,1.896494886138676783e+00,1.896492193382812719e+00,1.896225251061989692e+00,1.866202290123963436e+00,4.606202494159992722e-01,-1.365727692153901218e+00
6.600000000000000533e+00,1.907587303683679236e+00,1.907584651323863234e+00,1.907321698652647779e+00,1.877585420158247143e+00,4.565431314927115292e-01,-1.337257050318536589e+00
6.610000000000000320e+00,1.918049060625577340e+00,1.918046461896105059e+00,1.917788809029411290e+00,1.888466703185885720e+00,4.502678560857278356e-01,-1.308250614052673289e+00
6.620000000000000107e+00,1.927864217950192138e+00,1.927861686314949585e+00,1.927610666244801596e+00,1.898833283197617128e+00,4.417401162182381658e-01,-1.278681882431578209e+00
6.629999999999999893e+00,1.937019012495835302e+00,1.937016561525801706e+00,1.936773517983173543e+00,1.908673543187942467e+00,4.309274679956520693e-01,-1.248523294985461440e+00
6.640000000000000568e+00,1.945502408065298727e+00,1.945500051290222077e+00,1.945266324091943222e+00,1.917977429024374736e+00,4.178183316855818008e-01,-1.217746744663319891e+00
6.650000000000000355e+00,1.953306641650510933e+00,1.953304392387134492e+00,1.953081300461098735e+00,1.926736775831309423e+00,4.024201689179568442e-01,-1.186324173338051180e+00
6.660000000000000142e+00,1.960427736336634919e+00,1.960425607498202938e+00,1.960214430051570700e+00,1.934945625746354203e+00,3.847569936364338972e-01,-1.154228270783168142e+00
6.669999999999999929e+00,1.966865947080734145e+00,1.966863950975316744e+00,1.966665907549102643e+00,1.942600522941888119e+00,3.648664013678492024e-01,-1.121433297798288597e+00
6.679999999999999716e+00,1.972626103191158276e+00,1.972624251318237487e+00,1.972440481659998079e+00,1.949700769435355863e+00,3.427963066201009656e-01,-1.087916053860741972e+00
6.690000000000000391e+00,1.977717812038876311e+00,1.977716114895957222e+00,1.977547659811172309e+00,1.956248624137422176e+00,3.186015670921187315e-01,-1.053657007386963329e+00
6.700000000000000178e+00,1.982155494807323670e+00,1.982153961718432722e+00,1.982001746074603776e+00,1.962249427324483930e+00,2.923406420744704137e-01,-1.018641602902989440e+00
6.709999999999999964e+00,1.985958235514278414e+00,1.985956874491769941e+00,1.985821693503147856e+00,1.967711635169000273e+00,2.640724063985816494e-01,-9.828617528719554297e-01
6.719999999999999751e+00,1.989149438517126223e+00,1.989148256165879092e+00,1.989030765861571126e+00,1.972646752859234187e+00,2.338531980651019637e-01,-9.463175122299848363e-01
6.730000000000000426e+00,1.991756306490758854e+00,1.991755307960452859e+00,1.991656020401560534e+00,1.977069160286627714e+00,2.017341462265360708e-01,-9.090189200689594573e-01
6.740000000000000213e+00,1.993809166210373185e+00,1.993808355197336013e+00,1.993727638595471863e+00,1.980995831788977757e+00,1.677588100315851039e-01,-8.709879745700923603e-01
6.750000000000000000e+00,1.995340682558655931e+00,1.995340061354464956e+00,1.995278144818073418e+00,1.984445958626748663e+00,1.319611431271205948e-01,-8.322606852090730367e-01
6.759999999999999787e+00,1.996385008929772331e+00,1.996384578510070229e+00,1.996341560776912161e+00,1.987440490029540596e+00,9.436382154168454495e-02,-7.928891192330926874e-01
6.770000000000000462e+00,1.996976924252483077e+00,1.996976684396736701e+00,1.996952545638042142e+00,1.990001614360893623e+00,5.497703830527500557e-02,-7.529433300784629246e-01
6.780000000000000249e+00,1.997151003309023398e+00,1.997150952740663232e+00,1.997145568394883774e+00,1.992152205434387202e+00,1.379800983969825534e-02,-7.125130274517920137e-01
6.790000000000000036e+00,1.996940858845906330e+00,1.996940995382168627e+00,1.996954150962049646e+00,1.993915260056218441e+00,-2.918825433151694959e-02,-6.717088214249923306e-01
6.799999999999999822e+00,1.996378483297266193e+00,1.996378803999133478e+00,1.996410209920854495e+00,1.995313351635915167e+00,-7.400573851609976161e-02,-6.306628560402939287e-01
6.810000000000000497e+00,1.995493706363338227e+00,1.995494207677703802e+00,1.995543513331706098e+00,1.996368121122251926e+00,-1.206793202363429240e-01,-5.895286455627390954e-01
6.820000000000000284e+00,1.994313773943800161e+00,1.994314451832099655e+00,1.994381258322791339e+00,1.997099821815979004e+00,-1.692168028610373520e-01,-5.484799398424627936e-01
6.830000000000000071e+00,1.992863045052726267e+00,1.992863895102337413e+00,1.992947766288754696e+00,1.997526929066264945e+00,-2.195713386950706725e-01,-5.077084846667863083e-01
6.839999999999999858e+00,1.991162796833033211e+00,1.991163814349664385e+00,1.991264286007976114e+00,1.997665820425157168e+00,-2.715669678063340475e-01,-4.674206041610904361e-01
6.850000000000000533e+00,1.989231123731224571e+00,1.989232303811954816e+00,1.989348890884528487e+00,1.997530526918433136e+00,-3.247644913642612208e-01,-4.278326164338200899e-01
6.860000000000000320e+00,1.987082914954049873e+00,1.987084252541817087e+00,1.987216454550107869e+00,1.997132552116763993e+00,-3.782674648993513689e-01,-3.891651902443029609e-01
6.870000000000000107e+00,1.984729893928055322e+00,1.984731383849080988e+00,1.984878688616334319e+00,1.996480752769668410e+00,-4.305786892032729685e-01,-3.516368510707184591e-01
6.879999999999999893e+00,1.982180704546922412e+00,1.982182341532959136e+00,1.982344227402466519e+00,1.995581272876425061e+00,-4.797887840055828912e-01,-3.154569372403865923e-01
6.890000000000000568e+00,1.979441030310110428e+00,1.979442809007510018e+00,1.979618745753858766e+00,1.994437522138070129e+00,-5.242220903700869350e-01,-2.808183712590600623e-01
6.900000000000000355e+00,1.976513734546565537e+00,1.976515649514173134e+00,1.976705098145781436e+00,1.993050189456543109e+00,-5.630347855755827302e-01,-2.478906469618188391e-01
6.910000000000000142e+00,1.973399011668071301e+00,1.973401057365682831e+00,1.973603468990453358e+00,1.991417282564575508e+00,-5.962258292527312653e-01,-2.168134243638207836e-01
6.919999999999999929e+00,1.970094541429328938e+00,1.970096712198389222e+00,1.970311526118890377e+00,1.989534185416131473e+00,-6.242630370373831727e-01,-1.876910799607427460e-01
6.929999999999999716e+00,1.966595639571999676e+00,1.966597929609833262e+00,1.966824570775838055e+00,1.987393725939018641e+00,-6.477489114199938003e-01,-1.605884840599008934e-01
6.940000000000000391e+00,1.962895399664267071e+00,1.962897802992949137e+00,1.963135678921664518e+00,1.984986247533522707e+00,-6.672528725008609607e-01,-1.355281782664233825e-01
6.950000000000000178e+00,1.958984822068984721e+00,1.958987332499728673e+00,1.959235829750153535e+00,1.982299678796964670e+00,-6.832563566414311396e-01,-1.124890259951139004e-01
6.959999999999999964e+00,1.954852926601783114e+00,1.954855537695531886e+00,1.955114017965910111e+00,1.979319596573853701e+00,-6.961479227620173127e-01,-9.140631133203547254e-02
6.969999999999999751e+00,1.950486846213662417e+00,1.950489551238336006e+00,1.950757347131413688e+00,1.976029278386437049e+00,-7.062348965108665722e-01,-7.217318209094114589e-02
6.980000000000000426e+00,1.945871899260168014e+00,1.945874691144974467e+00,1.946151101642242143e+00,1.972409740674929690e+00,-7.137580269023422463e-01,-5.464327558984427569e-02
6.990000000000000213e+00,1.940991638272340669e+00,1.940994509559347936e+00,1.941278795222902254e+00,1.968439760173138930e+00,-7.189046884277877636e-01,-3.863433146237427174e-02
7.000000000000000000e+00,1.935827873104866370e+00,1.935830815898087920e+00,1.936122193827428672e+00,1.964095876095662163e+00,-7.218196282593851709e-01,-2.393258414582721816e-02
7.009999999999999787e+00,1.930360666461593544e+00,1.930363672373649919e+00,1.930661310921826690e+00,1.959352370751881622e+00,-7.226134129319781163e-01,-1.029773236840503259e-02
7.020000000000000462e+00,1.924568299630145862e+00,1.924571359726744202e+00,1.924874373002171124e+00,1.954181227703463142e+00,-7.213690236196448335e-01,2.531698665791060066e-03
7.030000000000000249e+00,1.918427206239732730e+00,1.918430310982030429e+00,1.918737753141635860e+00,1.948552065963448321e+00,-7.181470556693949625e-01,1.483276305844871690e-02
7.040000000000000036e+00,1.911911871790864970e+00,1.911915010976153351e+00,1.912225870354048674e+00,1.942432050040718616e+00,-7.129899046216270353e-01,2.689240216722799115e-02
7.049999999999999822e+00,1.904994696398160769e+00,1.904997859099176738e+00,1.905311052202677269e+00,1.935785775959040222e+00,-7.059252386978148719e-01,3.900176475681549348e-02
7.060000000000000497e+00,1.897645818611872981e+00,1.897648993115543359e+00,1.897963358567339442e+00,1.928575134397887414e+00,-6.969689860956198579e-01,5.145062945087808259e-02
7.070000000000000284e+00,1.889832898010838313e+00,1.889836071757298841e+00,1.890150364270791083e+00,1.920759153475095182e+00,-6.861280101362940975e-01,6.452200555301090823e-02
7.080000000000000071e+00,1.881520855011791893e+00,1.881524014535365330e+00,1.881836899087959036e+00,1.912293824967498779e+00,-6.734025988266101326e-01,7.848698099828366193e-02
7.089999999999999858e+00,1.872671566752831085e+00,1.872674697626806051e+00,1.872984744017746506e+00,1.903131920495293450e+00,-6.587888605303685585e-01,9.359988477656733252e-02
7.100000000000000533e+00,1.863243519640458423e+00,1.863246606428817564e+00,1.863552284533393166e+00,1.893222805793947305e+00,-6.422810861221606160e-01,1.100938354127104502e-01
7.110000000000000320e+00,1.853191421047680976e+00,1.853194447267319411e+00,1.853494123340105881e+00,1.882512265766033810e+00,-6.238741097940871949e-01,1.281767549029710906e-01
7.120000000000000107e+00,1.842465775967812025e+00,1.842468724066984365e+00,1.842760658664060580e+00,1.870942356000068418e+00,-6.035656771570911960e-01,1.480279377289999143e-01
7.129999999999999893e+00,1.831012438611425264e+00,1.831015289970730375e+00,1.831297638118164706e+00,1.858451301565255287e+00,-5.813588039976972377e-01,1.697952734577731215e-01
7.140000000000000568e+00,1.818772155869039509e+00,1.818774890834050861e+00,1.819045705345476271e+00,1.844973468542877804e+00,-5.572640872874564666e-01,1.935932266708010330e-01
7.150000000000000355e+00,1.805680128101371684e+00,1.805682726057209697e+00,1.805939965019676130e+00,1.830439439054575512e+00,-5.313019130467075968e-01,2.195016761569806851e-01
7.160000000000000142e+00,1.791665623480306557e+00,1.791668062981317977e+00,1.791909602713941396e+00,1.814776224350860279e+00,-5.035044901020223618e-01,2.475657014366838826e-01
7.169999999999999929e+00,1.776651696733435593e+00,1.776653955701857690e+00,1.776877610557050513e+00,1.797907652977231985e+00,-4.739176329014831435e-01,2.777963768073976603e-01
7.179999999999999716e+00,1.760555078764192150e+00,1.760557134772726684e+00,1.760760685249603830e+00,1.779754969977461077e+00,-4.426022146179097172e-01,3.101725896360878476e-01
7.190000000000000391e+00,1.743286319774674187e+00,1.743288150426308025e+00,1.743469380907050059e+00,1.760237676824591979e+00,-4.096352230010814610e-01,3.446438390982199396e-01
7.200000000000000178e+00,1.724750283264038675e+00,1.724751866677444179e+00,1.724908613592497808e+00,1.739274628903179964e+00,-3.751103689433824551e-01,3.811339020005061196e-01
7.209999999999999964e+00,1.704847093187807694e+00,1.704848408587817055e+00,1.704978618935806045e+00,1.716785386621102472e+00,-3.391382186114597075e-01,4.195451776866859772e-01
7.219999999999999751e+00,1.683473628292074808e+00,1.683474656689960103e+00,1.683576455375628278e+00,1.692691787821934302e+00,-3.018458514841489970e-01,4.597634599704983338e-01
7.230000000000000426e+00,1.660525624973124614e+00,1.660526349901766174e+00,1.660598112407333460e+00,1.666919675446642657e+00,-2.633760715697945898e-01,5.016628401995826270e-01
7.240000000000000213e+00,1.635900387978774795e+00,1.635900796225046250e+00,1.635941220886013348e+00,1.639400680147129474e+00,-2.238862232309463685e-01,5.451104334586810429e-01
7.250000000000000000e+00,1.609500015499004899e+00,1.609500097754619219e+00,1.609508269844276862e+00,1.610073929474696630e+00,-1.835466780734494319e-01,5.899706473483565805e-01
7.259999999999999787e+00,1.581234931789853082e+00,1.581234683129626450e+00,1.581210121762526288e+00,1.578887541232941061e+00,-1.425390640283989985e-01,6.361087703155003936e-01
7.270000000000000462e+00,1.551027409926302170e+00,1.551026830026694281e+00,1.550969509303193217e+00,1.545799764900698037e+00,-1.010543029222462780e-01,6.833937434816867995e-01
7.280000000000000249e+00,1.518814693250353898e+00,1.518813786285820200e+00,1.518724124565180578e+00,1.510779663326729860e+00,-5.929050877914445600e-02,7.317000707015477445e-01
7.290000000000000036e+00,1.484551320180602652e+00,1.484550094379127216e+00,1.484428909910538774e+00,1.473807275125613714e+00,-1.745078109764466173e-02,7.809089060819658368e-01
7.299999999999999822e+00,1.448210340163685217e+00,1.448208807056593050e+00,1.448057243497049784e+00,1.434873256679166653e+00,2.425909084070532185e-02,8.309084213248650874e-01
7.310000000000000497e+00,1.409783267787188432e+00,1.409781441237511590e+00,1.409600871425760626e+00,1.393978060952755449e+00,6.563300894042399525e-02,8.815935906391718646e-01
7.320000000000000284e+00,1.369278817566000450e+00,1.369276712690808306e+00,1.369068632086138049e+00,1.351130757135103000e+00,1.064670319720027736e-01,9.328655385473079154e-01
7.330000000000000071e+00,1.326720640864017975e+00,1.326718272971746160e+00,1.326484194701174069e+00,1.306347623413906422e+00,1.465619178660815536e-01,9.846305828712859087e-01
7.339999999999999858e+00,1.282144404368878776e+00,1.282141788014785622e+00,1.281883149679621026e+00,1.259650652700952111e+00,1.857257150799510315e-01,1.036799077319797036e+00
7.350000000000000533e+00,1.235594587154396962e+00,1.235591735384285794e+00,1.235309824519452926e+00,1.211066101033634990e+00,2.237763495757435495e-01,1.089284124200296411e+00
7.360000000000000320e+00,1.187121338910285928e+00,1.187118262725798346e+00,1.186814164169114783e+00,1.160623185785917055e+00,2.605441255028998482e-01,1.142000193691496079e+00
7.370000000000000107e+00,1.136777661673322504e+00,1.136774369720235045e+00,1.136448935014061190e+00,1.108353012947490779e+00,2.958740326935855869e-01,1.194861652768064664e+00
7.379999999999999893e+00,1.084617081581741527e+00,1.084613580040670433e+00,1.084267416817601193e+00,1.054287784705083553e+00,3.296277403082051860e-01,1.247781178991520523e+00
7.390000000000000568e+00,1.030691889372192582e+00,1.030688182019412480e+00,1.030321660179676524e+00,9.984603144145032250e-01,3.616851562507418238e-01,1.300668005337032085e+00
7.400000000000000355e+00,9.750519612399256575e-01,9.750480496428758359e-01,9.746613208238616988e-01,9.409038574372853292e-01,3.919454476795078413e-01,1.353425914587616852e+00
7.410000000000000142e+00,9.177441284940699440e-01,9.177400123085627248e-01,9.173330393931535820e-01,8.816522537588855624e-01,4.203274496325148379e-01,1.405950868428579081e+00
7.419999999999999929e+00,8.588120420254333753e-01,8.588077193670318188e-01,8.583803133130041285e-01,8.207403708926302999e-01,4.467694296818738864e-01,1.458128113801522741e+00
7.429999999999999716e+00,7.982964706430686341e-01,7.982919385114792821e-01,7.978438004151076068e-01,7.582048323208608887e-01,4.712282212011135729e-01,1.509828552074337971e+00
7.440000000000000391e+00,7.362359751123558338e-01,7.362312298538521427e-01,7.357619967716925169e-01,6.940850163755902802e-01,4.936777810420858170e-01,1.560904076141970798e+00
7.450000000000000178e+00,6.726679081819331163e-01,6.726629459801986011e-01,6.721722395620418622e-01,6.284243116400547446e-01,5.141072609534038662e-01,1.611181465454587514e+00
7.459999999999999964e+00,6.076297012810527587e-01,6.076245186713599145e-01,6.071119961029325385e-01,5.612716166959699216e-01,5.325187044070482933e-01,1.660454286092319709e+00
7.469999999999999751e+00,5.411604108066285779e-01,5.411550052116531617e-01,5.406204122999669348e-01,4.926830726458109044e-01,5.489244883243991069e-01,1.708472028004413001e+00
7.480000000000000426e+00,4.733025076553821209e-01,4.732968779436285134e-01,4.727401044433550692e-01,4.227240150702905597e-01,5.633446259569905301e-01,1.754925506858393103e+00
7.490000000000000213e+00,4.041039052196521708e-01,4.040980522889360826e-01,4.035191897080467327e-01,3.514711254256038253e-01,5.758040284933647612e-01,1.799427384809724195e+00
7.500000000000000000e+00,3.336202289600475046e-01,3.336141563489982698e-01,3.330135585228346518e-01,2.790147478637122203e-01,5.863298053057603987e-01,1.841486845600239786e+00
7.509999999999999787e+00,2.619173389191242762e-01,2.619110534475385110e-01,2.612893999542218459e-01,2.054613115478599594e-01,5.949486505524398394e-01,1.880478678866022602e+00
7.520000000000000462e+00,1.890741142566372823e-01,1.890676266911831271e-01,1.884259887455735916e-01,1.309357610196310029e-01,6.016843365519426445e-01,1.915610886866295548e+00
7.530000000000000249e+00,1.151855007017751620e-01,1.151788264338906853e-01,1.145187339340490162e-01,5.558383631758108401e-02,6.065553073724949673e-01,1.945904227855928426e+00
7.540000000000000036e+00,4.036579196604242470e-02,4.035895167326933319e-02,3.968245851954593784e-02,-2.042602416512001584e-02,6.095723347805960257e-01,1.970214239130909428e+00
7.549999999999999822e+00,-3.524793903164527564e-02,-3.525491879394901384e-02,-3.594517640521877055e-02,-9.690147028560944231e-02,6.107361725862865409e-01,1.987344551582028274e+00
7.560000000000000497e+00,-1.114924376968845082e-01,-1.114995240594833653e-01,-1.122002849290457405e-01,-1.736260997763544589e-01,6.100351169074313962e-01,1.996287175755519172e+00
7.570000000000000284e+00,-1.881752134099576312e-01,-1.881823670349831723e-01,-1.888897303256398819e-01,-2.503608072948392271e-01,6.074423492083362852e-01,1.996533934218013284e+00
7.580000000000000071e+00,-2.650723352760673279e-01,-2.650795106469990281e-01,-2.657889655036655419e-01,-3.268469918644228978e-01,6.029129006429527760e-01,1.988275707317750385e+00
7.589999999999999858e+00,-3.419277763790746771e-01,-3.419349227173931749e-01,-3.426414401036605439e-01,-4.028118276565937905e-01,5.963800336742586250e-01,1.972328958992945136e+00
7.600000000000000533e+00,-4.184551461816689022e-01,-4.184622091457061988e-01,-4.191604111438473890e-01,-4.779755122711661364e-01,5.877507833558437422e-01,1.949847738721994794e+00
7.610000000000000320e+00,-4.943426259839907022e-01,-4.943495502073725345e-01,-4.950339622050629051e-01,-5.520600296108149063e-01,5.769003442179088115e-01,1.922025080635882066e+00
7.620000000000000107e+00,-5.692616086178134971e-01,-5.692683409655434623e-01,-5.699337143519478399e-01,-6.247985973659617720e-01,5.636649557684436651e-01,1.889913694192737026e+00
7.629999999999999893e+00,-6.428788803537692775e-01,-6.428853735454567175e-01,-6.435270439460272218e-01,-6.959447390646005260e-01,5.478330011435821323e-01,1.854365984665660605e+00
7.640000000000000568e+00,-7.148712727434123337e-01,-7.148774887965598790e-01,-7.154917156339759554e-01,-7.652799265043743748e-01,5.291344068603431872e-01,1.816041814575235058e+00
7.650000000000000355e+00,-7.849408558651855827e-01,-7.849467687502700297e-01,-7.855309961254302031e-01,-8.326189953290814572e-01,5.072296714913080429e-01,1.775441189307815915e+00
7.660000000000000142e+00,-8.528283416836821562e-01,-8.528339387181200770e-01,-8.533869312530661944e-01,-8.978129615803391861e-01,4.817033503464711042e-01,1.732939908479756763e+00
7.669999999999999929e+00,-9.183226688507447610e-01,-9.183279506555257488e-01,-9.188497873549272832e-01,-9.607493197415732933e-01,4.520756439682754868e-01,1.688820144832076986e+00
7.679999999999999716e+00,-9.812656660547026677e-01,-9.812706452338195717e-01,-9.817625875684162784e-01,-1.021350253967664434e+00,4.178645976717973443e-01,1.643294388321031363e+00
7.690000000000000391e+00,-1.041551846304853868e+00,-1.041556545249802568e+00,-1.042020819383217223e+00,-1.079569377227158844e+00,3.787577041022657243e-01,1.596523519995924234e+00
7.700000000000000178e+00,-1.099124316042983107e+00,-1.099128764344524001e+00,-1.099568305102186949e+00,-1.135387632572732342e+00,3.349359612446696777e-01,1.548630321530501952e+00
7.709999999999999964e+00,-1.153968230283211049e+00,-1.153972462168278534e+00,-1.154390659885780046e+00,-1.188808897204333137e+00,2.874067771350588552e-01,1.499709636943686419e+00
7.719999999999999751e+00,-1.206103198302479917e+00,-1.206107250374681028e+00,-1.206507727950309805e+00,-1.239855685049237488e+00,2.379196638114818296e-01,1.449836154068040006e+00
7.730000000000000426e+00,-1.255575724309634822e+00,-1.255579633725463218e+00,-1.255966066788599012e+00,-1.288565196264892077e+00,1.883175147888228596e-01,1.399070530749452868e+00
7.740000000000000213e+00,-1.302452358958671397e+00,-1.302456162059476785e+00,-1.302832144148160065e+00,-1.334985839993855450e+00,1.399239013587080249e-01,1.347464392077525552e+00
7.750000000000000000e+00,-1.346813879005757997e+00,-1.346817610358371109e+00,-1.347186558411653134e+00,-1.379174269507682515e+00,9.343310468114340850e-02,1.295064579244117997e+00
7.759999999999999787e+00,-1.388750560203775741e+00,-1.388754251973836951e+00,-1.389119344628775066e+00,-1.421192914135779084e+00,4.910648366378816965e-02,1.241916920263744561e+00
7.770000000000000462e+00,-1.428358462484000668e+00,-1.428362144061979366e+00,-1.428726284856279394e+00,-1.461107963192906700e+00,6.981216313114435579e-03,1.188069709174708999e+00
7.780000000000000249e+00,-1.465736580558668845e+00,-1.465740278367968275e+00,-1.466106076893730403e+00,-1.498987745330386367e+00,-3.299972629108266498e-02,1.133577015329086723e+00
7.790000000000000036e+00,-1.500984698712949594e+00,-1.500988436143622318e+00,-1.501358201569234829e+00,-1.534901445077387905e+00,-7.092168912865803865e-02,1.078501885121735393e+00
7.799999999999999822e+00,-1.534201799874204797e+00,-1.534205597299695079e+00,-1.534581340094028690e+00,-1.568918103984546786e+00,-1.068683496060509608e-01,1.022919444867244732e+00
7.810000000000000497e+00,-1.565484903467112332e+00,-1.565488778315756946e+00,-1.565872217342533013e+00,-1.601105858080294819e+00,-1.409093106491887681e-01,9.669198575894029091e-01
7.820000000000000284e+00,-1.594928230336265074e+00,-1.594932197194709911e+00,-1.595324770000782433e+00,-1.631531373657749917e+00,-1.730957877049911220e-01,9.106110295101066399e-01
7.830000000000000071e+00,-1.622622620446324326e+00,-1.622626691184282599e+00,-1.623029566344770469e+00,-1.660259446446705089e+00,-2.034598829269848030e-01,8.541209036150413381e-01
7.839999999999999858e+00,-1.648655140489603710e+00,-1.648659324396630321e+00,-1.649073415085303029e+00,-1.687352739195740359e+00,-2.320153910721485246e-01,7.975991224223014653e-01
7.850000000000000533e+00,-1.673108842397691642e+00,-1.673113146327733336e+00,-1.673539124645456067e+00,-1.712871632632153807e+00,-2.587592354322327814e-01,7.412177951677413335e-01
7.860000000000000320e+00,-1.696062638381181209e+00,-1.696067066901239873e+00,-1.696505378610495551e+00,-1.736874171547351464e+00,-2.836731675068510095e-01,6.851710798082266685e-01
7.870000000000000107e+00,-1.717591268742272081e+00,-1.717595824285337081e+00,-1.718046703980320222e+00,-1.759416089977175135e+00,-3.067256091162051668e-01,6.296732930752149127e-01
7.879999999999999893e+00,-1.737765344210819851e+00,-1.737770027230919556e+00,-1.738233513709352751e+00,-1.780550900466246755e+00,-3.278736271357451937e-01,5.749553086790823997e-01
7.890000000000000568e+00,-1.756651448104028290e+00,-1.756656257234038510e+00,-1.757132209152189262e+00,-1.800330035270175211e+00,-3.470650735528127973e-01,5.212591011352828430e-01
7.900000000000000355e+00,-1.774312286876484013e+00,-1.774317219087876207e+00,-1.774805330801173087e+00,-1.818803027503144154e+00,-3.642409361681081537e-01,4.688304387680927166e-01
7.910000000000000142e+00,-1.790806878869038332e+00,-1.790811929633876476e+00,-1.791311747272467336e+00,-1.836017722044452904e+00,-3.793379358499778808e-01,4.179099167541368010e-01
7.919999999999999929e+00,-1.806190773088963697e+00,-1.806195936543562919e+00,-1.806706874244749184e+00,-1.852020506115119591e+00,-3.922913849832649902e-01,3.687227310310361439e-01
7.930000000000000604e+00,-1.820516290452014907e+00,-1.820521559562017888e+00,-1.821042915846185384e+00,-1.866856550310291629e+00,-4.030382929391339575e-01,3.214677875142886165e-01
7.940000000000000391e+00,-1.833832780679181429e+00,-1.833838147405710828e+00,-1.834369121660954338e+00,-1.880570051395868969e+00,-4.115206669207299717e-01,2.763068920859734767e-01
7.950000000000000178e+00,-1.846186888867050513e+00,-1.846192344333035695e+00,-1.846732053314022348e+00,-1.893204468576796806e+00,-4.176889149169719095e-01,2.333548394994838793e-01
7.959999999999999964e+00,-1.857622826014655226e+00,-1.857628360671033541e+00,-1.858175854986131359e+00,-1.904802745782554041e+00,-4.215052223159846401e-01,1.926711928274065233e-01
7.969999999999999751e+00,-1.868182638413976804e+00,-1.868188242204484650e+00,-1.868742522662022232e+00,-1.915407512796680756e+00,-4.229467372898882971e-01,1.542544246510968442e-01
7.980000000000000426e+00,-1.877906471183791615e+00,-1.877912133707786868e+00,-1.878472167461874509e+00,-1.925061259328572527e+00,-4.220083792222952823e-01,1.180388876161245770e-01
7.990000000000000213e+00,-1.886832821429353046e+00,-1.886838532101183130e+00,-1.887403268458184957e+00,-1.933806476888250137e+00,-4.187050833151303442e-01,8.389483470234704310e-02
8.000000000000000000e+00,-1.894998777411550872e+00,-1.895004525615445079e+00,-1.895572911387141346e+00,-1.941685763878417070e+00,-4.130733104142882417e-01,5.163145370058919159e-02
8.009999999999999787e+00,-1.902440239798145694e+00,-1.902446015037140503e+00,-1.903017009301313678e+00,-1.948741891740841892e+00,-4.051716896599439899e-01,2.100265187501693109e-02
8.019999999999999574e+00,-1.909192122055772822e+00,-1.909197914093282211e+00,-1.909770502220128119e+00,-1.955017830188603423e+00,-3.950807243083657716e-01,-8.284845740137658510e-03
8.029999999999999361e+00,-1.915288527128110596e+00,-1.915294326120451363e+00,-1.915867532896414982e+00,-1.960556731740210834e+00,-3.829015604573057785e-01,-3.656162930156048319e-02
8.040000000000000924e+00,-1.920762898250366835e+00,-1.920768694868864479e+00,-1.921341596577115007e+00,-1.965401876766379008e+00,-3.687538979471722822e-01,-6.418455900728803343e-02
8.050000000000000711e+00,-1.925648141947028158e+00,-1.925653927488067962e+00,-1.926225662795864491e+00,-1.969596581869608176e+00,-3.527731940512870423e-01,-9.152512376913690684e-02
8.060000000000000497e+00,-1.929976722169398418e+00,-1.929982488650839878e+00,-1.930552268131610738e+00,-1.973184075492794065e+00,-3.351073649164922341e-01,-1.189577431999591095e-01
8.070000000000000284e+00,-1.933780724878919166e+00,-1.933786465121915654e+00,-1.934353579323640382e+00,-1.976207345647625679e+00,-3.159132261935044816e-01,-1.468484905082205749e-01
8.080000000000000071e+00,-1.937091892954945216e+00,-1.937097600649991591e+00,-1.937661426598300540e+00,-1.978708965295477462e+00,-2.953529213561664202e-01,-1.755446446090561663e-01
8.089999999999999858e+00,-1.939941632392505388e+00,-1.939947302148405051e+00,-1.940507308150947186e+00,-1.980730901503342523e+00,-2.735905709374154560e-01,-2.053654141170668801e-01
8.099999999999999645e+00,-1.942360990840418467e+00,-1.942366618216935681e+00,-1.942922367038812936e+00,-1.982314314292679791e+00,-2.507893405604578740e-01,-2.365941137612799228e-01
8.109999999999999432e+00,-1.944380610283808819e+00,-1.944386191806783071e+00,-1.944937342113604473e+00,-1.983499351129806687e+00,-2.271090761125660051e-01,-2.694720146201888822e-01
8.120000000000000995e+00,-1.946030656680618032e+00,-1.946036189840615327e+00,-1.946582496003836482e+00,-1.984324942374643408e+00,-2.027045990309301882e-01,-3.041940279660230173e-01
8.130000000000000782e+00,-1.947340729254749547e+00,-1.947346212489597050e+00,-1.947887522794816251e+00,-1.984828602477549442e+00,-1.777246997141623541e-01,-3.409063113541217493e-01
8.140000000000000568e+00,-1.948339752850965167e+00,-1.948345185513673083e+00,-1.948881438920639475e+00,-1.985046240787414096e+00,-1.523118167666120681e-01,-3.797058059624231485e-01
8.150000000000000355e+00,-1.949055856769432493e+00,-1.949061239082440444e+00,-1.949592460638122304e+00,-1.985011985064526696e+00,-1.266023479930871998e-01,-4.206416139202893145e-01
8.160000000000000142e+00,-1.949516244148973731e+00,-1.949521577146718254e+00,-1.950047872238438007e+00,-1.984758019908091198e+00,-1.007275073618686123e-01,-4.637180272126898428e-01
8.169999999999999929e+00,-1.949747055210556912e+00,-1.949752340672007422e+00,-1.950273888297206604e+00,-1.984314441507555760e+00,-7.481461838311999346e-02,-5.088989167345624454e-01
8.179999999999999716e+00,-1.949773228218020904e+00,-1.949778468591137237e+00,-1.950295513830278438e+00,-1.983709129424710227e+00,-4.898871943015004060e-02,-5.561131092983848667e-01
8.189999999999999503e+00,-1.949618361421410651e+00,-1.949623559741372691e+00,-1.950136405623100755e+00,-1.982967635548331664e+00,-2.337434783866904064e-02,-6.052603306342628775e-01
8.199999999999999289e+00,-1.949304579146158733e+00,-1.949309738949221549e+00,-1.949818737887959896e+00,-1.982113089928483118e+00,1.902635152874199154e-03,-6.562172814428757217e-01
8.210000000000000853e+00,-1.948852404725038623e+00,-1.948857529959675094e+00,-1.949363074932618956e+00,-1.981166122919641115e+00,2.671331708908741831e-02,-7.088434491682706895e-01
8.220000000000000639e+00,-1.948280642675844776e+00,-1.948285737612699187e+00,-1.948788253226610756e+00,-1.980144802911355306e+00,5.092424110960541705e-02,-7.629863270254004792e-01
8.230000000000000426e+00,-1.947606272118710624e+00,-1.947611341260625295e+00,-1.948111274832416528e+00,-1.979064588947648584e+00,7.439627827902833834e-02,-8.184858053780167397e-01
8.240000000000000213e+00,-1.946844353082663570e+00,-1.946849401075855468e+00,-1.947347213833988899e+00,-1.977938297590117411e+00,9.698398777543543181e-02,-8.751775980125231502e-01
8.250000000000000000e+00,-1.946007947014602557e+00,-1.946012978561832085e+00,-1.946509137050969063e+00,-1.976776083619598889e+00,1.185355716854135655e-01,-9.328956543781248278e-01
8.259999999999999787e+00,-1.945108052555463374e+00,-1.945113072331781989e+00,-1.945608040076233669e+00,-1.975585434388329453e+00,1.388935104281394661e-01,-9.914735731766757265e-01
8.269999999999999574e+00,-1.944153557374362684e+00,-1.944158569945919179e+00,-1.944652799423605583e+00,-1.974371177956124157e+00,1.578959315774142169e-01,-1.050745071426471888e+00
8.279999999999999361e+00,-1.943151206716146717e+00,-1.943156216462317065e+00,-1.943650141407959886e+00,-1.973135505486053098e+00,1.753787240833458716e-01,-1.110543571085871095e+00
8.290000000000000924e+00,-1.942105589110567188e+00,-1.942110600149625554e+00,-1.942604628214674278e+00,-1.971878008540027372e+00,1.911783581759484152e-01,-1.170700948130910968e+00
8.300000000000000711e+00,-1.941019139670079108e+00,-1.941024155788448446e+00,-1.941518661553275571e+00,-1.970595732364734953e+00,2.051353113985227017e-01,-1.231045448192253478e+00
8.310000000000000497e+00,-1.939892161150145622e+00,-1.939897185735439011e+00,-1.940392504104791360e+00,-1.969283246244268204e+00,2.170979391342786613e-01,-1.291398706689447229e+00
8.320000000000000284e+00,-1.938722862990775342e+00,-1.938727898968645391e+00,-1.939224318939530622e+00,-1.967932732246264305e+00,2.269265700871238023e-01,-1.351571725505356536e+00
8.330000000000000071e+00,-1.937507418282671479e+00,-1.937512468057723591e+00,-1.938010226894586907e+00,-1.966534093453385701e+00,2.344975612090057782e-01,-1.411359532196901689e+00
8.339999999999999858e+00,-1.936240038574632116e+00,-1.936245103975493542e+00,-1.936744381793211733e+00,-1.965075082759592640e+00,2.397070230178509620e-01,-1.470534078050138582e+00
8.349999999999999645e+00,-1.934913066047605934e+00,-1.934918148276651984e+00,-1.935419063091373015e+00,-1.963541452792481046e+00,2.424739306215837331e-01,-1.528834689082652964e+00
8.359999999999999432e+00,-1.933517082475060267e+00,-1.933522182063098560e+00,-1.934024785327959517e+00,-1.961917127085052837e+00,2.427423722580820398e-01,-1.585955024759171827e+00
8.370000000000000995e+00,-1.932041033931898522e+00,-1.932046150698373710e+00,-1.932550423389281402e+00,-1.960184391828290185e+00,2.404827532603345253e-01,-1.641525010563530396e+00
8.380000000000000782e+00,-1.930472369888706963e+00,-1.930477502907958609e+00,-1.930983352207925163e+00,-1.958324106748231541e+00,2.356918625427621983e-01,-1.695085504812818833e+00
8.390000000000000568e+00,-1.928797194862729825e+00,-1.928802342436956252e+00,-1.929309599085303084e+00,-1.956315932687050729e+00,2.283918071434390962e-01,-1.746052704418734614e+00
8.400000000000000355e+00,-1.927000430358027261e+00,-1.927005589997537127e+00,-1.927514006360247611e+00,-1.954138572378648631e+00,2.186279171044546166e-01,-1.793668877293227659e+00
8.410000000000000142e+00,-1.925065984386080231e+00,-1.925071152797398710e+00,-1.925580401714865442e+00,-1.951770020104687475e+00,2.064658022145714478e-01,-1.836937725814937750e+00
8.419999999999999929e+00,-1.922976925370175394e+00,-1.922982098452477029e+00,-1.923491772913617837e+00,-1.949187814842074040e+00,1.919877949706393361e-01,-1.874551509946444927e+00
8.429999999999999716e+00,-1.920715656993501108e+00,-1.920720829843678867e+00,-1.921230443513140429e+00,-1.946369291025796144e+00,1.752890375382240018e-01,-1.904844372488498028e+00
8.439999999999999503e+00,-1.918264090154920609e+00,-1.918269257081398393e+00,-1.918778245694598539e+00,-1.943291820373431289e+00,1.564734642640738249e-01,-1.925865689520606328e+00
8.449999999999999289e+00,-1.915603808153936383e+00,-1.915608962699231865e+00,-1.916116686321008622e+00,-1.939933038441828517e+00,1.356498991866484927e-01,-1.935729413818369604e+00
8.460000000000000853e+00,-1.912716221116123272e+00,-1.912721356087700997e+00,-1.913227102194356988e+00,-1.936271049425336788e+00,1.129284440912943221e-01,-1.933290621370685969e+00
8.470000000000000639e+00,-1.909582705922998169e+00,-1.909587813431973924e+00,-1.910090800767635599e+00,-1.932284603596306827e+00,8.841727632224161137e-02,-1.918770123326734023e+00
8.480000000000000426e+00,-1.906184728050325905e+00,-1.906189799557147957e+00,-1.906689182681104100e+00,-1.927953242308596105e+00,6.221992616693672318e-02,-1.893707387088191973e+00
8.490000000000000213e+00,-1.902503942219829547e+00,-1.902508968585988836e+00,-1.903003843014577701e+00,-1.923257406929279156e+00,3.443305550538799942e-02,-1.860258467336162180e+00
8.500000000000000000e+00,-1.898522269203113844e+00,-1.898527240747698741e+00,-1.899016648575384769e+00,-1.918178508928792603e+00,5.144724267363121051e-03,-1.820492771631367024e+00
8.509999999999999787e+00,-1.894221946737819628e+00,-1.894226853297644286e+00,-1.894709789168932179e+00,-1.912698959786841346e+00,-2.556688998670897384e-02,-1.776069922771607468e+00
8.519999999999999574e+00,-1.889585553042188337e+00,-1.889590384034248505e+00,-1.890065801343726815e+00,-1.906802160697132376e+00,-5.763436563488832931e-02,-1.728212009143926142e+00
8.529999999999999361e+00,-1.884596002085038968e+00,-1.884600746569825791e+00,-1.885067563744846630e+00,-1.900472452772032916e+00,-9.100154746347843826e-02,-1.677788424691107894e+00
8.540000000000000924e+00,-1.879236510279206129e+00,-1.879241157023804121e+00,-1.879698263783532219e+00,-1.893695029749454584e+00,-1.256237133098173642e-01,-1.625412754367638879e+00
8.550000000000000711e+00,-1.873490534720899214e+00,-1.873495072260547900e+00,-1.873941335718828149e+00,-1.886455815482018350e+00,-1.614673805466722012e-01,-1.571520268983447988e+00
8.560000000000000497e+00,-1.867341683574008648e+00,-1.867346100271265907e+00,-1.867780370800127265e+00,-1.878741309256021896e+00,-1.985096574299520800e-01,-1.516423258434240529e+00
8.570000000000000284e+00,-1.860773599443112936e+00,-1.860777883543533795e+00,-1.861199000289448957e+00,-1.870538401718390364e+00,-2.367369102589634289e-01,-1.460349044653820982e+00
8.580000000000000071e+00,-1.853769816918784397e+00,-1.853773956602732031e+00,-1.854180752616100047e+00,-1.861834164669650793e+00,-2.761422713253112726e-01,-1.403465941678942563e+00
8.589999999999999858e+00,-1.846313595325303591e+00,-1.846317578755185540e+00,-1.846708885665435229e+00,-1.852615617347940447e+00,-3.167210524847899333e-01,-1.345901187629945595e+00
8.599999999999999645e+00,-1.838387728237323326e+00,-1.838391543599916300e+00,-1.838766195801468939e+00,-1.842869472078938697e+00,-3.584622499901966575e-01,-1.287753620789461984e+00
8.609999999999999432e+00,-1.829974330905732582e+00,-1.829977966449706006e+00,-1.830334804810696880e+00,-1.832581861239857446e+00,-4.013326550354809896e-01,-1.229102941492669743e+00
8.620000000000000995e+00,-1.821054606933979247e+00,-1.821058051002408362e+00,-1.821395926078346772e+00,-1.821738047762376134e+00,-4.452469739501619950e-01,-1.170016781479287671e+00
8.630000000000000782e+00,-1.811608595965521928e+00,-1.811611837023108462e+00,-1.811929611739639956e+00,-1.810322120836686199e+00,-4.900121399825119739e-01,-1.110556396459112083e+00
8.640000000000000568e+00,-1.801614903321734129e+00,-1.801617929978101662e+00,-1.801914481928157397e+00,-1.798316678870885532e+00,-5.352278472121663189e-01,-1.050781539194318714e+00
8.650000000000000355e+00,-1.791050413439368771e+00,-1.791053214467584809e+00,-1.791327437732384009e+00,-1.785702500274452653e+00,-5.801293631893765790e-01,-9.907548986759768805e-01
8.660000000000000142e+00,-1.779889988819397306e+00,-1.779892553170597580e+00,-1.780143359758494803e+00,-1.772458204581820240e+00,-6.234121709984234982e-01,-9.305463762012224915e-01
8.669999999999999929e+00,-1.768106156912386151e+00,-1.768108473726665686e+00,-1.768334794630756823e+00,-1.758559906457708877e+00,-6.632307064342340963e-01,-8.702373808062130456e-01
8.679999999999999716e+00,-1.755668786426470840e+00,-1.755670845041730210e+00,-1.755871631107348119e+00,-1.743980863271962667e+00,-6.976580946662740423e-01,-8.099252522990977310e-01
8.689999999999999503e+00,-1.742544756711680298e+00,-1.742546546668443552e+00,-1.742720769053107688e+00,-1.728691121039885426e+00,-7.254621939881764625e-01,-7.497278462176610869e-01
8.700000000000001066e+00,-1.728697623612453382e+00,-1.728699134657913250e+00,-1.728845785214390585e+00,-1.712657160738016771e+00,-7.464709380090264190e-01,-6.897882299924897875e-01
8.710000000000000853e+00,-1.714087284838345937e+00,-1.714088506928209910e+00,-1.714206598373437362e+00,-1.695841550131093278e+00,-7.612696986663826104e-01,-6.302793415579992509e-01
8.720000000000000639e+00,-1.698669650338393122e+00,-1.698670573638141779e+00,-1.698759139652579631e+00,-1.678202606013593279e+00,-7.707197551763431687e-01,-5.714083458486221012e-01
8.730000000000000426e+00,-1.682396321011114804e+00,-1.682396935896986800e+00,-1.682455031220654096e+00,-1.659694071705783980e+00,-7.756625510728648587e-01,-5.134202981202653504e-01
8.740000000000000213e+00,-1.665214282740450358e+00,-1.665214579800474937e+00,-1.665241280298302318e+00,-1.640264816451374230e+00,-7.768132455447485096e-01,-4.566006006083913049e-01
8.750000000000000000e+00,-1.647065619162801031e+00,-1.647065589199125490e+00,-1.647059992086711944e+00,-1.619858561826536203e+00,-7.747481904500628236e-01,-4.012756426749410354e-01
8.759999999999999787e+00,-1.627887249738117603e+00,-1.627886883770372606e+00,-1.627848107922049037e+00,-1.598413642470782658e+00,-7.699239328319087416e-01,-3.478109850483063203e-01
8.769999999999999574e+00,-1.607610696582526977e+00,-1.607609985854926204e+00,-1.607537172493354038e+00,-1.575862805075753270e+00,-7.627015977773561328e-01,-2.966065185872837073e-01
8.779999999999999361e+00,-1.586161884545904899e+00,-1.586160820536292260e+00,-1.586053134110212426e+00,-1.552133051298211885e+00,-7.533683183591954879e-01,-2.480882353621826075e-01
8.790000000000000924e+00,-1.563460977613843728e+00,-1.563459552048233059e+00,-1.563316181655668435e+00,-1.527145526142668519e+00,-7.421540838545326313e-01,-2.026965996634941813e-01
8.800000000000000711e+00,-1.539422252345278963e+00,-1.539420457217672844e+00,-1.539240618554647222e+00,-1.500815454960936490e+00,-7.292444537443676378e-01,-1.608719722651126283e-01
8.810000000000000497e+00,-1.513954009293668523e+00,-1.513951836893130842e+00,-1.513734774917284032e+00,-1.473052127120690669e+00,-7.147900233562710648e-01,-1.230380431307616096e-01
8.820000000000000284e+00,-1.486958521578035874e+00,-1.486955964525013885e+00,-1.486700957039295501e+00,-1.443758924779588781e+00,-6.989134632984004281e-01,-8.958465873116305822e-02
8.830000000000000071e+00,-1.458332020364638382e+00,-1.458329071658551301e+00,-1.458035434005522157e+00,-1.412833394858065583e+00,-6.817147814182884513e-01,-6.085166716485179705e-02
8.839999999999999858e+00,-1.427964718655025500e+00,-1.427961371736834462e+00,-1.427628462976274770e+00,-1.380167362948048204e+00,-6.632752899926004364e-01,-3.711537026173672427e-02
8.849999999999999645e+00,-1.395740880919320581e+00,-1.395737129752249839e+00,-1.395364360623159161e+00,-1.345647091812822715e+00,-6.436606312612088709e-01,-1.857885113618396034e-02
8.859999999999999432e+00,-1.361538955836105735e+00,-1.361534795010804988e+00,-1.361121638303989467e+00,-1.309153499541708010e+00,-6.229231192509874226e-01,-5.366908624777066983e-03
8.870000000000000995e+00,-1.325231809234606040e+00,-1.325227234105590624e+00,-1.324773238114163920e+00,-1.270562469372723768e+00,-6.011035896741439011e-01,2.474298865559609872e-03
8.880000000000000782e+00,-1.286687126095354516e+00,-1.286682132957839286e+00,-1.286186938886928033e+00,-1.229745314766290010e+00,-5.782329024559140773e-01,4.973376352821579083e-03
8.890000000000000568e+00,-1.245768099681368479e+00,-1.245762686001685271e+00,-1.245226050641313753e+00,-1.186569515486652238e+00,-5.543332105914102748e-01,2.226479674104830941e-03
8.900000000000000355e+00,-1.202334603131316015e+00,-1.202328767845972424e+00,-1.201750592964038855e+00,-1.140899918054840700e+00,-5.294190862610139714e-01,-5.612124138430485409e-03
8.910000000000000142e+00,-1.156245148856059890e+00,-1.156238892759256620e+00,-1.155619263156772103e+00,-1.092600709362713474e+00,-5.034985791475679040e-01,-1.834060482832644556e-02
8.919999999999999929e+00,-1.107360090560454591e+00,-1.107353416800644474e+00,-1.106692649027605224e+00,-1.041538634518298201e+00,-4.765742710235092994e-01,-3.572024835605203119e-02
8.929999999999999716e+00,-1.055546707754053237e+00,-1.055539622457875470e+00,-1.054838325966686252e+00,-9.875881301619053865e-01,-4.486443785686035635e-01,-5.748551803094481549e-02
8.939999999999999503e+00,-1.000686990557412726e+00,-1.000679503587642349e+00,-9.999386549649238454e-01,-9.306392578600173326e-01,-4.197039446131815565e-01,-8.335299920279870545e-02
8.950000000000001066e+00,-9.426890187150648304e-01,-9.426811445380381960e-01,-9.419021723850198313e-01,-8.706094346276406215e-01,-3.897461456111555589e-01,-1.130289612018817724e-01
8.960000000000000853e+00,-8.815025889395919911e-01,-8.814943475200136547e-01,-8.806792199378077335e-01,-8.074597508423897452e-01,-3.587637232767892925e-01,-1.462154577484170437e-01
8.970000000000000639e+00,-8.171388719992775940e-01,-8.171302895515810683e-01,-8.162815875225073459e-01,-7.412157608275902199e-01,-3.267505279543314600e-01,-1.826150221854812017e-01
8.980000000000000426e+00,-7.496920660086008326e-01,-7.496831753343045079e-01,-7.488041255652025940e-01,-6.719906323829538675e-01,-2.937031353674839362e-01,-2.219340999754523258e-01
8.990000000000000213e+00,-6.793583658990337559e-01,-6.793492059894659096e-01,-6.784436419311928868e-01,-6.000054907262740711e-01,-2.596224721754822884e-01,-2.638854061586646260e-01
9.000000000000000000e+00,-6.064452081503233227e-01,-6.064358228265329664e-01,-6.055080516249411460e-01,-5.255989371364594431e-01,-2.245153611227687640e-01,-3.081894107673863736e-01
9.009999999999999787e+00,-5.313638766730861551e-01,-5.313543123201345253e-01,-5.304088933162640629e-01,-4.492177396153151925e-01,-1.883958798406111246e-01,-3.545751497763917071e-01
9.019999999999999574e+00,-4.546029646550375780e-01,-4.545932674875977630e-01,-4.536347449106719054e-01,-3.713859084949513445e-01,-1.512864223551629306e-01,-4.027805412515521599e-01
9.029999999999999361e+00,-3.766876826187199323e-01,-3.766778961454628760e-01,-3.757105511061651915e-01,-2.926583760713077909e-01,-1.132183637347365379e-01,-4.525523613691428415e-01
9.040000000000000924e+00,-2.981359731244392908e-01,-2.981261363767857553e-01,-2.971538133454922348e-01,-2.135724674484058005e-01,-7.423225692862239766e-02,-5.036460073406914262e-01
9.050000000000000711e+00,-2.194226498188323049e-01,-2.194127965517551349e-01,-2.184388246399206479e-01,-1.346100911550943691e-01,-3.437753401598309111e-02,-5.558251463738665965e-01
9.060000000000000497e+00,-1.409577227035552216e-01,-1.409478814194889407e-01,-1.399750760245737080e-01,-5.617697478044555992e-02,6.288264749989891378e-03,-6.088613229655696069e-01
9.070000000000000284e+00,-6.307884015245857068e-02,-6.306903462925692039e-02,-6.209974840107529426e-02,2.140220112505400452e-02,4.770066076542872624e-02,-6.625335726988446083e-01
9.080000000000000071e+00,1.394606149449881261e-02,1.395581147392233046e-02,1.491961780934089599e-02,9.787800722755757299e-02,8.978969298870537186e-02,-7.166280687025106122e-01
9.089999999999999858e+00,8.991058709252253145e-02,8.992026500770727848e-02,9.087695137402615475e-02,1.730653820783210894e-01,1.324815251532727722e-01,-7.709378088888386715e-01
9.099999999999999645e+00,1.646598327566991538e-01,1.646694247089675323e-01,1.656176092254334764e-01,2.468316373337722525e-01,1.757000675584664551e-01,-8.252623356063378823e-01
9.109999999999999432e+00,2.380806146088656483e-01,2.380901087976039776e-01,2.390286166474600293e-01,3.190854806843016478e-01,2.193684929966930874e-01,-8.794074676829087833e-01
9.120000000000000995e+00,3.100929424882049590e-01,3.101023287940567474e-01,3.110301514534865031e-01,3.897678478457680118e-01,2.634105552924023708e-01,-9.331850145400125696e-01
9.130000000000000782e+00,3.806429748535499202e-01,3.806522445064329796e-01,3.815685072386498233e-01,4.588445906778224059e-01,3.077516537774146466e-01,-9.864124347371245882e-01
9.140000000000000568e+00,4.496973304363202639e-01,4.497064757454976025e-01,4.506104111306200588e-01,5.263007462813067416e-01,3.523196208520495420e-01,-1.038912396148698569e+00
9.150000000000000355e+00,5.172385022594147008e-01,5.172475163869491022e-01,5.181384420804331370e-01,5.921360294139011993e-01,3.970452382215023945e-01,-1.090512190640362977e+00
9.160000000000000142e+00,5.832611058159741235e-01,5.832699825802909466e-01,5.841472820323000414e-01,6.563612165633035955e-01,4.418625076965905785e-01,-1.141042951603766342e+00
9.169999999999999929e+00,6.477687330478327787e-01,6.477774667486189131e-01,6.486405720035702815e-01,7.189951565044224724e-01,4.867087143691780082e-01,-1.190338618696922257e+00
9.179999999999999716e+00,7.107712352615378482e-01,7.107798205212546572e-01,7.116281966653215107e-01,7.800622122322605767e-01,5.315243245983733988e-01,-1.238234586074513643e+00
9.189999999999999503e+00,7.722823094165606195e-01,7.722907410362268577e-01,7.731238720455289037e-01,8.395900004060542487e-01,5.762527602754965450e-01,-1.284565960448981858e+00
9.200000000000001066e+00,8.323173041853622056e-01,8.323255770145011612e-01,8.331429530137126616e-01,8.976073425803030581e-01,6.208400863805012548e-01,-1.329165328832863535e+00
9.210000000000000853e+00,8.908911937916370594e-01,8.908993026130319626e-01,8.917004085875639419e-01,9.541423768446024578e-01,6.652346424371433642e-01,-1.371859926221908887e+00
9.220000000000000639e+00,9.480166907217624228e-01,9.480246301527360808e-01,9.488089363032721213e-01,1.009220802563963737e+00,7.093866414979957957e-01,-1.412468025694602058e+00
9.230000000000000426e+00,1.003702483352998387e+00,1.003710247764945107e+00,1.004477201652332452e+00,1.062864245768577298e+00,7.532477535715745853e-01,-1.450794339701116709e+00
9.240000000000000213e+00,1.057951594029822306e+00,1.057959177488598357e+00,1.058708198265499778e+00,1.115088740697851577e+00,7.967706843731234834e-01,-1.486624088959228596e+00
9.250000000000000000e+00,1.110759860208481609e+00,1.110767256436798522e+00,1.111497731165604907e+00,1.165903328053448762e+00,8.399087551647861360e-01,-1.519715323749952107e+00
9.259999999999999787e+00,1.162114546058467202e+00,1.162121748426198975e+00,1.162833031294285613e+00,1.215308772546716209e+00,8.826154852524199512e-01,-1.549788828541077912e+00
9.269999999999999574e+00,1.211993098650684386e+00,1.212000100192522023e+00,1.212691514245876512e+00,1.263296403803513712e+00,9.248441751392857402e-01,-1.576514735785472521e+00
9.279999999999999361e+00,1.260362075948841198e+00,1.260368869418429627e+00,1.261039711994412560e+00,1.309847092232935273e+00,9.665474856467817233e-01,-1.599494629557635328e+00
9.290000000000000924e+00,1.307176288058677471e+00,1.307182866023288259e+00,1.307832418088134441e+00,1.354930377078434223e+00,1.007677005634822320e+00,-1.618237600987783686e+00
9.300000000000000711e+00,1.352378221987827089e+00,1.352384576972958996e+00,1.353012117370847145e+00,1.398503782001853990e+00,1.048182798849139452e+00,-1.632128643463869544e+00
9.310000000000000497e+00,1.395897857374140738e+00,1.395903982068156468e+00,1.396508807592873769e+00,1.440512377286129686e+00,1.088012917733026441e+00,-1.640388752442492271e+00
9.320000000000000284e+00,1.437653028629587437e+00,1.437658916159606726e+00,1.438240368528980628e+00,1.480888682452926597e+00,1.127112869885473101e+00,-1.642030295408908103e+00
9.330000000000000071e+00,1.477550545431468354e+00,1.477556189721425106e+00,1.478113690530898250e+00,1.519553049065801353e+00,1.165425019238268689e+00,-1.635823701926315543e+00
9.339999999999999858e+00,1.515488336753765264e+00,1.515493732969741103e+00,1.516026827000623189e+00,1.556414717854894381e+00,1.202887900019854683e+00,-1.620320711258343760e+00
9.349999999999999645e+00,1.551358909286147281e+00,1.551364054364138045e+00,1.551872460770054918e+00,1.591373796930101392e+00,1.239435416771683007e+00,-1.594025802954282645e+00
9.359999999999999432e+00,1.585054375224911549e+00,1.585059268456246340e+00,1.585542937332294233e+00,1.624324441663012708e+00,1.274995896375854088e+00,-1.555816234983415480e+00
9.370000000000000995e+00,1.616473155974230469e+00,1.616477799596246268e+00,1.616936968781400807e+00,1.655159497616671027e+00,1.309490948704970181e+00,-1.505532433472936527e+00
9.380000000000000782e+00,1.645528166970035455e+00,1.645532566677453623e+00,1.645967810545618804e+00,1.683776752075743399e+00,1.342834080619264903e+00,-1.444304378401306543e+00
9.390000000000000568e+00,1.672155835863958995e+00,1.672160001131090423e+00,1.672572260731874039e+00,1.710086683564463694e+00,1.374928990807307017e+00,-1.374216599358759616e+00
9.400000000000000355e+00,1.696324793691963428e+00,1.696328737794044805e+00,1.696719321607465192e+00,1.734021191174621723e+00,1.405667451203116425e+00,-1.297581470447991769e+00
9.410000000000000142e+00,1.718042706988510915e+00,1.718046446646878778e+00,1.718416994852727475e+00,1.755542291494193829e+00,1.434926648352360834e+00,-1.216402157267381323e+00
9.419999999999999929e+00,1.737359736142301214e+00,1.737363290793797255e+00,1.737715703313639892e+00,1.774649359571421892e+00,1.462565821124317544e+00,-1.132208299311652677e+00
9.429999999999999716e+00,1.754367654564545465e+00,1.754371045348079194e+00,1.754707382891535161e+00,1.791383397953627554e+00,1.488421973673581533e+00,-1.046109887076792200e+00
9.439999999999999503e+00,1.769194631960887776e+00,1.769197880585937632e+00,1.769520254784352709e+00,1.805827221037200392e+00,1.512304379436011370e+00,-9.589084628119234344e-01
9.450000000000001066e+00,1.781996704853765046e+00,1.781999832534903128e+00,1.782310302974478677e+00,1.818101301338110432e+00,1.533987509634347157e+00,-8.711954039383211779e-01
9.460000000000000853e+00,1.792947609471497117e+00,1.792950636074724713e+00,1.793251128234722547e+00,1.828356038355384072e+00,1.553201947520390869e+00,-7.834222599617710614e-01
9.470000000000000639e+00,1.802228722587595477e+00,1.802231666062091620e+00,1.802523917099184469e+00,1.836761965656674489e+00,1.569622820068893532e+00,-6.959468485352456879e-01
9.480000000000000426e+00,1.810020435017069662e+00,1.810023311112791911e+00,1.810308843373825916e+00,1.843499633405399241e+00,1.582855418766410338e+00,-6.090619738530775873e-01
9.490000000000000213e+00,1.816495646742056103e+00,1.816498468963799517e+00,1.816778586313108956e+00,1.848750603038316509e+00,1.592418264259211735e+00,-5.230124476296891256e-01
9.500000000000000000e+00,1.821815491215146077e+00,1.821818270942511919e+00,1.822094071030409435e+00,1.852690402938187653e+00,1.597725504859900170e+00,-4.380044033737703346e-01
9.509999999999999787e+00,1.826127012720790699e+00,1.826129759426325272e+00,1.826402155265391070e+00,1.855483694502260139e+00,1.598074378218935720e+00,-3.542096129397708237e-01
9.519999999999999574e+00,1.829562349188367687e+00,1.829565070698273122e+00,1.829834816266748376e+00,1.857281464036189433e+00,1.592651112676699565e+00,-2.717666906993878584e-01
9.529999999999999361e+00,1.832238956324340196e+00,1.832241659085444674e+00,1.832509375366868642e+00,1.858219832581393227e+00,1.580580330944807210e+00,-1.907805709789616166e-01
9.540000000000000924e+00,1.834260476451028188e+00,1.834263165780649407e+00,1.834529365080721064e+00,1.858420022390391058e+00,1.561051032628836710e+00,-1.113213376142937472e-01
9.550000000000000711e+00,1.835717951278809768e+00,1.835720631586676532e+00,1.835985739072262035e+00,1.857989066202911266e+00,1.533531286380903857e+00,-3.342326595539146794e-02
9.560000000000000497e+00,1.836691170470456935e+00,1.836693845448934104e+00,1.836958217560199502e+00,1.857020934967431813e+00,1.498005938020691374e+00,4.291524855052242238e-02
9.570000000000000284e+00,1.837250023164594959e+00,1.837252695947385384e+00,1.837516635745388927e+00,1.855597852971610617e+00,1.455083207996616501e+00,1.177303995661471703e-01
9.580000000000000071e+00,1.837455774973839384e+00,1.837458448266358957e+00,1.837722218000432228e+00,1.853791648987403118e+00,1.405860679122686197e+00,1.910900569071909416e-01
9.589999999999999858e+00,1.837362230717692668e+00,1.837364906902384742e+00,1.837628738156589892e+00,1.851665052151665325e+00,1.351632102792138745e+00,2.630891977676024229e-01
9.599999999999999645e+00,1.837016767386366434e+00,1.837019448607116967e+00,1.837283550404176458e+00,1.849272883573040982e+00,1.293622542182688351e+00,3.338438655331479321e-01
9.609999999999999432e+00,1.836461236326414781e+00,1.836463924555250760e+00,1.836728489761558780e+00,1.846663121980286704e+00,1.232853616065260782e+00,4.034840188036919462e-01
9.620000000000000995e+00,1.835732741813279834e+00,1.835735438902940331e+00,1.836000649245369765e+00,1.843877838993432716e+00,1.170120555575153931e+00,4.721457511594974732e-01
9.630000000000000782e+00,1.834864307039831388e+00,1.834867014764526072e+00,1.835133044713076700e+00,1.840954009081890996e+00,1.106023943350793015e+00,5.399634039835130572e-01
9.640000000000000568e+00,1.833885440140545775e+00,1.833888160227022057e+00,1.834155179956753479e+00,1.837924204489282509e+00,1.041015115723104900e+00,6.070620596559839210e-01
9.650000000000000355e+00,1.832822612754908320e+00,1.832825346906102215e+00,1.833093524519400663e+00,1.834817187387819404e+00,9.754370539545049734e-01,6.735507992902489693e-01
9.660000000000000142e+00,1.831699662981996379e+00,1.831702412894157028e+00,1.831971916039018433e+00,1.831658411987222124e+00,9.095559175196746837e-01,7.395169618113944798e-01
9.669999999999999929e+00,1.830538133437618509e+00,1.830540900812662741e+00,1.830811897817733680e+00,1.828470448710397100e+00,8.435837047036534031e-01,8.050214719001547170e-01
9.679999999999999716e+00,1.829357553853354634e+00,1.829360340406941621e+00,1.829633001021132577e+00,1.825273341549776163e+00,7.776939384033701996e-01,8.700951353035010216e-01
9.689999999999999503e+00,1.828175676524647297e+00,1.828178483990939185e+00,1.828452979804429113e+00,1.822084908482025867e+00,7.120322450347589260e-01,9.347356500231486232e-01
9.700000000000001066e+00,1.827008671732400558e+00,1.827011501866175003e+00,1.827288006473455795e+00,1.818920993600958047e+00,6.467232931895974257e-01,9.989049519979719127e-01
9.710000000000000853e+00,1.825871289284280774e+00,1.825874143860927390e+00,1.826152832815120641e+00,1.815795678459074081e+00,5.818751567068413122e-01,1.062526404926465995e+00
9.720000000000000639e+00,1.824776991428594508e+00,1.824779872242040302e+00,1.825060922835395782e+00,1.812721459049466688e+00,5.175818583936404593e-01,1.125481240469222044e+00
9.730000000000000426e+00,1.823738061643817909e+00,1.823740970503409553e+00,1.824024561414433254e+00,1.809709393951005829e+00,4.539246374793562966e-01,1.187603538890831700e+00
9.740000000000000213e+00,1.822765693112302188e+00,1.822768631838118880e+00,1.823054942661755939e+00,1.806769228311545294e+00,3.909723444894208644e-01,1.248672892723068806e+00
9.750000000000000000e+00,1.821870060169743510e+00,1.821873030587239928e+00,1.822162241276546579e+00,1.803909497678557461e+00,3.287812783907088088e-01,1.308403705303766706e+00
9.759999999999999787e+00,1.821060375488106065e+00,1.821063379421735018e+00,1.821355669652460652e+00,1.801137615086816801e+00,2.673947231328855922e-01,1.366429871687099729e+00
9.769999999999999574e+00,1.820344935407827824e+00,1.820347974674092928e+00,1.820643523147145615e+00,1.798459944273770761e+00,2.068424034495451869e-01,1.422283509101603727e+00
9.779999999999999361e+00,1.819731155363784048e+00,1.819734231763721954e+00,1.820033215455864939e+00,1.795881861490675746e+00,1.471400444541255403e-01,1.475366888287451772e+00
9.790000000000000924e+00,1.819225597169149111e+00,1.819228712480396304e+00,1.819531305850437874e+00,1.793407807987585256e+00,8.828919278692293204e-02,1.524918929941525114e+00
9.800000000000000711e+00,1.818833989561798425e+00,1.818837145530027843e+00,1.819143519682072441e+00,1.791041334925565831e+00,3.027742038117053891e-02,1.569984221602468644e+00
9.810000000000000497e+00,1.818561243234503078e+00,1.818564441564481715e+00,1.818874763372348990e+00,1.788785142217229840e+00,-2.692100724981150162e-02,1.609408017449680983e+00
9.820000000000000284e+00,1.818411461310470711e+00,1.818414703657083464e+00,1.818729134855546548e+00,1.786641112509430140e+00,-8.334395699311780703e-02,1.641907394021636435e+00
9.830000000000000071e+00,1.818387946074619510e+00,1.818391234032834980e+00,1.818709930262117025e+00,1.784610341376519971e+00,-1.390397543931966018e-01,1.666287445677913759e+00
9.839999999999999858e+00,1.818493202638157502e+00,1.818496537732896101e+00,1.818819647540558027e+00,1.782693164530824603e+00,-1.940650573446059957e-01,1.681813522107698633e+00
9.849999999999999645e+00,1.818728939948966783e+00,1.818732323624401515e+00,1.819059987417722013e+00,1.780889182765871492e+00,-2.484823620167982972e-01,1.688564298922895279e+00
9.859999999999999432e+00,1.819096069502221358e+00,1.819099503110467086e+00,1.819431852049754106e+00,1.779197285159887176e+00,-3.023572526205142719e-01,1.687466703703428994e+00
9.870000000000000995e+00,1.819594701961279259e+00,1.819598186749999069e+00,1.819935341566947695e+00,1.777615670894261868e+00,-3.557555219935222279e-01,1.679950415803246555e+00
9.880000000000000782e+00,1.820224141731574541e+00,1.820227678830830031e+00,1.820569748563930501e+00,1.776141869931355588e+00,-4.087402907493879467e-01,1.667506330898453681e+00
9.890000000000000568e+00,1.820982879367299967e+00,1.820986469776061156e+00,1.821333550414651281e+00,1.774772762813505933e+00,-4.613692419418569668e-01,1.651413500102377530e+00
9.900000000000000355e+00,1.821868581590408986e+00,1.821872226161070252e+00,1.822224399166221920e+00,1.773504599454349906e+00,-5.136920645917369965e-01,1.632661616985242814e+00
9.910000000000000142e+00,1.822878078688920489e+00,1.822881778109931350e+00,1.823239108779712403e+00,1.772333016862287280e+00,-5.657481676080367006e-01,1.611979073752584979e+00
9.919999999999999929e+00,1.824007348579293808e+00,1.824011103357177088e+00,1.824373639045304252e+00,1.771253055625968464e+00,-6.175646910470878881e-01,1.589891575867965257e+00
9.929999999999999716e+00,1.825251496990701883e+00,1.825255307429247020e+00,1.825623075553509000e+00,1.770259174815213221e+00,-6.691548018764514882e-01,1.566777462420104516e+00
9.939999999999999503e+00,1.826604732892642469e+00,1.826608599069734717e+00,1.826981604886936061e+00,1.769345264739093260e+00,-7.205162256668408149e-01,1.542910571467329017e+00
9.950000000000001066e+00,1.828060338100509385e+00,1.828064259842370642e+00,1.828442483950644348e+00,1.768504656954115184e+00,-7.716299309271807960e-01,1.518491023469284995e+00
9.960000000000000853e+00,1.829610629793844812e+00,1.829614606645810326e+00,1.829998002164911597e+00,1.767730131069480848e+00,-8.224588519942226394e-01,1.493666688571537726e+00
9.970000000000000639e+00,1.831246914479128129e+00,1.831250945672246999e+00,1.831639435040828268e+00,1.767013917026702297e+00,-8.729465060023389178e-01,1.468548041702625762e+00
9.980000000000000426e+00,1.832959431544931128e+00,1.832963515958281331e+00,1.833356987293573326e+00,1.766347691988116253e+00,-9.230153311132539562e-01,1.443218472642737726e+00
9.990000000000000213e+00,1.834737284331004581e+00,1.834741420448733784e+00,1.835139723390617927e+00,1.765722570687111137e+00,-9.725645395440836172e-01,1.417741501133271909e+00
1.000000000000000000e+01,1.836568356191343065e+00,1.836572542053216850e+00,1.836975483005658605e+00,1.765129087588685808e+00,-1.021467241403295478e+00,1.392165880437010284e+00
1.000999999999999979e+01,1.838439208687997262e+00,1.838443441832830594e+00,1.838850778506217809e+00,1.764557168888456484e+00,-1.069566549371482322e+00,1.366529248854177370e+00
1.001999999999999957e+01,1.840334958395171583e+00,1.840339235795911632e+00,1.840750670937833400e+00,1.763996093001528376e+00,-1.116670325105520778e+00,1.340860774571224212e+00
1.002999999999999936e+01,1.842239128397976433e+00,1.842243446387119121e+00,1.842658620570319261e+00,1.763434436562942853e+00,-1.162544192913967267e+00,1.315183090619990391e+00
1.004000000000000092e+01,1.844133469757374577e+00,1.844137823940728005e+00,1.844556307256081773e+00,1.762860003313484913e+00,-1.206902471254478693e+00,1.289513727721508296e+00
1.005000000000000071e+01,1.845997747536877398e+00,1.846002132694757769e+00,1.846423415185698857e+00,1.762259732827046177e+00,-1.249396876376421384e+00,1.263866184265494352e+00
1.006000000000000050e+01,1.847809485050986300e+00,1.847813895024103648e+00,1.848237375666899496e+00,1.761619584956163331e+00,-1.289603494899170588e+00,1.238250733831565586e+00
1.007000000000000028e+01,1.849543659117665495e+00,1.849548086675886660e+00,1.849973060697239324e+00,1.760924395559883671e+00,-1.327010128125364563e+00,1.212675039506548869e+00
1.008000000000000007e+01,1.851172338022532227e+00,1.851176774714178297e+00,1.851602419019194201e+00,1.760157698265249593e+00,-1.361009560976560895e+00,1.187144625253788943e+00
1.008999999999999986e+01,1.852664252914079768e+00,1.852668688893183369e+00,1.853094045366243892e+00,1.759301505467286475e+00,-1.390910508114615363e+00,1.161663241165131311e+00
1.009999999999999964e+01,1.853984292449990745e+00,1.853988716279170390e+00,1.854412672727704159e+00,1.758336041003000449e+00,-1.415985927313609061e+00,1.136233148864463249e+00
1.010999999999999943e+01,1.855092909872168017e+00,1.855097308299316072e+00,1.855518576844388257e+00,1.757239415154297824e+00,-1.435580129149802486e+00,1.110855346894986884e+00
1.012000000000000099e+01,1.855945431827053405e+00,1.855949789533880123e+00,1.856366882319331779e+00,1.755987230573371249e+00,-1.449273129561235551e+00,1.085529751020259281e+00
1.013000000000000078e+01,1.856491259341132904e+00,1.856495558664665424e+00,1.856906760913979992e+00,1.754552105714757282e+00,-1.457042694738630573e+00,1.060255340331843099e+00
1.014000000000000057e+01,1.856672954669901010e+00,1.856677175298790949e+00,1.857080515983946967e+00,1.752903099503087425e+00,-1.459318108751022525e+00,1.035030277680596411e+00
1.015000000000000036e+01,1.856425214265460033e+00,1.856429332919014019e+00,1.856822553727404124e+00,1.751005017974467837e+00,-1.456870476174196627e+00,1.009852010817362311e+00
1.016000000000000014e+01,1.855673739402966316e+00,1.855677729505310847e+00,1.856058253399822000e+00,1.748817580551051076e+00,-1.450607964036792819e+00,9.847173590794460196e-01
1.016999999999999993e+01,1.854334035241714806e+00,1.854337866614841790e+00,1.854702768239950839e+00,1.746294420429850058e+00,-1.441395994276458481e+00,9.596225894309736715e-01
1.017999999999999972e+01,1.852310198244197181e+00,1.852313836856065432e+00,1.852659818324216445e+00,1.743381891558468233e+00,-1.429962768561394260e+00,9.345634846881916147e-01
1.018999999999999950e+01,1.849493795020486164e+00,1.849497202842697252e+00,1.849820580185324470e+00,1.740017655040519085e+00,-1.416878349288965833e+00,9.095354061500237064e-01
1.020000000000000107e+01,1.845762994319430472e+00,1.845766129369902142e+00,1.846062836975892463e+00,1.736129022323104953e+00,-1.402571941444788362e+00,8.845333523623160055e-01
1.021000000000000085e+01,1.840982187247152346e+00,1.840985003917855689e+00,1.841250626654727718e+00,1.731631046746310298e+00,-1.387360806570513860e+00,8.595520153501324812e-01
1.022000000000000064e+01,1.835002410359060310e+00,1.835004860142376959e+00,1.835234704070176859e+00,1.726424383373825089e+00,-1.371478004583256860e+00,8.345858354598354456e-01
1.023000000000000043e+01,1.827662950953707233e+00,1.827664983685575173e+00,1.827854196815545063e+00,1.720392990895569518e+00,-1.355094837895344906e+00,8.096290555133596190e-01
1.024000000000000021e+01,1.818794525929598560e+00,1.818796091630713985e+00,1.818939842446058552e+00,1.713401839699718598e+00,-1.338337722979726196e+00,7.846757752857016488e-01
1.025000000000000000e+01,1.808224331832136267e+00,1.808225383148678311e+00,1.808319096846072060e+00,1.705294931947494153e+00,-1.321300460091183959e+00,7.597200067137194202e-01
1.025999999999999979e+01,1.795783012752993457e+00,1.795783507858632166e+00,1.795823146759383038e+00,1.695894139760111941e+00,-1.304053040597691115e+00,7.347557307141077132e-01
1.026999999999999957e+01,1.781313170602019547e+00,1.781313076250364613e+00,1.781295434147017520e+00,1.684999612192024765e+00,-1.286647954342369893e+00,7.097769558557465164e-01
1.027999999999999936e+01,1.764678519397936407e+00,1.764677813659867756e+00,1.764600779071751724e+00,1.672392731905556928e+00,-1.269124722714816134e+00,6.847777799477652305e-01
1.029000000000000092e+01,1.745772336346774756e+00,1.745771010511715016e+00,1.745633748659600970e+00,1.657842673954841306e+00,-1.251513178475007981e+00,6.597524547529041161e-01
1.030000000000000071e+01,1.724523716433995491e+00,1.724521775656239431e+00,1.724324789081716602e+00,1.641117318621146293e+00,-1.233835858943503894e+00,6.346954547099006305e-01
1.031000000000000050e+01,1.700900446961579382e+00,1.700897909488761295e+00,1.700642962033660055e+00,1.621998379860704276e+00,-1.216109768346656406e+00,6.096015503750464859e-01
1.032000000000000028e+01,1.674908033580434275e+00,1.674904928720753583e+00,1.674594848364708621e+00,1.600299137980394359e+00,-1.198347687898662972e+00,5.844658868892925740e-01
1.033000000000000007e+01,1.646585265616245630e+00,1.646581630859087708e+00,1.646220031589676669e+00,1.575881574646783578e+00,-1.180559159021007165e+00,5.592840687102585973e-01
1.033999999999999986e+01,1.615997373980281537e+00,1.615993251791576935e+00,1.615584224729534446e+00,1.548668901680716026e+00,-1.162751228324836683e+00,5.340522509490560621e-01
1.034999999999999964e+01,1.583228101456659154e+00,1.583223536217937877e+00,1.582771355011965309e+00,1.518650242092196123e+00,-1.144929017321388853e+00,5.087672379788730215e-01
1.035999999999999943e+01,1.548371876963515081e+00,1.548366912372010518e+00,1.547875783215223233e+00,1.485876479085635804e+00,-1.127096162765758081e+00,4.834265899774768949e-01
1.037000000000000099e+01,1.511526920644334027e+00,1.511521597718683108e+00,1.510995467728899255e+00,1.450448924059277944e+00,-1.109255159847852612e+00,4.580287378541401111e-01
1.038000000000000078e+01,1.472789693576042280e+00,1.472784049273697660e+00,1.472226473718024842e+00,1.412504129579674306e+00,-1.091407633487603945e+00,4.325731067634039917e-01
1.039000000000000057e+01,1.432250772240385439e+00,1.432244838609266546e+00,1.431658899471970781e+00,1.372198313494296329e+00,-1.073554554962148133e+00,4.070602483704041097e-01
1.040000000000000036e+01,1.389992019729060724e+00,1.389985823481957317e+00,1.389374088641939009e+00,1.329693864120917279e+00,-1.055696417543625643e+00,3.814919814961879041e-01
1.041000000000000014e+01,1.346084831410121918e+00,1.346078393809749141e+00,1.345442906058936572e+00,1.285149069789057075e+00,-1.037833381445287584e+00,3.558715406658159441e-01
1.041999999999999993e+01,1.300589217118404362e+00,1.300582554077674313e+00,1.299924840821018446e+00,1.238711160310349557e+00,-1.019965395613585901e+00,3.302037312205068909e-01
1.042999999999999972e+01,1.253553509095304941e+00,1.253546631419618196e+00,1.252867728043293383e+00,1.190512162499147486e+00,-1.002092302587697326e+00,3.044950894542569064e-01
1.043999999999999950e+01,1.205014529135306933e+00,1.205007442855658972e+00,1.204307924823850628e+00,1.140666880791503690e+00,-9.842139304931494248e-01,2.787540452613563313e-01
1.045000000000000107e+01,1.154998092102589524e+00,1.154990798864295787e+00,1.154270819247015245e+00,1.089272355207873133e+00,-9.663301764168538144e-01,2.529910841154378032e-01
1.046000000000000085e+01,1.103519763174362067e+00,1.103512260661500211e+00,1.102771591114255711e+00,1.036408285187683465e+00,-9.484410832565228766e-01,2.272189042622295707e-01
1.047000000000000064e+01,1.050585813620373177e+00,1.050578096004673112e+00,1.049816170048686770e+00,9.821380574640987682e-01,-9.305469126380284672e-01,2.014525640066163747e-01
1.048000000000000043e+01,9.961943420309742336e-01,9.961864004350280410e-01,9.954023584164222171e-01,9.265101418514015696e-01,-9.126482149151790013e-01,1.757096131049946108e-01
1.049000000000000021e+01,9.403365409416458709e-01,9.403283639204931266e-01,9.395210994717245745e-01,8.695597122638463183e-01,-8.947458980287241737e-01,1.500102009763162325e-01
1.050000000000000000e+01,8.829980978183458173e-01,8.829896718530856337e-01,8.821578797655792448e-01,8.113104117753155986e-01,-8.768412953309671076e-01,1.243771535453583876e-01
1.050999999999999979e+01,8.241607249923005307e-01,8.241520349997765171e-01,8.232942606669627628e-01,7.517762193251655845e-01,-8.589362332302591385e-01,9.883601011957099391e-02
1.051999999999999957e+01,7.638038170961702900e-01,7.637948469582369615e-01,7.629095376930885575e-01,6.909633969725577085e-01,-8.410330982304035086e-01,7.341501020831253665e-02
1.052999999999999936e+01,7.019062429451774499e-01,7.018969760620678011e-01,7.009825348519479471e-01,6.288725069084076802e-01,-8.231349034966221057e-01,4.814502053195612863e-02
1.054000000000000092e+01,6.384482858929537707e-01,6.384387057716465197e-01,6.374935484517102458e-01,5.655004930538407582e-01,-8.052453540437214397e-01,2.305939236259746394e-02
1.055000000000000071e+01,5.734137641693991538e-01,5.734038550630196074e-01,5.724264725090091321e-01,5.008428247085798812e-01,-7.873689096493783346e-01,-1.806260186384522903e-03
1.056000000000000050e+01,5.067923846997514081e-01,5.067821323237378106e-01,5.057711601460546103e-01,4.348957033675769912e-01,-7.695108443172683499e-01,-2.641436887089210206e-02
1.057000000000000028e+01,4.385824168952790481e-01,4.385718092577300942e-01,4.375261086649632203e-01,3.676583445575744569e-01,-7.516773003663340669e-01,-5.072581305154777453e-02
1.058000000000000007e+01,3.687938164067559033e-01,3.687828448059378150e-01,3.677015997775316958e-01,2.991353592914571813e-01,-7.338753355046934157e-01,-7.470041755478662449e-02
1.058999999999999986e+01,2.974519800493861110e-01,2.974406403076522709e-01,2.963234778342820896e-01,2.293392856555141468e-01,-7.161129603593676674e-01,-9.829754613176322486e-02
1.059999999999999964e+01,2.246023683442466001e-01,2.245906623636458876e-01,2.234378039427957485e-01,1.582933547821892550e-01,-6.983991638449561501e-01,-1.214767853059004477e-01
1.060999999999999943e+01,1.503162716123686016e-01,1.503042093378190169e-01,1.491166621885594012e-01,8.603462212602575043e-02,-6.807439235310982495e-01,-1.441987082622051553e-01
1.062000000000000099e+01,7.469798152690507176e-02,7.468558338225481097e-02,7.346537746688250325e-02,1.261765274881571086e-02,-6.631581978058290749e-01,-1.664257025254052280e-01
1.063000000000000078e+01,-2.106504776627882158e-03,-2.119204998917129101e-03,-3.368736203215982883e-03,-6.188098659908131127e-02,-6.456538964501981059e-01,-1.881228393569670532e-01
1.064000000000000057e+01,-7.989949529599738032e-02,-7.991244729396757007e-02,-8.118636222284139614e-02,-1.373571175339481920e-01,-6.282438263714680282e-01,-2.092587573075819218e-01
1.065000000000000036e+01,-1.584213264004440957e-01,-1.584344604923252353e-01,-1.597259324279197146e-01,-2.136718914860120666e-01,-6.109416090639028241e-01,-2.298065277418276375e-01
1.066000000000000014e+01,-2.373420093563548272e-01,-2.373552348516418387e-01,-2.386553971227029503e-01,-2.906430360441975003e-01,-5.937615663988851100e-01,-2.497444674408818566e-01
1.066999999999999993e+01,-3.162584886355174207e-01,-3.162716948317825238e-01,-3.175697428820749568e-01,-3.680344679766050509e-01,-5.767185723380966467e-01,-2.690568627466076723e-01
1.067999999999999972e+01,-3.947021745386181113e-01,-3.947152357370867781e-01,-3.959989204113546490e-01,-4.455450535986672511e-01,-5.598278680335746493e-01,-2.877345720122843620e-01
1.068999999999999950e+01,-4.721605005694380353e-01,-4.721732856404575740e-01,-4.734298469774525508e-01,-5.227986237992999774e-01,-5.431048379030508633e-01,-3.057754784126597292e-01
1.070000000000000107e+01,-5.481123221349395447e-01,-5.481247073652346646e-01,-5.493421228993410343e-01,-5.993392894775350088e-01,-5.265647469331682373e-01,-3.231847732424080188e-01
1.071000000000000085e+01,-6.220708669054824114e-01,-6.220827489666747034e-01,-6.232509882812083957e-01,-6.746380058183332196e-01,-5.102224394591905465e-01,-3.399750602293079016e-01
1.072000000000000064e+01,-6.936232604025954762e-01,-6.936345657261755449e-01,-6.947464922351540562e-01,-7.481164546286540595e-01,-4.940919997016355869e-01,-3.561662829909808536e-01
1.073000000000000043e+01,-7.624562230120264239e-01,-7.624669112968112117e-01,-7.635186142998351411e-01,-8.191903017395807396e-01,-4.781863781703700744e-01,-3.717854895790609904e-01
1.074000000000000021e+01,-8.283634222622775489e-01,-8.283734843033758732e-01,-8.293640629541150222e-01,-8.873252941290328266e-01,-4.625169882331347515e-01,-3.868664583882430730e-01
1.075000000000000000e+01,-8.912370300483549723e-01,-8.912464819016649997e-01,-8.921774775457760320e-01,-9.520908794312397116e-01,-4.470932781314397864e-01,-4.014492180458623105e-01
1.075999999999999979e+01,-9.510500506189281111e-01,-9.510589265083212451e-01,-9.519336359689090088e-01,-1.013194480803662145e+00,-4.319222861711833894e-01,-4.155794988707742776e-01
1.076999999999999957e+01,-1.007836014366588984e+00,-1.007844360089652724e+00,-1.008667198626798545e+00,-1.070487982773171698e+00,-4.170081901099469968e-01,-4.293081544665892091e-01
1.077999999999999936e+01,-1.061670413399387947e+00,-1.061678281070797869e+00,-1.062454275146125449e+00,-1.123950224796003372e+00,-4.023518588414473074e-01,-4.426905934073170901e-01
1.079000000000000092e+01,-1.112655805280327037e+00,-1.112663249561235856e+00,-1.113397673175374303e+00,-1.173656714178484606e+00,-3.879504204590399352e-01,-4.557862475515322975e-01
1.080000000000000071e+01,-1.160910831898185780e+00,-1.160917907503312696e+00,-1.161616041739640837e+00,-1.219747638613907670e+00,-3.737968592293553494e-01,-4.686581102465361415e-01
1.081000000000000050e+01,-1.206562582720615673e+00,-1.206569342883908824e+00,-1.207236327801790798e+00,-1.262400886816744450e+00,-3.598796563288814143e-01,-4.813723539629939374e-01
1.082000000000000028e+01,-1.249741496546055153e+00,-1.249747992142941078e+00,-1.250388741968861517e+00,-1.301812300824497504e+00,-3.461824884103326117e-01,-4.939980317639541818e-01
1.083000000000000007e+01,-1.290578052631104811e+00,-1.290584331722213207e+00,-1.291203490505078877e+00,-1.338182651051281091e+00,-3.326839997237103219e-01,-5.066068523819247105e-01
1.083999999999999986e+01,-1.329200659266583040e+00,-1.329206766892087055e+00,-1.329808688455130561e+00,-1.371709778416916770e+00,-3.193576622471717696e-01,-5.192729902384828344e-01
1.084999999999999964e+01,-1.365734314495873791e+00,-1.365740292611801632e+00,-1.366329034073264115e+00,-1.402584282155980189e+00,-3.061717380488514495e-01,-5.320728552921071275e-01
1.085999999999999943e+01,-1.400299750615342287e+00,-1.400305638100596717e+00,-1.400884960318288019e+00,-1.430987451105770747e+00,-2.930893565866926620e-01,-5.450846834885155756e-01
1.087000000000000099e+01,-1.433012876481326359e+00,-1.433018709176264505e+00,-1.433592080212426900e+00,-1.457090519952770169e+00,-2.800687179277804306e-01,-5.583876801657299271e-01
1.088000000000000078e+01,-1.463984403616880758e+00,-1.463990214370970211e+00,-1.464560813906196968e+00,-1.481054650615092116e+00,-2.670634303703346424e-01,-5.720602111798263056e-01
1.089000000000000057e+01,-1.493319588583781776e+00,-1.493325407302767971e+00,-1.493896131043211728e+00,-1.503031271527873747e+00,-2.540229875884024713e-01,-5.861760643207413191e-01
1.090000000000000036e+01,-1.521118055205155528e+00,-1.521123908895690047e+00,-1.521697372666791503e+00,-1.523162560693445133e+00,-2.408933869039560083e-01,-6.007968469365219111e-01
1.091000000000000014e+01,-1.547473678125771634e+00,-1.547479590935704419e+00,-1.548058134571048239e+00,-1.541581957350429910e+00,-2.276178854127055562e-01,-6.159566168251354723e-01
1.091999999999999993e+01,-1.572474519458731068e+00,-1.572480512718382961e+00,-1.573066203928142226e+00,-1.558414645664317755e+00,-2.141378861836580327e-01,-6.316308351591277681e-01
1.092999999999999972e+01,-1.596202815544975007e+00,-1.596208907810341859e+00,-1.596803546342001612e+00,-1.573777989146223577e+00,-2.003939402985462914e-01,-6.476739308857757393e-01
1.093999999999999950e+01,-1.618735013470108841e+00,-1.618741220571759953e+00,-1.619346342890446433e+00,-1.587781913516316701e+00,-1.863268463587670620e-01,-6.636973918151789498e-01
1.095000000000000107e+01,-1.640141855781154678e+00,-1.640148190879930468e+00,-1.640765075588591637e+00,-1.600529245024974845e+00,-1.718788213933577502e-01,-6.788550866773823689e-01
1.096000000000000085e+01,-1.660488512537834804e+00,-1.660494986189614330e+00,-1.661124660297784716e+00,-1.612116015181360273e+00,-1.569947153785825611e-01,-6.915704274433240872e-01
1.097000000000000064e+01,-1.679834758029243424e+00,-1.679841378259388396e+00,-1.680484624355949252e+00,-1.622631743979635832e+00,-1.416232327212901820e-01,-6.995158047474099305e-01
1.098000000000000043e+01,-1.698235187592984641e+00,-1.698241959978628035e+00,-1.698899324350669371e+00,-1.632159710993411394e+00,-1.257181252323499310e-01,-7.003891489369615808e-01
1.099000000000000021e+01,-1.715739470872400529e+00,-1.715746398635973780e+00,-1.716418200229957947e+00,-1.640777223148060404e+00,-1.092393213469786684e-01,-6.931472343970352945e-01
1.100000000000000000e+01,-1.732392635153457316e+00,-1.732399719262516014e+00,-1.733086059485406061e+00,-1.648555884878839084e+00,-9.215395209266208365e-02,-6.782877492718388801e-01
1.100999999999999979e+01,-1.748235373784278623e+00,-1.748242613060667860e+00,-1.748943386298138947e+00,-1.655561873607198642e+00,-7.443724467226919828e-02,-6.570948028884264769e-01
1.101999999999999957e+01,-1.763304373611121356e+00,-1.763311764845476581e+00,-1.764026669627111854e+00,-1.661856222287787954e+00,-5.607325765654025407e-02,-6.309279093196662469e-01
1.102999999999999936e+01,-1.777632655747299006e+00,-1.777640193820249959e+00,-1.778368744610580698e+00,-1.667495109105419537e+00,-3.705544126387294579e-02,-6.009389091245647130e-01
1.104000000000000092e+01,-1.791249925745341143e+00,-1.791257603754364602e+00,-1.791999143239414671e+00,-1.672530151967909440e+00,-1.738701686499166676e-02,-5.680375823182516326e-01
1.105000000000000071e+01,-1.804182927397082636e+00,-1.804190736788572114e+00,-1.804944448696996329e+00,-1.677008706630495505e+00,2.918818882114648794e-03,-5.329344809258657056e-01
1.106000000000000050e+01,-1.816455797332027666e+00,-1.816463728038431036e+00,-1.817228650454683736e+00,-1.680974164159905193e+00,2.383884805691771636e-02,-4.961920695297603601e-01
1.107000000000000028e+01,-1.828090416181512801e+00,-1.828098456763951773e+00,-1.828873495958722062e+00,-1.684466246156455238e+00,4.533991529768466311e-02,-4.582661758908384009e-01
1.108000000000000007e+01,-1.839106754474363115e+00,-1.839114892270867330e+00,-1.839898837072881266e+00,-1.687521293824716828e+00,6.737910303184269090e-02,-4.195361866291877351e-01
1.108999999999999986e+01,-1.849523209807098389e+00,-1.849531431086775424e+00,-1.850322967828909260e+00,-1.690172548326990931e+00,8.990395153757602120e-02,-3.803262279022077141e-01
1.109999999999999964e+01,-1.859356933831129988e+00,-1.859365223954974056e+00,-1.860162952038579842e+00,-1.692450420138829514e+00,1.128526699591466675e-01,-3.409197626026164718e-01
1.110999999999999943e+01,-1.868624146433822020e+00,-1.868632490021661319e+00,-1.869434938106000477e+00,-1.694382744606996560e+00,1.361542795953113449e-01,-3.015694653470525344e-01
1.112000000000000099e+01,-1.877340435101866101e+00,-1.877348816206709792e+00,-1.878154459056355474e+00,-1.695995023287323988e+00,1.597286245426901008e-01,-2.625036633107399320e-01
1.113000000000000078e+01,-1.885521037609182216e+00,-1.885529439897484671e+00,-1.886336715833538236e+00,-1.697310648483202122e+00,1.834861791024150479e-01,-2.239302125924091946e-01
1.114000000000000057e+01,-1.893181105022805344e+00,-1.893189511961012261e+00,-1.893996840874620169e+00,-1.698351111164498661e+00,2.073275742592023407e-01,-1.860384020742043010e-01
1.115000000000000036e+01,-1.900335942700633218e+00,-1.900344337745905055e+00,-1.901150139536767369e+00,-1.699136191231239490e+00,2.311427498358145094e-01,-1.489993149309807308e-01
1.116000000000000014e+01,-1.907001225824989765e+00,-1.907009592618915006e+00,-1.907812305889245996e+00,-1.699684130018690897e+00,2.548096224590077341e-01,-1.129649921344687558e-01
1.116999999999999993e+01,-1.913193187251168936e+00,-1.913201509814872248e+00,-1.913999610618137170e+00,-1.700011785800336961e+00,2.781921284210465695e-01,-7.806671205202675434e-02
1.117999999999999972e+01,-1.918928774071258392e+00,-1.918937036996473111e+00,-1.919729057308828146e+00,-1.700134771858404115e+00,3.011374598061483110e-01,-4.441270491396664966e-02
1.118999999999999950e+01,-1.924225768548485593e+00,-1.924233957184006583e+00,-1.925018502786388419e+00,-1.700067578303788629e+00,3.234722558582101559e-01,-1.208563348271218807e-02
1.120000000000000107e+01,-1.929102872825788184e+00,-1.929110973453610711e+00,-1.929886740846393334e+00,-1.699823678243503888e+00,3.449974443535433477e-01,1.885981099609801426e-02
1.121000000000000085e+01,-1.933579753402477230e+00,-1.933587753400181297e+00,-1.934353545352394566e+00,-1.699415619107094599e+00,3.654813646160373630e-01,4.839885600176307978e-02
1.122000000000000064e+01,-1.937677044656999303e+00,-1.937684932642149471e+00,-1.938439671981919465e+00,-1.698855100294632825e+00,3.846508019868374872e-01,7.653782714237000739e-02
1.123000000000000043e+01,-1.941416310540862611e+00,-1.941424076493625694e+00,-1.942166817771655563e+00,-1.698153038116782199e+00,4.021797886589603688e-01,1.033143112045057377e-01
1.124000000000000021e+01,-1.944819965328779210e+00,-1.944827600689415625e+00,-1.945557539398794500e+00,-1.697319619291982606e+00,4.176769151307463401e-01,1.287961449284010795e-01
1.125000000000000000e+01,-1.947911155202762590e+00,-1.947918652941494244e+00,-1.948635132052929597e+00,-1.696364344059461793e+00,4.306745410599004398e-01,1.530791761863445899e-01
1.125999999999999979e+01,-1.950713603946801822e+00,-1.950720958604380773e+00,-1.951423472265166659e+00,-1.695296059949818801e+00,4.406300564937972175e-01,1.762838549360996598e-01
1.126999999999999957e+01,-1.953251427077777214e+00,-1.953258634776277258e+00,-1.953946829131796070e+00,-1.694122987857386464e+00,4.469637920903391515e-01,1.985508084480995805e-01
1.127999999999999936e+01,-1.955548919877672098e+00,-1.955555978302170761e+00,-1.956229649506511237e+00,-1.692852741893619228e+00,4.491786787794432301e-01,2.200356315409107699e-01
1.129000000000000092e+01,-1.957630325445017139e+00,-1.957637233797711263e+00,-1.958296323381963244e+00,-1.691492342808558647e+00,4.471002001511939494e-01,2.409031702167986344e-01
1.130000000000000071e+01,-1.959519589319478339e+00,-1.959526348249184036e+00,-1.960170936118939444e+00,-1.690048227731562713e+00,4.411555228537778484e-01,2.613215947059374100e-01
1.131000000000000050e+01,-1.961240107392135723e+00,-1.961246718902361463e+00,-1.961877014297763733e+00,-1.688526256773832390e+00,4.324076419469904953e-01,2.814565504867215795e-01
1.132000000000000028e+01,-1.962814473451252040e+00,-1.962820940791083490e+00,-1.963437271605543710e+00,-1.686931717410680598e+00,4.221752341919772222e-01,3.014656488991092065e-01
1.133000000000000007e+01,-1.964264232202924898e+00,-1.964270559744738964e+00,-1.964873360610706499e+00,-1.685269327779333359e+00,4.115588412226675596e-01,3.214935141859918133e-01
1.133999999999999986e+01,-1.965609642848842320e+00,-1.965615835957435165e+00,-1.966205635522257023e+00,-1.683543239938100289e+00,4.012491322679503369e-01,3.416675635175511205e-01
1.134999999999999964e+01,-1.966869457311621883e+00,-1.966875522208513694e+00,-1.967452929983604326e+00,-1.681757043952376129e+00,3.915896471100340781e-01,3.620946393065456181e-01
1.135999999999999943e+01,-1.968060716201522453e+00,-1.968066659828246134e+00,-1.968632352965099974e+00,-1.679913772977467801e+00,3.827062153127656075e-01,3.828585705383534821e-01
1.137000000000000099e+01,-1.969198564594254464e+00,-1.969204394477585884e+00,-1.969759104761121149e+00,-1.678015910634015118e+00,3.746076766064801444e-01,4.040186936668084816e-01
1.138000000000000078e+01,-1.970296088786356759e+00,-1.970301812907922390e+00,-1.970846314195989768e+00,-1.676065400669084049e+00,3.672460619903806234e-01,4.256093226879165692e-01
1.139000000000000057e+01,-1.971364174338134934e+00,-1.971369801010051992e+00,-1.971904897278039304e+00,-1.674063659343601795e+00,3.605487604273471813e-01,4.476401225026878650e-01
1.140000000000000036e+01,-1.972411385083445712e+00,-1.972416922830983577e+00,-1.972943436913917825e+00,-1.672011590704976847e+00,3.544347809445569375e-01,4.700973077014422574e-01
1.141000000000000014e+01,-1.973443862323808418e+00,-1.973449319775415489e+00,-1.973968082836746074e+00,-1.669909604677146220e+00,3.488226485854648562e-01,4.929455618226479263e-01
1.141999999999999993e+01,-1.974465243068679987e+00,-1.974470628853089327e+00,-1.974982470552142377e+00,-1.667757637867409493e+00,3.436340424464255361e-01,5.161305506674817023e-01
1.142999999999999972e+01,-1.975476596110421923e+00,-1.975481918760095379e+00,-1.975987658042908546e+00,-1.665555176968235518e+00,3.387953093491347656e-01,5.395818873985850361e-01
1.143999999999999950e+01,-1.976476374659140944e+00,-1.976481642518876036e+00,-1.976982078918403163e+00,-1.663301284089177212e+00,3.342379428016289955e-01,5.632163976989214005e-01
1.145000000000000107e+01,-1.977460384486182221e+00,-1.977465605625430722e+00,-1.977961510927961797e+00,-1.660994623705344786e+00,3.298985817742414728e-01,5.869415335743589646e-01
1.146000000000000085e+01,-1.978421766609660848e+00,-1.978426948736841773e+00,-1.978919058851579038e+00,-1.658633490529849652e+00,3.257188096319874049e-01,6.106587870189554845e-01
1.147000000000000064e+01,-1.979350993988313157e+00,-1.979356144365397085e+00,-1.979845151226391931e+00,-1.656215837636856314e+00,3.216448933445654745e-01,6.342669713595157077e-01
1.148000000000000043e+01,-1.980235881869928605e+00,-1.980241007225442607e+00,-1.980727550552515925e+00,-1.653739304047919578e+00,3.176275310895915194e-01,6.576652545010821527e-01
1.149000000000000021e+01,-1.981061611888611518e+00,-1.981066718327544995e+00,-1.981551377087650723e+00,-1.651201240947713478e+00,3.136216382895447019e-01,6.807558541361706794e-01
1.150000000000000000e+01,-1.981810770195601812e+00,-1.981815863104482656e+00,-1.982299146525218436e+00,-1.648598735654148495e+00,3.095861823170009686e-01,7.034463295665329685e-01
1.150999999999999979e+01,-1.982463400207659543e+00,-1.982468484153883992e+00,-1.982950822180480355e+00,-1.645928632563461669e+00,3.054840665441548309e-01,7.256514339220927479e-01
1.151999999999999957e+01,-1.982997070747388069e+00,-1.983002149371844158e+00,-1.983483882488191519e+00,-1.643187549868370567e+00,3.012820583442770150e-01,7.472945150230212441e-01
1.152999999999999936e+01,-1.983386960373982211e+00,-1.983392036276795611e+00,-1.983873404664260320e+00,-1.640371891275499872e+00,2.969507527946766423e-01,7.683084766255042775e-01
1.154000000000000092e+01,-1.983605958696669669e+00,-1.983611033316296179e+00,-1.984092165376753591e+00,-1.637477852199060058e+00,2.924645635702541879e-01,7.886363307070791695e-01
1.155000000000000071e+01,-1.983624785219935571e+00,-1.983629858706626115e+00,-1.984110759041872063e+00,-1.634501418679680906e+00,2.878017307710647454e-01,8.082313851757445544e-01
1.156000000000000050e+01,-1.983412125989174601e+00,-1.983417197074472060e+00,-1.983897734081550013e+00,-1.631438358436037239e+00,2.829443358995463731e-01,8.270571204110248598e-01
1.157000000000000028e+01,-1.982934787752715700e+00,-1.982939853617404324e+00,-1.983419746930813465e+00,-1.628284203565426580e+00,2.778783151512451699e-01,8.450868116138927633e-01
1.158000000000000007e+01,-1.982157868738470885e+00,-1.982162924882166610e+00,-1.982641732964627312e+00,-1.625034223122059585e+00,2.725934618739771498e-01,8.623029566466519080e-01
1.158999999999999986e+01,-1.981044944367154725e+00,-1.981049984483311821e+00,-1.981527092729183925e+00,-1.621683384600280053e+00,2.670834108210133895e-01,8.786965624343910930e-01
1.159999999999999964e+01,-1.979558265357103330e+00,-1.979563281217864068e+00,-1.980037890987938365e+00,-1.618226304194137821e+00,2.613455975114212793e-01,8.942663411738939194e-01
1.160999999999999943e+01,-1.977658964771680683e+00,-1.977663946127242056e+00,-1.978135065168957318e+00,-1.614657184285910763e+00,2.553811878168077421e-01,9.090178579041648943e-01
1.162000000000000099e+01,-1.975307269661219944e+00,-1.975312204158729879e+00,-1.975778638883098015e+00,-1.610969735366805544e+00,2.491949739879495418e-01,9.229626670853600112e-01
1.163000000000000078e+01,-1.972462712192163847e+00,-1.972467585318854244e+00,-1.972927935394483079e+00,-1.607157084173290951e+00,2.427952352398267122e-01,9.361174645203664824e-01
1.164000000000000057e+01,-1.969084334476353781e+00,-1.969089129531435223e+00,-1.969541785221607277e+00,-1.603211664619932364e+00,2.361935624588527016e-01,9.485032773659629601e-01
1.165000000000000036e+01,-1.965130880891033938e+00,-1.965135578990011123e+00,-1.965578721593952860e+00,-1.599125090879303102e+00,2.294046481202317578e-01,9.601447060300360992e-01
1.166000000000000014e+01,-1.960560971628471538e+00,-1.960565551742862844e+00,-1.960997157416607850e+00,-1.594888011554846052e+00,2.224460438745859969e-01,9.710692285843499638e-01
1.166999999999999993e+01,-1.955333251284994356e+00,-1.955337690319053356e+00,-1.955755537441398850e+00,-1.590489944000763822e+00,2.153378893891098045e-01,9.813065721186016166e-01
1.167999999999999972e+01,-1.949406506918593518e+00,-1.949410779823670392e+00,-1.949812459956718147e+00,-1.585919086769638442e+00,2.081026169773051437e-01,9.908881527328958772e-01
1.168999999999999950e+01,-1.942739750703144974e+00,-1.942743830628666402e+00,-1.943126762992042789e+00,-1.581162110550490496e+00,2.007646372156948189e-01,9.998465830999080373e-01
1.170000000000000107e+01,-1.935292263446307448e+00,-1.935296121925552448e+00,-1.935657571190080084e+00,-1.576203926329150296e+00,1.933500109379512333e-01,1.008215244552763235e+00
1.171000000000000085e+01,-1.927023596550373252e+00,-1.927027203717715187e+00,-1.927364300813427356e+00,-1.571027431480995773e+00,1.858861134822448191e-01,1.016027919039766081e+00
1.172000000000000064e+01,-1.917893531240388416e+00,-1.917896856075971268e+00,-1.918206621622585040e+00,-1.565613232945927802e+00,1.784012965104412318e-01,1.023318476037934133e+00
1.173000000000000043e+01,-1.907861995404870115e+00,-1.907865006002071429e+00,-1.908144375911438484e+00,-1.559939350095306487e+00,1.709245529146200537e-01,1.030120608608656507e+00
1.174000000000000021e+01,-1.896888939900770676e+00,-1.896891603751316158e+00,-1.897137456511940545e+00,-1.553980899031383478e+00,1.634851891552976388e-01,1.036467613108071451e+00
1.175000000000000000e+01,-1.884934177101564412e+00,-1.884936461393171392e+00,-1.885145646544729381e+00,-1.547709760599139894e+00,1.561125097256772509e-01,1.042392206776731056e+00
1.175999999999999979e+01,-1.871957186081598223e+00,-1.871959058003243470e+00,-1.872128425325195078e+00,-1.541094237719982329e+00,1.488355168595515421e-01,1.047926378162258088e+00
1.176999999999999957e+01,-1.857916889380366143e+00,-1.857918316430518191e+00,-1.858044745406026488e+00,-1.534098705289591358e+00,1.416826285377208450e-01,1.053101265422500932e+00
1.177999999999999936e+01,-1.842771407473352330e+00,-1.842772357767518576e+00,-1.842852786952045463e+00,-1.526683261861228491e+00,1.346814167294113629e-01,1.057947058089254933e+00
1.179000000000000092e+01,-1.826477797428613936e+00,-1.826478240002447295e+00,-1.826509695967698521e+00,-1.518803388015764977e+00,1.278583674325424191e-01,1.062492918378043605e+00
1.180000000000000071e+01,-1.808991782893895728e+00,-1.808991687999805809e+00,-1.808971313628298994e+00,-1.510409622019825981e+00,1.212386631319944952e-01,1.066766918565292377e+00
1.181000000000000050e+01,-1.790267483103606061e+00,-1.790266822498938204e+00,-1.790191904455153526e+00,-1.501447260151195895e+00,1.148459878618744989e-01,1.070795991402196057e+00
1.182000000000000028e+01,-1.770257148774481593e+00,-1.770255896000017426e+00,-1.770123891269734351e+00,-1.491856090808781232e+00,1.087023544539522657e-01,1.074605890997993418e+00
1.183000000000000007e+01,-1.748910913323804550e+00,-1.748909043972703747e+00,-1.748717605461231228e+00,-1.481570172393400942e+00,1.028279530821111232e-01,1.078221161951353757e+00
1.183999999999999986e+01,-1.726176568350868745e+00,-1.726174060327700044e+00,-1.725921061509542831e+00,-1.470517659377531317e+00,9.724101984513333630e-02,1.081665114957069074e+00
1.184999999999999964e+01,-1.701999372575356606e+00,-1.701996206346238161e+00,-1.701679765050884807e+00,-1.458620683201803381e+00,9.195772377016675492e-02,1.084959807302931400e+00
1.185999999999999943e+01,-1.676321904590020839e+00,-1.676318063424712124e+00,-1.675936564849972665e+00,-1.445795287167253917e+00,8.699207048104029560e-02,1.088126027114894034e+00
1.187000000000000099e+01,-1.649083970388300013e+00,-1.649079440595560220e+00,-1.648631559671887459e+00,-1.431951414751744478e+00,8.235582049716172470e-02,1.091183280313666959e+00
1.188000000000000078e+01,-1.620222578184685513e+00,-1.620217349341974700e+00,-1.619702072562671846e+00,-1.416992940104737642e+00,7.805842015146513546e-02,1.094149779631895081e+00
1.189000000000000057e+01,-1.589671994655804887e+00,-1.589666059834599743e+00,-1.589082706665947864e+00,-1.400817729074252060e+00,7.410694305635823209e-02,1.097042435012242301e+00
1.190000000000000036e+01,-1.557363899325868051e+00,-1.557357255312662225e+00,-1.556705499219935618e+00,-1.383317706311526063e+00,7.050604008937066958e-02,1.099876845105033363e+00
1.191000000000000014e+01,-1.523227656889320825e+00,-1.523220304402799652e+00,-1.522500193502792198e+00,-1.364378902792898973e+00,6.725789609238075339e-02,1.102667289546459983e+00
1.191999999999999993e+01,-1.487190732152587680e+00,-1.487182676054027430e+00,-1.486394653176733804e+00,-1.343881448538206680e+00,6.436219139061472028e-02,1.105426721842189375e+00
1.192999999999999972e+01,-1.449179277036669156e+00,-1.449170526530799696e+00,-1.448315448379561943e+00,-1.321699468521966736e+00,6.181606679095474899e-02,1.108166762913839865e+00
1.193999999999999950e+01,-1.409118927441253888e+00,-1.409109496259066674e+00,-1.408188650941260889e+00,-1.297700837752729486e+00,5.961409067348533153e-02,1.110897695246340744e+00
1.195000000000000107e+01,-1.366935855598168548e+00,-1.366925762152297441e+00,-1.365940884102487818e+00,-1.271746752803916802e+00,5.774822727047590476e-02,1.113628457658470960e+00
1.196000000000000085e+01,-1.322558134448351463e+00,-1.322547401941297274e+00,-1.321500682513189417e+00,-1.243691074813247699e+00,5.620780554343474122e-02,1.116366640971470314e+00
1.197000000000000064e+01,-1.275917479053486847e+00,-1.275906135516905682e+00,-1.274800227076980486e+00,-1.213379424431652920e+00,5.497948827558574170e-02,1.119118484615900133e+00
1.198000000000000043e+01,-1.226951439584905934e+00,-1.226939517815431868e+00,-1.225777528185941989e+00,-1.180648035330649215e+00,5.404724168101349147e-02,1.121888874406261838e+00
1.199000000000000021e+01,-1.175606120605734883e+00,-1.175593657957605398e+00,-1.174379131390365094e+00,-1.145322442591402368e+00,5.339230602920419511e-02,1.124681341622500330e+00
1.200000000000000000e+01,-1.121839490390896144e+00,-1.121826528375458487e+00,-1.120563408429723129e+00,-1.107216205922365360e+00,5.299316829816869134e-02,1.127498063657568661e+00
1.200999999999999979e+01,-1.065625310144616922e+00,-1.065611893786886366e+00,-1.064304463348572094e+00,-1.066130093092915621e+00,5.282553856251082092e-02,1.130339866404378446e+00
1.201999999999999957e+01,-1.006957645978129090e+00,-1.006943822885632001e+00,-1.005596617123473813e+00,-1.021852545501421350e+00,5.286233214237512357e-02,1.133206228547474659e+00
1.203000000000000114e+01,-9.458558145524922356e-01,-9.458416336746144903e-01,-9.444593238228875531e-01,-9.741629098361207495e-01,5.307365995242385726e-02,1.136095288003051040e+00
1.204000000000000092e+01,-8.823694540059920932e-01,-8.823549641039822866e-01,-8.809422138960447679e-01,-9.228399346847433460e-01,5.342683062538244876e-02,1.139003850679876306e+00
1.205000000000000071e+01,-8.165832174051579351e-01,-8.165684653163334250e-01,-8.151297678290070348e-01,-8.676793332279100213e-01,5.388636788307232806e-02,1.141927401696885891e+00
1.206000000000000050e+01,-7.486203972634009052e-01,-7.486054261193829662e-01,-7.471449359462178919e-01,-8.085251977214931163e-01,5.441404768184132656e-02,1.144860119331416293e+00
1.207000000000000028e+01,-6.786446779677315355e-01,-6.786295255955345773e-01,-6.771509077707238422e-01,-7.453188872383286201e-01,5.496896001727413772e-02,1.147794891838338716e+00
1.208000000000000007e+01,-6.068592658737761436e-01,-6.068439636399800552e-01,-6.053502837446789187e-01,-6.781623112076724524e-01,5.550760062564286113e-02,1.150723337347021369e+00
1.208999999999999986e+01,-5.335029289941103370e-01,-5.334875013180915282e-01,-5.319811780580266936e-01,-6.073779109084755934e-01,5.598399856445579470e-02,1.153635827047786222e+00
1.209999999999999964e+01,-4.588429776816634886e-01,-4.588274423346344055e-01,-4.573102737210073543e-01,-5.335316151952680386e-01,5.634988551571684656e-02,1.156521511923351619e+00
1.210999999999999943e+01,-3.831658168514354701e-01,-3.831501859994649872e-01,-3.816234454074480809e-01,-4.573878567408055096e-01,5.655491310789773074e-02,1.159368353368359195e+00
1.212000000000000099e+01,-3.067662028593577395e-01,-3.067504846524177209e-01,-3.052150683665079134e-01,-3.798011932112666522e-01,5.654692395562099794e-02,1.162163157861801244e+00
1.213000000000000078e+01,-2.299365632453674313e-01,-2.299207636574585045e-01,-2.283773623194462754e-01,-3.015916486240677319e-01,5.627228205795198335e-02,1.164891616230175675e+00
1.214000000000000057e+01,-1.529576143979712310e-01,-1.529417390135914823e-01,-1.513910043872699618e-01,-2.234561779840173457e-01,5.567626700716632460e-02,1.167538347876148075e+00
1.215000000000000036e+01,-7.609111522984984832e-02,-7.607517073992051126e-02,-7.451785548055539499e-02,-1.459354734069069903e-01,5.470353531221416876e-02,1.170086950407822179e+00
1.216000000000000014e+01,4.249078300162245636e-04,4.409125532162383454e-04,2.003854455464720852e-03,-6.942261318747716681e-02,5.329865024602986612e-02,1.172520055471593103e+00
1.216999999999999993e+01,7.637857334597791814e-02,7.639462662086314582e-02,7.796198126050697674e-02,5.809382324557577082e-03,5.140667934501907954e-02,1.174819391250821798e+00
1.217999999999999972e+01,1.515845905335213295e-01,1.516006776397386679e-01,1.531709499749583925e-01,7.957750589054479740e-02,4.897385576556190223e-02,1.176965852475690077e+00
1.218999999999999950e+01,2.258832513655007201e-01,2.258993546263644014e-01,2.274707765227997336e-01,1.517636161871184219e-01,4.594829641301756418e-02,1.178939578948411615e+00
1.220000000000000107e+01,2.991384697517722180e-01,2.991545688347331811e-01,3.007251275562434212e-01,2.222958216890384420e-01,4.228076604762553981e-02,1.180720043248277173e+00
1.221000000000000085e+01,3.712352839727720011e-01,3.712513563251677584e-01,3.728188357080524096e-01,2.911355640926349131e-01,3.792547268330126453e-02,1.182286149020327137e+00
1.222000000000000064e+01,4.420771305861258549e-01,4.420931519430110757e-01,4.436551803025934326e-01,3.582689408762427252e-01,3.284087586340578291e-02,1.183616340820755841e+00
1.223000000000000043e+01,5.115830973568962214e-01,5.115990422775817947e-01,5.131531429742839379e-01,4.237009194872047857e-01,2.699048626197675382e-02,1.184688726396616376e+00
1.224000000000000021e+01,5.796852830219062502e-01,5.797011254284486492e-01,5.812447675991555540e-01,4.874514074521621998e-01,2.034363201805133858e-02,1.185481213177115967e+00
1.225000000000000000e+01,6.463263359541914221e-01,6.463420496584242336e-01,6.478726977989344160e-01,5.495524462497826113e-01,1.287616649609146791e-02,1.185971659500939968e+00
1.225999999999999979e+01,7.114572081610147647e-01,7.114727673727376800e-01,7.129879291802930785e-01,6.100460370192070103e-01,4.571092395124987107e-03,1.186138041980941082e+00
1.226999999999999957e+01,7.750351417913189378e-01,7.750505216071441605e-01,7.765477939511051808e-01,6.689822817881565520e-01,-4.580921339435328754e-03,1.185958640221405513e+00
1.228000000000000114e+01,8.370218958082440430e-01,8.370370726801511507e-01,8.385141856797730942e-01,7.264176488295960299e-01,-1.458114858271186698e-02,1.185412238470418211e+00
1.229000000000000092e+01,8.973822195592311424e-01,8.973971717431952211e-01,8.988520309452479040e-01,7.824132578805014226e-01,-2.542255438586671357e-02,1.184478345768710250e+00
1.230000000000000071e+01,9.560825800436850708e-01,9.560972880252248673e-01,9.575280144357198875e-01,8.370331417442901101e-01,-3.708968836093351484e-02,1.183137433583777209e+00
1.231000000000000050e+01,1.013090155386251023e+00,1.013104602278210864e+00,1.014509569768454522e+00,8.903424804205586351e-01,-4.955872044105802399e-02,1.181371190138306826e+00
1.232000000000000028e+01,1.068372109871174258e+00,1.068386281774228452e+00,1.069764150982533080e+00,9.424058294461586938e-01,-6.279760755090324498e-02,1.179162790548662798e+00
1.233000000000000007e+01,1.121895170009662435e+00,1.121909056321950482e+00,1.123258803757357871e+00,9.932853764140833208e-01,-7.676637117378426467e-02,1.176497179374226265e+00
1.233999999999999986e+01,1.173625522691367440e+00,1.173639116348716094e+00,1.174960056950323795e+00,1.043039263357564472e+00,-9.141745852020211061e-02,1.173361362309225608e+00
1.234999999999999964e+01,1.223529054665514870e+00,1.223542352289485713e+00,1.224834153280082161e+00,1.091720008719188062e+00,-1.066961538777030372e-01,1.169744702227587529e+00
1.235999999999999943e+01,1.271571946151037302e+00,1.271584948078628097e+00,1.272847631644776323e+00,1.139373053659761936e+00,-1.225410024317509228e-01,1.165639213324782375e+00
1.237000000000000099e+01,1.317721618150470508e+00,1.317734328318684867e+00,1.318968260574993057e+00,1.186035445783403919e+00,-1.388842066356617000e-01,1.161039845916238100e+00
1.238000000000000078e+01,1.361948012010335773e+00,1.361960437671764002e+00,1.363166301655348578e+00,1.231734660080244570e+00,-1.556519535507969731e-01,1.155944751805181747e+00
1.239000000000000057e+01,1.404225150478875861e+00,1.404237301732900622e+00,1.405416052960731799e+00,1.276487543323326923e+00,-1.727646309321161366e-01,1.150355520184558999e+00
1.240000000000000036e+01,1.444532893751867109e+00,1.444544782890441637e+00,1.445697587375549986e+00,1.320299357696366860e+00,-1.901368913654697401e-01,1.144277373742513815e+00
1.241000000000000014e+01,1.482858766112693294e+00,1.482870406799967178e+00,1.483998563326128561e+00,1.363162889358035423e+00,-2.076775175014810015e-01,1.137719309392337230e+00
1.241999999999999993e+01,1.519199696248485054e+00,1.519211102577000316e+00,1.520315953271946130e+00,1.405057582275225148e+00,-2.252890429394713845e-01,1.130694173204202180e+00
1.242999999999999972e+01,1.553563496004700006e+00,1.553574681494421350e+00,1.554657516918841687e+00,1.445948655957511431e+00,-2.428670722762744649e-01,1.123218655075925554e+00
1.243999999999999950e+01,1.585969907954071445e+00,1.585980884576799532e+00,1.587042851161248436e+00,1.485786169413597202e+00,-2.602992317984886839e-01,1.115313191686342131e+00
1.245000000000000107e+01,1.616451085237385898e+00,1.616461862555232720e+00,1.617503880749506795e+00,1.524504005092633951e+00,-2.774636636426976999e-01,1.107001768501181482e+00
1.246000000000000085e+01,1.645051427429681246e+00,1.645062011927040491e+00,1.646084712598345323e+00,1.562018769005693031e+00,-2.942269465237650206e-01,1.098311612741380339e+00
1.247000000000000064e+01,1.671826772648721260e+00,1.671837167314410122e+00,1.672840851785374561e+00,1.598228642757849816e+00,-3.104412856347782412e-01,1.089272775519997127e+00
1.248000000000000043e+01,1.696843024260780153e+00,1.696853228444793027e+00,1.697837854525839463e+00,1.633012287841623333e+00,-3.259407600366283630e-01,1.079917604121980013e+00
1.249000000000000021e+01,1.720174353487264884e+00,1.720184363022099649e+00,1.721149556128781732e+00,1.666228004344092906e+00,-3.405363490189164399e-01,1.070280114476650279e+00
1.250000000000000000e+01,1.741901155279171665e+00,1.741910962826201947e+00,1.742856048478270914e+00,1.697713496598108662e+00,-3.540093904783296330e-01,1.060395276877023951e+00
1.250999999999999979e+01,1.762107939620777941e+00,1.762117535182845751e+00,1.763041587336116045e+00,1.727286804602639059e+00,-3.661031000248010647e-01,1.050298238281493823e+00
1.251999999999999957e+01,1.780881318234109667e+00,1.780890689768185542e+00,1.781792588722524773e+00,1.754749207190988702e+00,-3.765119273314803672e-01,1.040023507258458935e+00
1.253000000000000114e+01,1.798308206702110112e+00,1.798317340769187922e+00,1.799195834695335838e+00,1.779891126404465673e+00,-3.848692086597267359e-01,1.029604138576540207e+00
1.254000000000000092e+01,1.814474315589235998e+00,1.814483197989351648e+00,1.815336963120695923e+00,1.802502112260358391e+00,-3.907357205553358970e-01,1.019070952740308122e+00
1.255000000000000071e+01,1.829462960479382616e+00,1.829471576833865853e+00,1.830299272710910419e+00,1.822385605811474019e+00,-3.935975205388291265e-01,1.008451832647630386e+00
1.256000000000000050e+01,1.843354185899166886e+00,1.843362522156713368e+00,1.844162839682325972e+00,1.839378085131505802e+00,-3.928948330910473907e-01,9.977711356248608610e-01
1.257000000000000028e+01,1.856224174185129527e+00,1.856232217040763688e+00,1.857003918295700995e+00,1.853370332275232624e+00,-3.881265756991935101e-01,9.870492590454073012e-01
1.258000000000000007e+01,1.868144896845387315e+00,1.868152634071191143e+00,1.868894583759893369e+00,1.864326461657221268e+00,-3.790837292630362398e-01,9.763023881371104551e-01
1.258999999999999986e+01,1.879183961134575753e+00,1.879191381827360896e+00,1.879902570841869736e+00,1.872295278967998078e+00,-3.661674307180546872e-01,9.655424475769015524e-01
1.259999999999999964e+01,1.889404605502513768e+00,1.889411700257600746e+00,1.890091262219401047e+00,1.877409789946108187e+00,-3.505015174553944846e-01,9.547772662588226433e-01
1.260999999999999943e+01,1.898865802135979663e+00,1.898872563157976590e+00,1.899519784966199776e+00,1.879874279886339261e+00,-3.335573091129196421e-01,9.440109526791414796e-01
1.262000000000000099e+01,1.907622431297714805e+00,1.907628852459279933e+00,1.908243179896195407e+00,1.879942541043073900e+00,-3.165804448418060302e-01,9.332444641865217383e-01
1.263000000000000078e+01,1.915725498639450741e+00,1.915731575499148631e+00,1.916312614905491207e+00,1.877893168905493848e+00,-3.003290254993740138e-01,9.224763416210325362e-01
1.264000000000000057e+01,1.923222373220816461e+00,1.923228103007966983e+00,1.923775619895786271e+00,1.874007404254789844e+00,-2.851461212752648411e-01,9.117035709513514607e-01
1.265000000000000036e+01,1.930157029549143255e+00,1.930162411126145727e+00,1.930676326533347531e+00,1.868552698739977203e+00,-2.711243475433836037e-01,9.009225248333618818e-01
1.266000000000000014e+01,1.936570281184490483e+00,1.936575314991018093e+00,1.937055700196076646e+00,1.861772679633449723e+00,-2.582309957621098384e-01,8.901299329605566468e-01
1.266999999999999993e+01,1.942499997924391764e+00,1.942504685910218853e+00,1.942951756047305079e+00,1.853882547440030670e+00,-2.463791940830901139e-01,8.793238291404352758e-01
1.267999999999999972e+01,1.947981300342676469e+00,1.947985645895080609e+00,1.948399752929269813e+00,1.845068322007397121e+00,-2.354635243512189224e-01,8.685044239606430905e-01
1.268999999999999950e+01,1.953046729102613455e+00,1.953050736966630119e+00,1.953432362265920652e+00,1.835488421050607943e+00,-2.253765614200151646e-01,8.576748529196730475e-01
1.270000000000000107e+01,1.957726386640865623e+00,1.957730062843189511e+00,1.958079809789892156e+00,1.825276414111025147e+00,-2.160159825806001743e-01,8.468417530012719574e-01
1.271000000000000085e+01,1.962048050509132890e+00,1.962051402280874379e+00,1.962369988971078838e+00,1.814544189045662392e+00,-2.072872077849866601e-01,8.360156151017873460e-01
1.272000000000000064e+01,1.966037259112089597e+00,1.966040294816052914e+00,1.966328547114346348e+00,1.803385085288053302e+00,-1.991039996746393204e-01,8.252108417771897297e-01
1.273000000000000043e+01,1.969717370046359051e+00,1.969720099108729805e+00,1.969978944150123645e+00,1.791876767201491472e+00,-1.913881899941514142e-01,8.144454125663379562e-01
1.274000000000000021e+01,1.973109592629100462e+00,1.973112025476980058e+00,1.973342485724551842e+00,1.780083745211652690e+00,-1.840690846033270489e-01,8.037399819033393955e-01
1.275000000000000000e+01,1.976232995737897902e+00,1.976235143743613865e+00,1.976438331684156724e+00,1.768059529728213786e+00,-1.770828042153376192e-01,7.931161052478433726e-01
1.275999999999999979e+01,1.979104493057707526e+00,1.979106368490080481e+00,1.979283482011078288e+00,1.755848440560281443e+00,-1.703716743591102700e-01,7.825930469292589065e-01
1.276999999999999957e+01,1.981738807545777137e+00,1.981740423529381401e+00,1.981892742030389343e+00,1.743487111935825951e+00,-1.638837101839986099e-01,7.721821655656210259e-01
1.278000000000000114e+01,1.984148417534513875e+00,1.984149788016056348e+00,1.984278669244883941e+00,1.731005736913744153e+00,-1.575722083829608211e-01,7.618770471565260438e-01
1.279000000000000092e+01,1.986343487279031761e+00,1.986344627002038177e+00,1.986451504637793075e+00,1.718429093675021946e+00,-1.513954437915202567e-01,7.516360694466601711e-01
1.280000000000000071e+01,1.988331784865019269e+00,1.988332709351632310e+00,1.988419091288018414e+00,1.705777391418629829e+00,-1.453164609442043620e-01,7.413516014716996505e-01
1.281000000000000050e+01,1.990118591581352403e+00,1.990119317120994546e+00,1.990186784396121178e+00,1.693066968357487934e+00,-1.393029475960499974e-01,7.307967454057279211e-01
1.282000000000000028e+01,1.991706607100328874e+00,1.991707150744312260e+00,1.991757357026060715e+00,1.680310869162564780e+00,-1.333271765393967412e-01,7.195396442728000386e-01
1.283000000000000007e+01,1.993095855982764952e+00,1.993096235543309280e+00,1.993130907031847254e+00,1.667519324334907793e+00,-1.273660005703083353e-01,7.068306361903852197e-01
1.283999999999999986e+01,1.994283601970038511e+00,1.994283836021915057e+00,1.994304771588430780e+00,1.654700149966912281e+00,-1.214008850291110608e-01,6.915298574026299550e-01
1.284999999999999964e+01,1.995264277642791129e+00,1.995264385525074013e+00,1.995273456846323290e+00,1.641859083275215347e+00,-1.154179623755945405e-01,6.722483039206921251e-01
1.285999999999999943e+01,1.996029438209614426e+00,1.996029440024565282e+00,1.996028591418499865e+00,1.629000065815470411e+00,-1.094080919050760548e-01,6.478202492667666235e-01
1.287000000000000099e+01,1.996567749268797876e+00,1.996567665873735464e+00,1.996558913462235463e+00,1.616125484746220087e+00,-1.033669079770176413e-01,6.178073424788612655e-01
1.288000000000000078e+01,1.996865019083156501e+00,1.996864872071841379e+00,1.996850301878913658e+00,1.603236380169140052e+00,-9.729483990262211002e-02,5.825518763597217209e-01
1.289000000000000057e+01,1.996904286273541995e+00,1.996904097941091472e+00,1.996885862432386194e+00,1.590332625151981372e+00,-9.119708719920316398e-02,5.428320746138677322e-01
1.290000000000000036e+01,1.996665973615921796e+00,1.996665766903205963e+00,1.996646079508574756e+00,1.577413084195059767e+00,-8.508353479276820064e-02,4.995148818700591575e-01
1.291000000000000014e+01,1.996128116864860136e+00,1.996127915276968201e+00,1.996109042416361667e+00,1.564475754227658832e+00,-7.896859564976144163e-02,4.533796927929375498e-01
1.291999999999999993e+01,1.995266675246164301e+00,1.995266502740804082e+00,1.995250752949144335e+00,1.551517892027812540e+00,-7.287096979591656254e-02,4.050697590613010490e-01
1.292999999999999972e+01,1.994055926112037636e+00,1.994055806954822430e+00,1.994045516818760522e+00,1.538536131033076071e+00,-6.681331403713275385e-02,3.550988777466177471e-01
1.293999999999999950e+01,1.992468940980123726e+00,1.992468899565507101e+00,1.992466416363227077e+00,1.525526590015984674e+00,-6.082181998267810474e-02,3.038732787092373600e-01
1.295000000000000107e+01,1.990478133824670870e+00,1.990478194463829453e+00,1.990485855636853874e+00,1.512484975498033180e+00,-5.492570419072961840e-02,2.517133900160238857e-01
1.296000000000000085e+01,1.988055865520689025e+00,1.988056052200442458e+00,1.988076162062534902e+00,1.499406679433050726e+00,-4.915661845384111661e-02,1.988713090290459284e-01
1.297000000000000064e+01,1.985175081796871854e+00,1.985175417916823060e+00,1.985210222292050020e+00,1.486286873676502918e+00,-4.354799441272916294e-02,1.455437590513823931e-01
1.298000000000000043e+01,1.981809956562129216e+00,1.981810464659570892e+00,1.981862124394270452e+00,1.473120601723091561e+00,-3.813434061765008654e-02,9.188141244452319167e-02
1.299000000000000021e+01,1.977936509209014204e+00,1.977937210684170388e+00,1.978007775206192864e+00,1.459902868580578161e+00,-3.295051338766841198e-02,3.799560091295806075e-02
1.300000000000000000e+01,1.973533164283864716e+00,1.973534079137517327e+00,1.973625461269094883e+00,1.446628729012590986e+00,-2.803098564687023231e-02,-1.603669451749423214e-02
1.300999999999999979e+01,1.968581224677724562e+00,1.968582371274403275e+00,1.968696324541201026e+00,1.433293374175542922e+00,-2.340913734323135653e-02,-7.016885198434552606e-02
1.301999999999999957e+01,1.963065235551232579e+00,1.963066630418830893e+00,1.963204729894232337e+00,1.419892216520230566e+00,-1.911659052788838853e-02,-1.243810535808974604e-01
1.303000000000000114e+01,1.956973224371714615e+00,1.956974882045584341e+00,1.957138509519156688e+00,1.406420972438374939e+00,-1.518260893203737805e-02,-1.786767441902153974e-01
1.304000000000000092e+01,1.950296811935614993e+00,1.950298744852321020e+00,1.950489078783657293e+00,1.392875741999899386e+00,-1.163357821485599963e-02,-2.330788108717093410e-01
1.305000000000000071e+01,1.943031198352771050e+00,1.943033416793998880e+00,1.943251427136494014e+00,1.379253084840130539e+00,-8.492577842919235565e-03,-2.876253223616023202e-01
1.306000000000000050e+01,1.935175036312136054e+00,1.935177548397169378e+00,1.935423996066715890e+00,1.365550091051936921e+00,-5.779050598702872854e-03,-3.423647900311217462e-01
1.307000000000000028e+01,1.926730209293261220e+00,1.926733021013797842e+00,1.927008461468374456e+00,1.351764445782093649e+00,-3.508570468859772973e-03,-3.973510355409844985e-01
1.308000000000000007e+01,1.917701536127706774e+00,1.917704651419007700e+00,1.918009441680060378e+00,1.337894485993770477e+00,-1.692705067952493536e-03,-4.526378575789933301e-01
1.308999999999999986e+01,1.908096424184617668e+00,1.908099845022982910e+00,1.908434153273930178e+00,1.323939247756106496e+00,-3.389649173785036496e-04,-5.082737664176277814e-01
1.309999999999999964e+01,1.897924491693022464e+00,1.897928218212891593e+00,1.898292035216072371e+00,1.309898502511518403e+00,5.491709223018892416e-04,-5.642971022836171802e-01
1.310999999999999943e+01,1.887197177653309854e+00,1.887201208274747799e+00,1.887594359786243237e+00,1.295772780545770608e+00,9.721652214352838328e-04,-6.207318495578304507e-01
1.312000000000000099e+01,1.875927353653782603e+00,1.875931685213628075e+00,1.876353844726762699e+00,1.281563379822759696e+00,9.342820788386108077e-04,-6.775844181002073086e-01
1.313000000000000078e+01,1.864128948194327950e+00,1.864133576075229781e+00,1.864584277328979800e+00,1.267272359467601639e+00,4.434086633990919069e-04,-7.348415809889183858e-01
1.314000000000000057e+01,1.851816590283459352e+00,1.851821508535952843e+00,1.852300157340093234e+00,1.252902515944462891e+00,-4.891484294452519421e-04,-7.924696510460519372e-01
1.315000000000000036e+01,1.839005275660275940e+00,1.839010477114991549e+00,1.839516362187696430e+00,1.238457341874773743e+00,-1.848881076567443493e-03,-8.504148643635646154e-01
1.316000000000000014e+01,1.825710056261927949e+00,1.825715532629317295e+00,1.826247835220716542e+00,1.223940967002770330e+00,-3.618302185486532707e-03,-9.086048291267844190e-01
1.316999999999999993e+01,1.811945751316188735e+00,1.811951493272435210e+00,1.812509295455016822e+00,1.209358081490251591e+00,-5.777165022851749043e-03,-9.669508104572731577e-01
1.317999999999999972e+01,1.797726676869752183e+00,1.797732674129196351e+00,1.798314965729243653e+00,1.194713843568772305e+00,-8.302673139176430794e-03,-1.025350565315630957e+00
1.318999999999999950e+01,1.783066389483960679e+00,1.783072630856630258e+00,1.783678314991168801e+00,1.180013772510296377e+00,-1.116967635671062276e-02,-1.083691415416918158e+00
1.320000000000000107e+01,1.767977439177788268e+00,1.767983912613891873e+00,1.768611809925412226e+00,1.165263630567551889e+00,-1.435084977060951950e-02,-1.141853256600019462e+00
1.321000000000000085e+01,1.752471126425962034e+00,1.752477819047398633e+00,1.753126670685290822e+00,1.150469296809910391e+00,-1.781685406427513385e-02,-1.199711231893373586e+00
1.322000000000000064e+01,1.736557257852264780e+00,1.736564155972388335e+00,1.737232625439726341e+00,1.135636638168213475e+00,-2.153647652981527383e-02,-1.257137841118711741e+00
1.323000000000000043e+01,1.720243895723712946e+00,1.720250984856611209e+00,1.720937658828692873e+00,1.120771382030905317e+00,-2.547675316322040029e-02,-1.314004311478402798e+00
1.324000000000000021e+01,1.703537096454820210e+00,1.703544361314926814e+00,1.704247749553695179e+00,1.105878996746463061e+00,-2.960307295219943846e-02,-1.370181092536648215e+00
1.325000000000000000e+01,1.686440634128927307e+00,1.686448058623905233e+00,1.687166593164304729e+00,1.090964584964386974e+00,-3.387926612638469948e-02,-1.425537367567664582e+00
1.325999999999999979e+01,1.668955705664166622e+00,1.668963272879968818e+00,1.669695306578602878e+00,1.076032796955434412e+00,-3.826767862546676113e-02,-1.479939479342043729e+00
1.326999999999999957e+01,1.651080615412153785e+00,1.651088307596119575e+00,1.651832112301491851e+00,1.061087768107439322e+00,-4.272923538943906863e-02,-1.533248144179706340e+00
1.328000000000000114e+01,1.632810437952861404e+00,1.632818236490416020e+00,1.633572000873986685e+00,1.046133086590243400e+00,-4.722349553573290670e-02,-1.585314276107040010e+00
1.329000000000000092e+01,1.614136659996273204e+00,1.614144545390310714e+00,1.614906372754986608e+00,1.031171793029081130e+00,-5.170870250562631387e-02,-1.635973152429648358e+00
1.330000000000000071e+01,1.595046802033600386e+00,1.595054753884799670e+00,1.595822660188036313e+00,1.016206416667098988e+00,-5.614183259189631237e-02,-1.685036523155238442e+00
1.331000000000000050e+01,1.575524026153322765e+00,1.575532023141860805e+00,1.576303935165679571e+00,1.001239046277599520e+00,-6.047864562061167071e-02,-1.732282105552019669e+00
1.332000000000000028e+01,1.555546733983672825e+00,1.555554753858947148e+00,1.556328508118767662e+00,9.862714352090745651e-01,-6.467374122646596390e-02,-1.777439733665939547e+00
1.333000000000000007e+01,1.535088165368834634e+00,1.535096184943568698e+00,1.535869527168585602e+00,9.713051359507791638e-01,-6.868062431130095291e-02,-1.820173341600385353e+00
1.333999999999999986e+01,1.514116006963709626e+00,1.514124002124576762e+00,1.514894587942834381e+00,9.563416577393963891e-01,-7.245178391582851596e-02,-1.860058179435711612e+00
1.334999999999999964e+01,1.492592026119283322e+00,1.492599971840003814e+00,1.493365368233757540e+00,9.413826376812433061e-01,-7.593878866262482319e-02,-1.896553748611737200e+00
1.335999999999999943e+01,1.470471743549012000e+00,1.470479613923510787e+00,1.471237302178850292e+00,9.264300117079733443e-01,-7.909240295862030035e-02,-1.928976046620365814e+00
1.337000000000000099e+01,1.447704163193247906e+00,1.447711931473302016e+00,1.448459311081802925e+00,9.114861695538881703e-01,-8.186272712282194330e-02,-1.956479683278835147e+00
1.338000000000000078e+01,1.424231574272416090e+00,1.424239212930752618e+00,1.424973607111343021e+00,8.965540705416381595e-01,-8.419936408094963465e-02,-1.978072579483023619e+00
1.339000000000000057e+01,1.399989444339929667e+00,1.399996925128117020e+00,1.400715586905058707e+00,8.816372906305597335e-01,-8.605161620226320363e-02,-1.992698663544092419e+00
1.340000000000000036e+01,1.374906416080234228e+00,1.374913710106881570e+00,1.375613829555234480e+00,8.667399601662361119e-01,-8.736871498664522395e-02,-1.999416949344914318e+00
1.341000000000000014e+01,1.348904419759286100e+00,1.348911497564271755e+00,1.349590209173442634e+00,8.518665335336823574e-01,-8.810008359394305710e-02,-1.997648238311706237e+00
1.341999999999999993e+01,1.321898905257592460e+00,1.321905736891358707e+00,1.322560127045508516e+00,8.370213055288393544e-01,-8.819563454303047667e-02,-1.987369991493753485e+00
1.342999999999999972e+01,1.293799194182208900e+00,1.293805749270420025e+00,1.294432862644454341e+00,8.222075448149831489e-01,-8.760610272716029545e-02,-1.969125803977163525e+00
1.343999999999999950e+01,1.264508940443155982e+00,1.264515188239571097e+00,1.265112032868674463e+00,8.074260444559245853e-01,-8.628341137064476918e-02,-1.943843959373596331e+00
1.345000000000000107e+01,1.233926682218311699e+00,1.233932591628004838e+00,1.234496141393984336e+00,7.926727777056679081e-01,-8.418106886923437671e-02,-1.912593052014605055e+00
1.346000000000000085e+01,1.201946455269029546e+00,1.201951994846210514e+00,1.202479189028654138e+00,7.779351704371476606e-01,-8.125459576020643837e-02,-1.876397243903912493e+00
1.347000000000000064e+01,1.168458433529785845e+00,1.168463571425356395e+00,1.168951309936971494e+00,7.631862351869393990e-01,-7.746197259819886938e-02,-1.836145592588411146e+00
1.348000000000000043e+01,1.133349551914283104e+00,1.133354255780774089e+00,1.133799389943473734e+00,7.483754426281179484e-01,-7.276410563393442832e-02,-1.792570451400226972e+00
1.349000000000000021e+01,1.096504065499264158e+00,1.096508302340108543e+00,1.096907620449772747e+00,7.334147989027254289e-01,-6.712530194736954225e-02,-1.746260390858245026e+00
1.350000000000000000e+01,1.057803999460339428e+00,1.057807735427095608e+00,1.058157943213459573e+00,7.181584777682855636e-01,-6.051374347056182046e-02,-1.697684630012865181e+00
1.350999999999999979e+01,1.017129451862460954e+00,1.017132652003595261e+00,1.017430348471151769e+00,7.023755297144689269e-01,-5.290195224282345787e-02,-1.647217884953814826e+00
1.351999999999999957e+01,9.743587299783424971e-01,9.743613579551265724e-01,9.746030081303567183e-01,6.857198987578452254e-01,-4.426723371732821377e-02,-1.595161618838004447e+00
1.353000000000000114e+01,9.293683347814332141e-01,9.293703525833089119e-01,9.295522602214629782e-01,6.677130726324875809e-01,-3.459208642645716925e-02,-1.541760939446871204e+00
1.354000000000000092e+01,8.820328662856397051e-01,8.820342339985948188e-01,8.821525196758936982e-01,6.477696156492258606e-01,-2.386456574003570363e-02,-1.487217605778027529e+00
1.355000000000000071e+01,8.322250237569256415e-01,8.322256994836596533e-01,8.322762936288489177e-01,6.252943786098031920e-01,-1.207858799539240913e-02,-1.431699912545906894e+00
1.356000000000000050e+01,7.798160431743310639e-01,7.798159832694864235e-01,7.797946502167937277e-01,5.998334084921079778e-01,7.658367059425463808e-04,-1.375350187922632639e+00
1.357000000000000028e+01,7.246771981633213233e-01,7.246763580567363583e-01,7.245787778007470870e-01,5.711944357937677186e-01,1.466245619530798239e-02,-1.318290507660671462e+00
1.358000000000000007e+01,6.666834518348642158e-01,6.666817878784966345e-01,6.665037382169770597e-01,5.394602902181000470e-01,2.959872288421733222e-02,-1.260627088923993444e+00
1.358999999999999986e+01,6.057210576730428508e-01,6.057185306725049179e-01,6.054562342217540971e-01,5.049080496689813957e-01,4.555584516370242421e-02,-1.202453711332811759e+00
1.359999999999999964e+01,5.417018713455090673e-01,5.416984526640449271e-01,5.413491751898175108e-01,4.679044544218379231e-01,6.250895076644086279e-02,-1.143854421237580077e+00
1.360999999999999943e+01,4.745880661128734634e-01,4.745837472507905552e-01,4.741467344468480727e-01,4.288279958534756409e-01,8.042736688063417683e-02,-1.084905709574605748e+00
1.362000000000000099e+01,4.044307635284297708e-01,4.044255693346132663e-01,4.039033347810658814e-01,3.880272263994507531e-01,9.927501825396117807e-02,-1.025678304128790019e+00
1.363000000000000078e+01,3.314222769801651869e-01,3.314162802576606781e-01,3.308160218452083079e-01,3.458049053284772412e-01,1.190109412812261069e-01,-9.662386819749538835e-01
1.364000000000000057e+01,2.559508503772727206e-01,2.559441812929633131e-01,2.552786795290949984e-01,3.024159379315586871e-01,1.395899066346234507e-01,-9.066503816481248368e-01
1.365000000000000036e+01,1.786299495778168045e-01,1.786227897406953979e-01,1.779098038415457550e-01,2.580711958756184976e-01,1.609631397476929959e-01,-8.469751757233781042e-01
1.366000000000000014e+01,1.002660887134775303e-01,1.002586438592346918e-01,9.951823241557329613e-02,2.129431175946346344e-01,1.830791228922069025e-01,-7.872741468343046334e-01
1.366999999999999993e+01,2.175338629385069333e-02,2.174584580107183363e-02,2.099643214705473881e-02,1.671712897313580304e-01,2.058844576034258300e-01,-7.276086984995666640e-01
1.367999999999999972e+01,-5.606582012273315929e-02,-5.607331679786166367e-02,-5.681818234148282298e-02,1.208673730307803229e-01,2.293247628336722022e-01,-6.680415145063517413e-01
1.368999999999999950e+01,-1.325084686365508024e-01,-1.325158441181283342e-01,-1.332486391327070141e-01,7.411925759381066126e-02,2.533455800977056915e-01,-6.086374650958112920e-01
1.370000000000000107e+01,-2.070899988014162363e-01,-2.070972303324072339e-01,-2.078157232241506780e-01,2.699453812282581744e-02,2.778932552069764972e-01,-5.494644342385425206e-01
1.371000000000000085e+01,-2.795067084560935999e-01,-2.795138117608196859e-01,-2.802194954238724778e-01,-2.045653854595530508e-02,3.029157652571992654e-01,-4.905940153831744865e-01
1.372000000000000064e+01,-3.495930054997739012e-01,-3.496000191040454785e-01,-3.502965944193908165e-01,-6.819850106698521763e-02,3.283634614929163975e-01,-4.321019849342834784e-01
1.373000000000000043e+01,-4.172779304792429977e-01,-4.172849042584758639e-01,-4.179771738163816641e-01,-1.162083274823818568e-01,3.541897022941034590e-01,-3.740684274103041607e-01
1.374000000000000021e+01,-4.825512586527593850e-01,-4.825582467660327057e-01,-4.832514322924036931e-01,-1.644732682799038281e-01,3.803513542927230984e-01,-3.165773454480901861e-01
1.375000000000000000e+01,-5.454404181339660429e-01,-5.454474752039817353e-01,-5.461468482022830973e-01,-2.129887537653538665e-01,4.068091491225396261e-01,-2.597155772165385956e-01
1.375999999999999979e+01,-6.059959897728866007e-01,-6.060031691042648827e-01,-6.067138781212989551e-01,-2.617563519287657847e-01,4.335278895472968186e-01,-2.035708670958603639e-01
1.376999999999999957e+01,-6.642830663431420479e-01,-6.642904192805784147e-01,-6.650174271875149978e-01,-3.107817694955572474e-01,4.604765075715261391e-01,-1.482290326172636119e-01
1.378000000000000114e+01,-7.203762827167288219e-01,-7.203838585656153759e-01,-7.211319341479457412e-01,-3.600729118555024422e-01,4.876279847022915170e-01,-9.377034972781961297e-02
1.379000000000000092e+01,-7.743570017898264712e-01,-7.743648479566344056e-01,-7.751385787292535134e-01,-4.096380335113706805e-01,5.149591520692694546e-01,-4.026552472518019066e-02
1.380000000000000071e+01,-8.263116809960422415e-01,-8.263198431563254509e-01,-8.271236509124380021e-01,-4.594840215554138463e-01,5.424503921184413713e-01,1.222813093711228039e-02
1.381000000000000050e+01,-8.763308194518562022e-01,-8.763393416475979691e-01,-8.771774911811982545e-01,-5.096148581639825537e-01,5.700852669613518664e-01,6.366956409671886696e-02
1.382000000000000028e+01,-9.245081314757165325e-01,-9.245170560975224383e-01,-9.253936528777230164e-01,-5.600303048530317351e-01,5.978500993703342870e-01,1.140351875285460226e-01
1.383000000000000007e+01,-9.709397497148400946e-01,-9.709491173594089197e-01,-9.718680931490815134e-01,-6.107248426533864460e-01,6.257335305337921039e-01,1.633180392831774519e-01
1.383999999999999986e+01,-1.015723361655048063e+00,-1.015733210865865432e+00,-1.016698298163546621e+00,-6.616868886120964577e-01,6.537260770407005150e-01,2.115249539275084745e-01
1.384999999999999964e+01,-1.058957247122436884e+00,-1.058967614035421612e+00,-1.059982311344571881e+00,-7.128982922609785611e-01,6.818197047326098881e-01,2.586722395362637261e-01
1.385999999999999943e+01,-1.100739224370992808e+00,-1.100750142290664702e+00,-1.101817672765571077e+00,-7.643340979313882899e-01,7.100074330967169889e-01,3.047806070559900826e-01
1.387000000000000099e+01,-1.141165535921034202e+00,-1.141177034855916261e+00,-1.142300301068601032e+00,-8.159625409162321041e-01,7.382829798180636782e-01,3.498701041404175260e-01
1.388000000000000078e+01,-1.180329717228384645e+00,-1.180341823412895952e+00,-1.181523360877929418e+00,-8.677452300063457358e-01,7.666404504827574184e-01,3.939556116552893617e-01
1.389000000000000057e+01,-1.218321494633752167e+00,-1.218334230060466705e+00,-1.219576161833087591e+00,-9.196374558832050017e-01,7.950740749102431781e-01,4.370431796178179118e-01
1.390000000000000036e+01,-1.255225756181640673e+00,-1.255239138163295021e+00,-1.256543132363297843e+00,-9.715885559247748882e-01,8.235779894853636485e-01,4.791272159442584444e-01
1.391000000000000014e+01,-1.291121631864954988e+00,-1.291135672639682319e+00,-1.292502904186414447e+00,-1.023542257297245017e+00,8.521460617549866390e-01,5.201883555542776705e-01
1.391999999999999993e+01,-1.326081709691154131e+00,-1.326096416077802376e+00,-1.327527533337520493e+00,-1.075436918919808083e+00,8.807717533506184138e-01,5.601917345712512653e-01
1.392999999999999972e+01,-1.360171403615742625e+00,-1.360186776723326663e+00,-1.361681873216263217e+00,-1.127205585917913311e+00,9.094480150299333321e-01,5.990853571633507624e-01
1.393999999999999950e+01,-1.393448478048273653e+00,-1.393464513025743701e+00,-1.395023103659753794e+00,-1.178775767677719299e+00,9.381672094373905146e-01,6.367982303780947984e-01
1.395000000000000107e+01,-1.425962724058501330e+00,-1.425979409899849060e+00,-1.427600411255139479e+00,-1.230068841563604298e+00,9.669210551290816635e-01,6.732379318776540167e-01
1.396000000000000085e+01,-1.457755773785566866e+00,-1.457773093142898713e+00,-1.459454806116471826e+00,-1.280998971868634095e+00,9.957005871711199774e-01,7.082872378689457626e-01
1.397000000000000064e+01,-1.488861034817063222e+00,-1.488878963842850123e+00,-1.490619057802898162e+00,-1.331471411294671059e+00,1.024496129700109615e+00,7.417993487685323739e-01
1.398000000000000043e+01,-1.519303720725628359e+00,-1.519322228903810634e+00,-1.521117725457415082e+00,-1.381380021648072276e+00,1.053297276089002477e+00,7.735910886090883176e-01
1.399000000000000021e+01,-1.549100952847577872e+00,-1.549120002812906627e+00,-1.550967257915663478e+00,-1.430603804584743122e+00,1.082092873399161048e+00,8.034331740303338742e-01
1.400000000000000000e+01,-1.578261909000733709e+00,-1.578281456320759890e+00,-1.580176139025130766e+00,-1.479002179263611882e+00,1.110871008026872664e+00,8.310361936049353027e-01
1.400999999999999979e+01,-1.606787994933966957e+00,-1.606807987843877683e+00,-1.608745054415354758e+00,-1.526408682168139519e+00,1.139618989992912335e+00,8.560302330764901768e-01
1.401999999999999957e+01,-1.634673018068912187e+00,-1.634693397148806238e+00,-1.636667059339782071e+00,-1.572622722645482085e+00,1.168323333797519181e+00,8.779350198511493009e-01
1.403000000000000114e+01,-1.661903346049654839e+00,-1.661924043828439945e+00,-1.663927730317909193e+00,-1.617399058870020223e+00,1.196969734019843301e+00,8.961161140084147325e-01
1.404000000000000092e+01,-1.688458037592293071e+00,-1.688478978077760928e+00,-1.690505288539696060e+00,-1.660434888401772557e+00,1.225543034183428359e+00,9.097218429709115206e-01
1.405000000000000071e+01,-1.714308937925510312e+00,-1.714330036055807804e+00,-1.716370687748518087e+00,-1.701355119828387163e+00,1.254027187511568719e+00,9.175992740370065848e-01
1.406000000000000050e+01,-1.739420737935861272e+00,-1.739441898959998678e+00,-1.741487666482073537e+00,-1.739697926140973294e+00,1.282405208390146267e+00,9.182101662478037163e-01
1.407000000000000028e+01,-1.763751003632955783e+00,-1.763772122436040757e+00,-1.765812772305394684e+00,-1.774905594399400321e+00,1.310659113422915745e+00,9.096515113207398473e-01
1.408000000000000007e+01,-1.787250192558627049e+00,-1.787271152962759846e+00,-1.789295376138164695e+00,-1.806330086770624010e+00,1.338769850981146536e+00,8.900799207955565340e-01
1.408999999999999986e+01,-1.809861686220036514e+00,-1.809882360313123772e+00,-1.811877707846796248e+00,-1.833266848904070656e+00,1.366717217992143851e+00,8.588822807119358416e-01
1.409999999999999964e+01,-1.831521883808184814e+00,-1.831542131380118565e+00,-1.833494961194549910e+00,-1.855028634277979815e+00,1.394479762923774846e+00,8.178590234347591359e-01
1.410999999999999943e+01,-1.852160422706130127e+00,-1.852180090912116439e+00,-1.854075537428519382e+00,-1.871055458948894135e+00,1.422034673329957588e+00,7.705339374898254601e-01
1.412000000000000099e+01,-1.871700615693898673e+00,-1.871719539099261365e+00,-1.873541521901544549e+00,-1.881028060687973680e+00,1.449357646754736439e+00,7.201728377241198853e-01
1.413000000000000078e+01,-1.890060222192881279e+00,-1.890078223447236194e+00,-1.891809516918676159e+00,-1.884933066786621758e+00,1.476422743147034478e+00,6.688584192786033444e-01
1.414000000000000057e+01,-1.907152695389813246e+00,-1.907169586748859835e+00,-1.908791976479857766e+00,-1.883046716745767624e+00,1.503202216500185928e+00,6.176971349564582825e-01
1.415000000000000036e+01,-1.922889065135419795e+00,-1.922904651186437608e+00,-1.924399207497277775e+00,-1.875851333747679206e+00,1.529666324036216274e+00,5.672347153801597930e-01
1.416000000000000014e+01,-1.937180606615564127e+00,-1.937194688473440118e+00,-1.938542184920277966e+00,-1.863930441369367585e+00,1.555783109666865727e+00,5.177347453115348497e-01
1.416999999999999993e+01,-1.949942397187615306e+00,-1.949954778367492425e+00,-1.951136273991199710e+00,-1.847882186241401214e+00,1.581518159157379921e+00,4.693272278930467056e-01
1.417999999999999972e+01,-1.961097751622017604e+00,-1.961108245591955956e+00,-1.962105828674251651e+00,-1.828265835828417396e+00,1.606834323832579070e+00,4.220836299563736072e-01
1.418999999999999950e+01,-1.970583343598446113e+00,-1.970591782666944347e+00,-1.971389439920483877e+00,-1.805577343721193273e+00,1.631691407928903548e+00,3.760552964225521433e-01
1.420000000000000107e+01,-1.978354581946560442e+00,-1.978360826713278176e+00,-1.978945359534106219e+00,-1.780243737510686763e+00,1.656045816599536646e+00,3.312941652791935310e-01
1.421000000000000085e+01,-1.984390569761097511e+00,-1.984394517945550884e+00,-1.984756387781333231e+00,-1.752627291167249801e+00,1.679850159146822897e+00,2.878649718107686439e-01
1.422000000000000064e+01,-1.988697827122468009e+00,-1.988699420351840441e+00,-1.988833385563524070e+00,-1.723033641857403708e+00,1.703052802800014698e+00,2.458533964401602434e-01
1.423000000000000043e+01,-1.991312004138588998e+00,-1.991311231422430605e+00,-1.991216653867447839e+00,-1.691720712709349872e+00,1.725597372076723923e+00,2.053723271580818466e-01
1.424000000000000021e+01,-1.992297099304953356e+00,-1.992293996445372972e+00,-1.991974750990680665e+00,-1.658907006694539721e+00,1.747422189142882498e+00,1.665672717252921764e-01
1.425000000000000000e+01,-1.991742173470167021e+00,-1.991736818473718529e+00,-1.991200818242808257e+00,-1.624778758132263246e+00,1.768459651685691636e+00,1.296213285734318932e-01
1.425999999999999979e+01,-1.989756057863852234e+00,-1.989748563215877564e+00,-1.989006989773100198e+00,-1.589495868680442126e+00,1.788635546815438015e+00,9.475972353302186679e-02
1.426999999999999957e+01,-1.986460914957711710e+00,-1.986451418134427049e+00,-1.985517792503274315e+00,-1.553196738909100372e+00,1.807868303550149935e+00,6.225359878290537274e-02
1.428000000000000114e+01,-1.981985612850697631e+00,-1.981974266531698170e+00,-1.980863502399450304e+00,-1.516002164464492097e+00,1.826068192698278914e+00,3.242243907854658325e-02
1.429000000000000092e+01,-1.976459726256965865e+00,-1.976446689431383685e+00,-1.975174241118787588e+00,-1.478018467424420779e+00,1.843136493129604148e+00,5.634226878418968631e-03
1.430000000000000071e+01,-1.970008681993746791e+00,-1.969994112691843213e+00,-1.968575285088648208e+00,-1.439340014041376348e+00,1.858964659330881064e+00,-1.769783601256025296e-02
1.431000000000000050e+01,-1.962750249093972776e+00,-1.962734299013566108e+00,-1.961183742359075666e+00,-1.400051244059484779e+00,1.873433547860331227e+00,-3.712333330522132879e-02
1.432000000000000028e+01,-1.954792322644075764e+00,-1.954775133598033232e+00,-1.953106513226411600e+00,-1.360228312354377245e+00,1.886412793532326493e+00,-5.216855177200940830e-02
1.433000000000000007e+01,-1.946231800572697734e+00,-1.946213502473327583e+00,-1.944439315301420113e+00,-1.319940423353770376e+00,1.897760470896191487e+00,-6.235699718893128463e-02
1.433999999999999986e+01,-1.937154294205020388e+00,-1.937135004236564040e+00,-1.935266507379109990e+00,-1.279250919597533676e+00,1.907323232852529582e+00,-6.723621760259379521e-02
1.434999999999999964e+01,-1.927634419191552873e+00,-1.927614241821298258e+00,-1.925661460153440974e+00,-1.238218174049944942e+00,1.914937184897946398e+00,-6.640921854351355957e-02
1.435999999999999943e+01,-1.917736451980418977e+00,-1.917715479522801969e+00,-1.915687264209083640e+00,-1.196896323543646723e+00,1.920429815374893101e+00,-5.956715924148503483e-02
1.437000000000000099e+01,-1.907515186744916935e+00,-1.907493500244000106e+00,-1.905397616983378395e+00,-1.155335873063670915e+00,1.923623342262521962e+00,-4.651875502124669381e-02
1.438000000000000078e+01,-1.897016876334046476e+00,-1.896994546606023846e+00,-1.894837778062580469e+00,-1.113584193688933244e+00,1.924339809012578506e+00,-2.721147447518379447e-02
1.439000000000000057e+01,-1.886280179432236803e+00,-1.886257268166911860e+00,-1.884045520284203690e+00,-1.071685932211254855e+00,1.922408121361132149e+00,-1.740598424967876312e-03
1.440000000000000036e+01,-1.875337067410430825e+00,-1.875313628232585073e+00,-1.873052034049002224e+00,-1.029683346531709454e+00,1.917672909954058813e+00,2.965560039490955369e-02
1.441000000000000014e+01,-1.864213664720246966e+00,-1.864189744199541643e+00,-1.861882761192333202e+00,-9.876165779327656935e-01,1.910004625612987450e+00,6.661354211821202131e-02
1.441999999999999993e+01,-1.852931011799739736e+00,-1.852906650388777443e+00,-1.850558149531214447e+00,-9.455238690920917399e-01,1.899309705452323138e+00,1.086714730152013031e-01
1.442999999999999972e+01,-1.841505748263279063e+00,-1.841480981115713345e+00,-1.839094326975874605e+00,-9.034417353438373155e-01,1.885539186413880852e+00,1.553013236270006647e-01
1.443999999999999950e+01,-1.829950719342889442e+00,-1.829925577058664876e+00,-1.827503698921172148e+00,-8.614050952423097929e-01,1.868694050548138641e+00,2.059405813157950682e-01
1.445000000000000107e+01,-1.818275511832547764e+00,-1.818250021119096171e+00,-1.815795475633488643e+00,-8.194473660752543687e-01,1.848826046393330813e+00,2.600205097336198978e-01
1.446000000000000085e+01,-1.806486926823634320e+00,-1.806461111061183678e+00,-1.803976137183736395e+00,-7.776005294851915384e-01,1.826033682325330698e+00,3.169885601496494343e-01
1.447000000000000064e+01,-1.794589396825759131e+00,-1.794563276569114629e+00,-1.792049843531041242e+00,-7.358951722290462127e-01,1.800454192575308365e+00,3.763242749137696852e-01
1.448000000000000043e+01,-1.782585354659384169e+00,-1.782558948080007921e+00,-1.780018797202138181e+00,-6.943605072570151471e-01,1.772253092385807527e+00,4.375490644117733807e-01
1.449000000000000021e+01,-1.770475560815129468e+00,-1.770448884078383855e+00,-1.767883565266014090e+00,-6.530243803746286213e-01,1.741613183534600040e+00,5.002308584789214585e-01
1.450000000000000000e+01,-1.758259395248835233e+00,-1.758232462850662259e+00,-1.755643366374302961e+00,-6.119132666909908869e-01,1.708724564669755530e+00,5.639848577217559944e-01
1.450999999999999979e+01,-1.745935118615228987e+00,-1.745907943658838057e+00,-1.743296328035597309e+00,-5.710522629120465821e-01,1.673776589764969902e+00,6.284715684526954727e-01
1.451999999999999957e+01,-1.733500107516420252e+00,-1.733472701996245258e+00,-1.730839718190359200e+00,-5.304650780473386673e-01,1.636952088981197040e+00,6.933931215741463427e-01
1.453000000000000114e+01,-1.720951067031569082e+00,-1.720923442023492456e+00,-1.718270154949665951e+00,-4.901740249742889133e-01,1.598423703118465600e+00,7.584886445141211242e-01
1.454000000000000092e+01,-1.708284223459942686e+00,-1.708256389345201853e+00,-1.705583796664659424e+00,-4.502000138940798202e-01,1.558351935599195937e+00,8.235292308054585897e-01
1.455000000000000071e+01,-1.695495499632739822e+00,-1.695467466277811752e+00,-1.692776514926898512e+00,-4.105625448576889491e-01,1.516884456054755637e+00,8.883128621610654196e-01
1.456000000000000050e+01,-1.682580674010399235e+00,-1.682552450861118931e+00,-1.679844051952981587e+00,-3.712796949847572137e-01,1.474156228068441266e+00,9.526594886869232948e-01
1.457000000000000028e+01,-1.669535524749654165e+00,-1.669507120994930816e+00,-1.666782163098987635e+00,-3.323680930807635381e-01,1.430290120459587255e+00,1.016406363094067178e+00
1.458000000000000007e+01,-1.656355959904855180e+00,-1.656327384736222097e+00,-1.653586745126464752e+00,-2.938428730962129865e-01,1.385397756536967284e+00,1.079403645232094089e+00
1.458999999999999986e+01,-1.643038133009514068e+00,-1.643009395509200443e+00,-1.640253950752546430e+00,-2.557175971783238744e-01,1.339580438712926869e+00,1.141510236572755854e+00
1.459999999999999964e+01,-1.629578544198168721e+00,-1.629549653558515665e+00,-1.626780289183175077e+00,-2.180041407210900894e-01,1.292930051837348771e+00,1.202589761949255598e+00
1.460999999999999943e+01,-1.615974126795971078e+00,-1.615945092391771087e+00,-1.613162711003785166e+00,-1.807125349353706500e-01,1.245529894146834904e+00,1.262506579496069037e+00
1.462000000000000099e+01,-1.602222318384270539e+00,-1.602193149892324975e+00,-1.599398678563267673e+00,-1.438507671201504079e-01,1.197455416798165251e+00,1.321121663799399437e+00
1.463000000000000078e+01,-1.588321115386079008e+00,-1.588291822739396952e+00,-1.585486219758380333e+00,-1.074245458573102330e-01,1.148774872191895557e+00,1.378288163854465509e+00
1.464000000000000057e+01,-1.574269110308828434e+00,-1.574239703884397823e+00,-1.571423964798737138e+00,-7.143704327440478230e-02,1.099549882154225777e+00,1.433846378458523585e+00
1.465000000000000036e+01,-1.560065511255948056e+00,-1.560036001851242471e+00,-1.557211164442365181e+00,-3.588863423501514882e-02,1.049835941551924723e+00,1.487617809250060485e+00
1.466000000000000014e+01,-1.545710141995498610e+00,-1.545680540913140000e+00,-1.542847690017821183e+00,-7.766555831266730436e-04,9.996828740313736805e-01,1.539397829565004372e+00
1.466999999999999993e+01,-1.531203422876494802e+00,-1.531173741994646731e+00,-1.528334013293368931e+00,3.390478872068777849e-02,9.491352524011523739e-01,1.588946332925241123e+00
1.467999999999999972e+01,-1.516546331142307302e+00,-1.516516582845642613e+00,-1.513671166789059885e+00,6.816495143995543460e-02,8.982327920263165622e-01,1.635975472658943275e+00
1.468999999999999950e+01,-1.501740341400552348e+00,-1.501710538747454304e+00,-1.498860683584799292e+00,1.020164731859719287e-01,8.470107194033650311e-01,1.680133262371766634e+00
1.470000000000000107e+01,-1.486787345789179593e+00,-1.486757502421221178e+00,-1.483904517294217351e+00,1.354753052468682661e-01,7.955001078715964180e-01,1.720981379968923530e+00
1.471000000000000085e+01,-1.471689554417365819e+00,-1.471659684742261387e+00,-1.468804942524966073e+00,1.685605166382055653e-01,7.437281652195100179e-01,1.757965130547227695e+00
1.472000000000000064e+01,-1.456449377118879118e+00,-1.456419496181339701e+00,-1.453564436381101554e+00,2.012939868952456635e-01,6.917184503081919011e-01,1.790373620776565922e+00
1.473000000000000043e+01,-1.441069285924146959e+00,-1.441039409542953287e+00,-1.438185542287290897e+00,2.336999954027073612e-01,6.394909827096848520e-01,1.817290143809842995e+00
1.474000000000000021e+01,-1.425551661496071709e+00,-1.425521806262395552e+00,-1.422670715861501067e+00,2.658047259606410861e-01,5.870622099213209655e-01,1.837540079881508692e+00
1.475000000000000000e+01,-1.409898621427265741e+00,-1.409868804795503250e+00,-1.407022155392458673e+00,2.976357114574047502e-01,5.344447963816094660e-01,1.849663534431747358e+00
1.475999999999999979e+01,-1.394111832572093146e+00,-1.394082072966061681e+00,-1.391241614689946005e+00,3.292212470237725341e-01,4.816472136577352736e-01,1.851980353491714304e+00
1.476999999999999957e+01,-1.378192304193049944e+00,-1.378162620939730409e+00,-1.375330199577798007e+00,3.605898007585184306e-01,4.286731548708524464e-01,1.842858325566564925e+00
1.478000000000000114e+01,-1.362140161147104900e+00,-1.362110574800670326e+00,-1.359288142846111658e+00,3.917694492124795813e-01,3.755208684775443451e-01,1.821238845008052998e+00
1.479000000000000092e+01,-1.345954390783843602e+00,-1.345924923135845885e+00,-1.343114555062243198e+00,4.227873607355109309e-01,3.221826178367381832e-01,1.787191063764456134e+00
1.480000000000000071e+01,-1.329632555527286097e+00,-1.329603229940113707e+00,-1.326807141868993734e+00,4.536693443023767092e-01,2.686445955850434442e-01,1.742010399558369116e+00
1.481000000000000050e+01,-1.313170458217441272e+00,-1.313141299776917847e+00,-1.310361874848297248e+00,4.844394750273945949e-01,2.148876918476898545e-01,1.687716806259804025e+00
1.482000000000000028e+01,-1.296561740671844154e+00,-1.296532776596627468e+00,-1.293772597461352536e+00,5.151198016863300921e-01,1.608894316332979413e-01,1.626399500632074613e+00
1.483000000000000007e+01,-1.279797388748549647e+00,-1.279768648823430777e+00,-1.277030539039408552e+00,5.457301358806009306e-01,1.066270848373891134e-01,1.559830801382727561e+00
1.483999999999999986e+01,-1.262865104130050042e+00,-1.262836621227009459e+00,-1.260123697916374130e+00,5.762879177261920338e-01,5.208147193001398667e-02,1.489375813224514289e+00
1.484999999999999964e+01,-1.245748489932490433e+00,-1.245720300754099785e+00,-1.243036040990386892e+00,6.068081503106144137e-01,-2.759418408766090014e-03,1.416048203699382668e+00
1.485999999999999943e+01,-1.228425975024789452e+00,-1.228398120969984131e+00,-1.225746445845484978e+00,6.373033928078700727e-01,-5.789792949162782254e-02,1.340600094277850429e+00
1.487000000000000099e+01,-1.210869376373139072e+00,-1.210841904656996482e+00,-1.208227284975893934e+00,6.677838004541324368e-01,-1.133258923946363211e-01,1.263601081402671689e+00
1.488000000000000078e+01,-1.193041962531810718e+00,-1.193014927585696938e+00,-1.190442516402101747e+00,6.982572014637059565e-01,-1.690253751928421644e-01,1.185496819768383281e+00
1.489000000000000057e+01,-1.174895838491049727e+00,-1.174869303701190137e+00,-1.172345101215893859e+00,7.287291995148761359e-01,-2.249704989339733063e-01,1.106649538276655464e+00
1.490000000000000036e+01,-1.156368424136415385e+00,-1.156342463975724932e+00,-1.153873519674588843e+00,7.592032929292127363e-01,-2.811296476603512007e-01,1.027365071469105606e+00
1.491000000000000014e+01,-1.137377760453696096e+00,-1.137352463018458604e+00,-1.134947116810559375e+00,7.896810023706044568e-01,-3.374675232595612528e-01,9.479103281052280172e-01
1.491999999999999993e+01,-1.117816386901069992e+00,-1.117791856775383508e+00,-1.115460011912216887e+00,8.201620005106585731e-01,-3.939467294561516120e-01,8.685240116993169224e-01
1.492999999999999972e+01,-1.097543674859347007e+00,-1.097520036016810030e+00,-1.095273436383559673e+00,8.506442383362168291e-01,-4.505287815530840123e-01,7.894225112103931963e-01
1.493999999999999950e+01,-1.076376943793441621e+00,-1.076354341802165271e+00,-1.074206787223522142e+00,8.811240639176186606e-01,-5.071745754652278171e-01,7.108022830756591803e-01
1.495000000000000107e+01,-1.054082703587590597e+00,-1.054061305742439503e+00,-1.052028672625899608e+00,9.115963309870123155e-01,-5.638444134000473174e-01,6.328396915958367508e-01
1.496000000000000085e+01,-1.030371247470835083e+00,-1.030351238551208581e+00,-1.028451087597065605e+00,9.420544946983647749e-01,-6.204976987664738708e-01,5.556890903235002233e-01
1.497000000000000064e+01,-1.004900441309741543e+00,-1.004882012054794105e+00,-1.003132509954158369e+00,9.724906935867512203e-01,-6.770924017846340348e-01,4.794798454253218489e-01
1.498000000000000043e+01,-9.772964026390960068e-01,-9.772797292956743043e-01,-9.756977137655515886e-01,1.002895816649859828e+00,-7.335843791890797050e-01,4.043129721120124476e-01
1.499000000000000021e+01,-9.471961748071729970e-01,-9.471813922484049186e-01,-9.457798105548675949e-01,1.033259555105156435e+00,-7.899266071337610606e-01,3.302580342431591376e-01
1.500000000000000000e+01,-9.143069789172865169e-01,-9.142941562477430173e-01,-9.130797146344613591e-01,1.063570438644209748e+00,-8.460683702360751735e-01,2.573509060668299764e-01
1.500999999999999979e+01,-8.784619120616914412e-01,-8.784510422891058656e-01,-8.774231846665783152e-01,1.093815856148536714e+00,-9.019544306545379531e-01,1.855929092994341723e-01
1.501999999999999957e+01,-8.396469099748116172e-01,-8.396379193978225075e-01,-8.387896883739666132e-01,1.123982060900738045e+00,-9.575241880298773767e-01,1.149516851112898363e-01
1.503000000000000114e+01,-7.979879194279245747e-01,-7.979806911826567983e-01,-7.973009646654315441e-01,1.154054160390456829e+00,-1.012710829488327580e+00,4.536397335320530022e-02
1.504000000000000092e+01,-7.537093349769493633e-01,-7.537037354092909203e-01,-7.531797499038386245e-01,1.184016090668241095e+00,-1.067440457928540365e+00,-2.325974666431240845e-02
1.505000000000000071e+01,-7.070851879402786366e-01,-7.070810870853756480e-01,-7.067004085772804478e-01,1.213850575318935476e+00,-1.121631180701117891e+00,-9.102901110452688016e-02
1.506000000000000050e+01,-6.583992239281660774e-01,-6.583965075378549470e-01,-6.581481923303903470e-01,1.243539068693055416e+00,-1.175192133962019936e+00,-1.580659521825154012e-01
1.507000000000000028e+01,-6.079193032653755768e-01,-6.079178778469076505e-01,-6.077929613897704586e-01,1.273061683164256275e+00,-1.228022421756621130e+00,-2.244972446147289746e-01
1.508000000000000007e+01,-5.558843562903946767e-01,-5.558841497737732062e-01,-5.558757138432413036e-01,1.302397099807573788e+00,-1.280009948259103192e+00,-2.904459867705050380e-01
1.508999999999999986e+01,-5.024998139141522158e-01,-5.025007740945588441e-01,-5.026038001578371217e-01,1.331522461711928784e+00,-1.331030144335243470e+00,-3.560240349316193820e-01
1.509999999999999964e+01,-4.479378559217630507e-01,-4.479399480441315640e-01,-4.481510865563209656e-01,1.360413248855368185e+00,-1.380944613913877905e+00,-4.213251897678820801e-01
1.510999999999999943e+01,-3.923400048346247226e-01,-3.923432089989535854e-01,-3.926605318546505519e-01,1.389043133181438350e+00,-1.429599776775357434e+00,-4.864194682821956772e-01
1.512000000000000099e+01,-3.358206412831793997e-01,-3.358249499838674157e-01,-3.362477149404003440e-01,1.417383812103446328e+00,-1.476825659430484716e+00,-5.513485105514065454e-01
1.513000000000000078e+01,-2.784707180419798700e-01,-2.784761339147927561e-01,-2.790045696376177720e-01,1.445404818255587864e+00,-1.522435091383550043e+00,-6.161219868598257765e-01
1.514000000000000057e+01,-2.203613557663273159e-01,-2.203678895464366572e-01,-2.210030008041021787e-01,1.473073302835143705e+00,-1.566223700674782560e+00,-6.807147070982486614e-01
1.515000000000000036e+01,-1.615472146544449927e-01,-1.615548833103286896e-01,-1.622982725777972202e-01,1.500353789192182763e+00,-1.607971251953770997e+00,-7.450639933762770450e-01
1.516000000000000014e+01,-1.020696334550797446e-01,-1.020784584466657985e-01,-1.029321597533793264e-01,1.527207892821885515e+00,-1.647444990011018850e+00,-8.090667505160406003e-01
1.516999999999999993e+01,-4.195956261119143660e-02,-4.196956823955794169e-02,-4.293588990009733486e-02,1.553594002897547011e+00,-1.684405660403364369e+00,-8.725755434552090462e-01
1.517999999999999972e+01,1.875967707707149046e-02,1.874846524724949060e-02,1.766709121599785437e-02,1.579466919651454360e+00,-1.718616662570614295e+00,-9.353928344811501816e-01
1.518999999999999950e+01,8.006978840134310049e-02,8.005734504971051546e-02,7.885850789415466133e-02,1.604777440879339157e+00,-1.749856247815078314e+00,-9.972623209092698060e-01
1.520000000000000107e+01,1.419550355332867553e-01,1.419413370841815514e-01,1.406227868951522852e-01,1.629471889609684698e+00,-1.777931805570018620e+00,-1.057856019632710698e+00
1.521000000000000085e+01,2.043999288770636524e-01,2.043849548934967286e-01,2.029447365723037189e-01,1.653491573528166780e+00,-1.802694296259067741e+00,-1.116755388224781376e+00
1.522000000000000064e+01,2.673870681305424712e-01,2.673708026045624742e-01,2.658073840699051726e-01,1.676772165532240511e+00,-1.824050217188957435e+00,-1.173424530838286461e+00
1.523000000000000043e+01,3.308951551090406618e-01,3.308775876815540640e-01,3.291899825605825169e-01,1.699242993330245088e+00,-1.841968590078363111e+00,-1.227174042660065911e+00
1.524000000000000021e+01,3.948971822215376348e-01,3.948783098529479729e-01,3.930661961090727852e-01,1.720826224860262155e+00,-1.856481491823430252e+00,-1.277117194028951186e+00
1.525000000000000000e+01,4.593587920246152700e-01,4.593386195693806573e-01,4.574024568582128469e-01,1.741435935940428781e+00,-1.867678257454199908e+00,-1.322130685108642734e+00
1.525999999999999979e+01,5.242367793950797328e-01,5.242153213977677195e-01,5.221564720834149798e-01,1.760977047254669303e+00,-1.875694967106978694e+00,-1.360858877032681935e+00
1.526999999999999957e+01,5.894776877382951197e-01,5.894549696163554620e-01,5.872758307581951165e-01,1.779344121021360525e+00,-1.880701597820025439e+00,-1.391846742256705571e+00
1.528000000000000114e+01,6.550164162676598290e-01,6.549924760119818501e-01,6.526966327101831888e-01,1.796420014965931511e+00,-1.882889134991833746e+00,-1.413904854086696083e+00
1.529000000000000092e+01,7.207747214614522724e-01,7.207496115330953579e-01,7.183420256022086114e-01,1.812074405325305282e+00,-1.882458275281838844e+00,-1.426651025661612504e+00
1.530000000000000071e+01,7.866594535919380071e-01,7.866332436361361813e-01,7.841204958381905454e-01,1.826162216160026830e+00,-1.879610529225643534e+00,-1.430829227180144825e+00
1.531000000000000050e+01,8.525603229380116499e-01,8.525331031048495323e-01,8.499237123635361435e-01,1.838522034555308604e+00,-1.874541854051131828e+00,-1.428027399567442846e+00
1.532000000000000028e+01,9.183469362860243734e-01,9.183188217873435866e-01,9.156236705512875718e-01,1.848974660413406301e+00,-1.867438531133462920e+00,-1.420040763117017546e+00
1.533000000000000007e+01,9.838647872303931674e-01,9.838359243446244129e-01,9.810688252680404009e-01,1.857322043464106454e+00,-1.858474825136897213e+00,-1.408407753002015816e+00
1.533999999999999986e+01,1.048929831036609972e+00,1.048900405096692356e+00,1.046078848412318241e+00,1.863347011108419826e+00,-1.847811944419489372e+00,-1.394272169225332370e+00
1.534999999999999964e+01,1.113321252306185727e+00,1.113291497871670810e+00,1.110437616698591867e+00,1.866814387267538899e+00,-1.835597886381325594e+00,-1.378429637891479986e+00
1.535999999999999943e+01,1.176772101039738505e+00,1.176742314696634040e+00,1.173884086843217656e+00,1.867474325947484859e+00,-1.821967843158591061e+00,-1.361420176792192738e+00
1.537000000000000099e+01,1.238957756886117867e+00,1.238928311895951984e+00,1.236100961654906794e+00,1.865068862142935213e+00,-1.807044932219439737e+00,-1.343609277458745810e+00
1.538000000000000078e+01,1.299482914822087221e+00,1.299454276114498708e+00,1.296701714302553654e+00,1.859342673967897541e+00,-1.790941090488053389e+00,-1.325246143566970680e+00
1.539000000000000057e+01,1.357869327060882148e+00,1.357842062060860222e+00,1.355217963517156843e+00,1.850058624373525085e+00,-1.773758026760164030e+00,-1.306502659019392887e+00
1.540000000000000036e+01,1.413549227264146335e+00,1.413524004106884169e+00,1.411091750053646177e+00,1.837017579003900281e+00,-1.755588167437580172e+00,-1.287498883654656145e+00
1.541000000000000014e+01,1.465872973338262719e+00,1.465850534279917294e+00,1.463680848886661945e+00,1.820080258737523771e+00,-1.736515557917503561e+00,-1.268319719679400714e+00
1.541999999999999993e+01,1.514141969007647415e+00,1.514123066548174412e+00,1.512288143646242533e+00,1.799186975162877289e+00,-1.716616700120516370e+00,-1.249025904466870118e+00
1.542999999999999972e+01,1.557674609461268345e+00,1.557659904181459165e+00,1.556223812624498493e+00,1.774370096466622915e+00,-1.695961317957620951e+00,-1.229661357362729301e+00
1.543999999999999950e+01,1.595898934325836738e+00,1.595888877661346017e+00,1.594896311079076145e+00,1.745755119877513195e+00,-1.674613049575102597e+00,-1.210258159595942518e+00
1.545000000000000107e+01,1.628444493724417796e+00,1.628439241487041667e+00,1.627906923847931786e+00,1.713549391487694917e+00,-1.652630069107366317e+00,-1.190839976495739361e+00
1.546000000000000085e+01,1.655195309787966140e+00,1.655194706717758146e+00,1.655109453903238048e+00,1.678021380792954931e+00,-1.630065642839088724e+00,-1.171424436740446495e+00
1.547000000000000064e+01,1.676281846166410183e+00,1.676285484349530730e+00,1.676609446892985078e+00,1.639475910199218234e+00,-1.606968625509271220e+00,-1.152024801847618019e+00
1.548000000000000043e+01,1.692022449008397045e+00,1.692029765679157194e+00,1.692709695239348111e+00,1.598230771790579041e+00,-1.583383902742591554e+00,-1.132651143489211920e+00
1.549000000000000021e+01,1.702845545218450773e+00,1.702855918343817887e+00,1.703832421448686629e+00,1.554598296381401124e+00,-1.559352785342454251e+00,-1.113311175257938990e+00
1.550000000000000000e+01,1.709220684750400121e+00,1.709233502434557073e+00,1.710447858895818296e+00,1.508873080399448119e+00,-1.534913360761233747e+00,-1.094010837204404840e+00
1.550999999999999979e+01,1.711611001636156093e+00,1.711625701588587178e+00,1.713023796221013306e+00,1.461325319199038297e+00,-1.510100806567766352e+00,-1.074754702053491107e+00
1.551999999999999957e+01,1.710446771464388949e+00,1.710462857406655157e+00,1.711996853715142208e+00,1.412198368353069444e+00,-1.484947670129746822e+00,-1.055546251936655411e+00
1.553000000000000114e+01,1.706114277440788030e+00,1.706131321359387609e+00,1.707759930459096909e+00,1.361709049014335537e+00,-1.459484118237083017e+00,-1.036388060558069313e+00
1.554000000000000092e+01,1.698953884796003511e+00,1.698971521871882384e+00,1.700659545558447006e+00,1.310049477193130585e+00,-1.433738159900540765e+00,-1.017281907177440159e+00
1.555000000000000071e+01,1.689262834985914008e+00,1.689280755736406014e+00,1.690998334172355566e+00,1.257389561345422901e+00,-1.407735845098390115e+00,-9.982288420084159952e-01
1.556000000000000050e+01,1.677299997308675295e+00,1.677317939040682937e+00,1.679039738786506142e+00,1.203879638097547833e+00,-1.381501441793849150e+00,-9.792292181943682561e-01
1.557000000000000028e+01,1.663291074694425387e+00,1.663308813675341113e+00,1.665013268351760889e+00,1.149652957981523560e+00,-1.355057593346808531e+00,-9.602827023891677971e-01
1.558000000000000007e+01,1.647433537711708418e+00,1.647450882299459796e+00,1.649119529570813203e+00,1.094827893022234155e+00,-1.328425457890477501e+00,-9.413882731218103928e-01
1.558999999999999986e+01,1.629900992533233506e+00,1.629917777397791756e+00,1.631534701082563821e+00,1.039509835557728801e+00,-1.301624831251318115e+00,-9.225442142108759569e-01
1.559999999999999964e+01,1.610846910092759154e+00,1.610862991482047146e+00,1.612414361997330792e+00,9.837928115191135747e-01,-1.274674254687193642e+00,-9.037481089296546255e-01
1.561000000000000121e+01,1.590407746709532333e+00,1.590422998582721625e+00,1.591896699054796915e+00,9.277608580161232910e-01,-1.247591108160419848e+00,-8.849968390530725815e-01
1.562000000000000099e+01,1.568705527390568788e+00,1.568719838300576708e+00,1.570105162578225633e+00,8.714892246508456619e-01,-1.220391690374799776e+00,-8.662865917481568090e-01
1.563000000000000078e+01,1.545849973283461853e+00,1.545863243873664361e+00,1.547150653688672550e+00,8.150454576619089453e-01,-1.193091286176712895e+00,-8.476128763486823203e-01
1.564000000000000057e+01,1.521940251034813230e+00,1.521952392020610834e+00,1.523133322262522071e+00,7.584904201722669770e-01,-1.165704221623056647e+00,-8.289705521776267183e-01
1.565000000000000036e+01,1.497066412548371694e+00,1.497077343134614047e+00,1.498144045978903272e+00,7.018792924597166971e-01,-1.138243907581542480e+00,-8.103538674738492986e-01
1.566000000000000014e+01,1.471310583211739464e+00,1.471320229768779964e+00,1.472265650202032372e+00,6.452625856578639851e-01,-1.110722872769603686e+00,-7.917565097367288418e-01
1.566999999999999993e+01,1.444747946469786326e+00,1.444756241528230234e+00,1.445573918018344006e+00,5.886871880520143652e-01,-1.083152785185576450e+00,-7.731716663128826994e-01
1.567999999999999972e+01,1.417447563851387926e+00,1.417454445311487454e+00,1.418138430816886064e+00,5.321974590111828718e-01,-1.055544463841389558e+00,-7.545920949624018714e-01
1.568999999999999950e+01,1.389473062328626884e+00,1.389478472781434881e+00,1.390023271976695618e+00,4.758363559625497508e-01,-1.027907880638917915e+00,-7.360102023744451438e-01
1.570000000000000107e+01,1.360883214300717015e+00,1.360887100517838233e+00,1.361287620254995945e+00,4.196465833157835834e-01,-1.000252152796881511e+00,-7.174181303867279702e-01
1.571000000000000085e+01,1.331732430880372853e+00,1.331734743452660297e+00,1.331986253579617419e+00,3.636717197401664881e-01,-9.725855270270921116e-01,-6.988078482392355850e-01
1.572000000000000064e+01,1.302071185092841921e+00,1.302071878054633647e+00,1.302169980720755404e+00,3.079572596709828636e-01,-9.449153556233118589e-01,-6.801712496072936931e-01
1.573000000000000043e+01,1.271946377965201380e+00,1.271945408563190494e+00,1.271886014291588651e+00,2.525514700902582454e-01,-9.172480662889231917e-01,-6.615002545264536682e-01
1.574000000000000021e+01,1.241401658264409846e+00,1.241398986822429773e+00,1.241178295755325900e+00,1.975059121030102449e-01,-8.895891268001510088e-01,-6.427869139969007994e-01
1.575000000000000000e+01,1.210477704426546897e+00,1.210473294137110578e+00,1.210087781733779622e+00,1.428754142852214359e-01,-8.619430066715639827e-01,-6.240235173760366738e-01
1.575999999999999979e+01,1.179212475249474590e+00,1.179206292079298057e+00,1.178652698017029099e+00,8.871721133080576194e-02,-8.343131381593290596e-01,-6.052027037721926517e-01
1.576999999999999957e+01,1.147641434847253894e+00,1.147633447414885044e+00,1.146908767248950856e+00,3.508890847684556502e-02,-8.067018798160150439e-01,-5.863175748892794914e-01
1.578000000000000114e+01,1.115797755935522773e+00,1.115787935547251974e+00,1.114889414242748567e+00,-1.795504089670996173e-02,-7.791104864782563144e-01,-5.673618115536780415e-01
1.579000000000000092e+01,1.083712505032314422e+00,1.083700825521819233e+00,1.082625952860085450e+00,-7.036844544338112517e-02,-7.515390901560979886e-01,-5.483297937202646910e-01
1.580000000000000071e+01,1.051414811800206017e+00,1.051401249584006381e+00,1.050147756628136086e+00,-1.221196681595334982e-01,-7.239866973760652469e-01,-5.292167244678386284e-01
1.581000000000000050e+01,1.018932024825040639e+00,1.018916558750178281e+00,1.017482415527699136e+00,-1.731978985229453427e-01,-6.964512089921365279e-01,-5.100187596369089027e-01
1.582000000000000028e+01,9.862898547861242982e-01,9.862724662692581301e-01,9.846558800924171129e-01,-2.236174277592113957e-01,-6.689294693995960772e-01,-4.907331434684860105e-01
1.583000000000000007e+01,9.535125066276716188e-01,9.534931795681275135e-01,9.516925941437645031e-01,-2.734178532551052032e-01,-6.414173520472691292e-01,-4.713583519358366392e-01
1.583999999999999986e+01,9.206228008832437748e-01,9.206015216370001530e-01,9.186156168547683354e-01,-3.226592702344505126e-01,-6.139098883956772834e-01,-4.518942448827542591e-01
1.584999999999999964e+01,8.876422847302393171e-01,8.876190422036341898e-01,8.854467343084901909e-01,-3.714135497884796799e-01,-5.864014476062515691e-01,-4.323422286398718173e-01
1.586000000000000121e+01,8.545913329993256591e-01,8.545661185210917665e-01,8.522065610230731281e-01,-4.197544508016537446e-01,-5.588859702373174532e-01,-4.127054304847869171e-01
1.587000000000000099e+01,8.214892386023245896e-01,8.214620459776905692e-01,8.189146310471863144e-01,-4.677494181867765111e-01,-5.313572621842806987e-01,-3.929888861961245983e-01
1.588000000000000078e+01,7.883542923268935798e-01,7.883251180224195576e-01,7.855894781621438616e-01,-5.154546220989876248e-01,-5.038093466030340029e-01,-3.731997425330702556e-01
1.589000000000000057e+01,7.552038515880616920e-01,7.551726945632190047e-01,7.522487053031631232e-01,-5.629132178810072329e-01,-4.762368721123774740e-01,-3.533474754960682640e-01
1.590000000000000036e+01,7.220543969564431341e-01,7.220212587431170670e-01,7.189090416560011132e-01,-6.101558694754161127e-01,-4.486355681954730668e-01,-3.334441256872298642e-01
1.591000000000000014e+01,6.889215758971091175e-01,6.888864606774716126e-01,6.855863870217020484e-01,-6.572024166127565792e-01,-4.210027361799832946e-01,-3.135045515584217179e-01
1.591999999999999993e+01,6.558202325782263031e-01,6.557831472064075129e-01,6.522958422338663853e-01,-7.040638407041688307e-01,-3.933377570802986112e-01,-2.935467006034627180e-01
1.592999999999999972e+01,6.227644224956214725e-01,6.227253765446097988e-01,6.190517244172583089e-01,-7.507440495386059620e-01,-3.656425942444087585e-01,-2.735918987696481786e-01
1.593999999999999950e+01,5.897674106726251697e-01,5.897264165028575089e-01,5.858675657716195806e-01,-7.972412834639664991e-01,-3.379222652168800134e-01,-2.536651568779288990e-01
1.595000000000000107e+01,5.568416520653084456e-01,5.567987248947739998e-01,5.527560945442145934e-01,-8.435491137541752948e-01,-3.101852547365671620e-01,-2.337954925449766130e-01
1.596000000000000085e+01,5.239987529530628629e-01,5.239539109079967005e-01,5.197291969224551167e-01,-8.896570825186143061e-01,-2.824438412572509716e-01,-2.140162647730079470e-01
1.597000000000000064e+01,4.912494121344174181e-01,4.912026763383485761e-01,4.867978586927395601e-01,-9.355510610392608895e-01,-2.547143115432006222e-01,-1.943655169561390172e-01
1.598000000000000043e+01,4.586033412715019297e-01,4.585547359203555606e-01,4.539720859936263175e-01,-9.812134020029994463e-01,-2.270170420386318222e-01,-1.748863227380562657e-01
1.599000000000000021e+01,4.260691642385033284e-01,4.260187166874589426e-01,4.212608050613420030e-01,-1.026622951710108200e+00,-1.993764324859638171e-01,-1.556271271471508788e-01
1.600000000000000000e+01,3.936542962926409817e-01,3.936020371331033219e-01,3.886717418461098084e-01,-1.071754972370730474e+00,-1.718206841548181041e-01,-1.366420728960786590e-01
1.601000000000000156e+01,3.613648052130088995e-01,3.613107683824658967e-01,3.562112837416458455e-01,-1.116581011796743184e+00,-1.443814241653992858e-01,-1.179912995341555471e-01
1.601999999999999957e+01,3.292052583187979331e-01,3.291494811945627763e-01,3.238843274846444631e-01,-1.161068743906861878e+00,-1.170931844965660551e-01,-9.974120027355670715e-02
1.603000000000000114e+01,2.971785615223400678e-01,2.971210850513091861e-01,2.916941195808847587e-01,-1.205181792365763505e+00,-8.999275403465439860e-02,-8.196461714380531838e-02
1.603999999999999915e+01,2.652857993208191378e-01,2.652266681517170821e-01,2.596420983752165679e-01,-1.248879540396140797e+00,-6.311842487619015452e-02,-6.474095330147977556e-02
1.605000000000000071e+01,2.335260876367839522e-01,2.334653502807169101e-01,2.277277500210819206e-01,-1.292116919990008661e+00,-3.650916282783843447e-02,-4.815617471551880691e-02
1.605999999999999872e+01,2.018964545812249600e-01,2.018341636494126456e-01,1.959484935038293685e-01,-1.334844168221978489e+00,-1.020373238964925044e-02,-3.230267312090617793e-02
1.607000000000000028e+01,1.703917672214027013e-01,1.703279797284782404e-01,1.642996132104852514e-01,-1.377006530670975337e+00,1.576019066000544644e-02,-1.727895615529984052e-02
1.608000000000000185e+01,1.390047243909303676e-01,1.389395020385528756e-01,1.327742589102640647e-01,-1.418543890427026888e+00,4.134688649810258632e-02,-3.189128512192995757e-03
1.608999999999999986e+01,1.077259361120106451e-01,1.076593457883880944e-01,1.013635336515809060e-01,-1.459390293905479252e+00,6.652340699609768371e-02,9.857873153346297102e-03
1.610000000000000142e+01,7.654410899545704972e-02,7.647622331195580436e-02,7.005668833557932018e-02,-1.499473348922289784e+00,9.126031126778055835e-02,2.174932827956022052e-02
1.610999999999999943e+01,4.544635223683302083e-02,4.537725013529791962e-02,3.884143672963091820e-02,-1.538713469067491513e+00,1.155322971596755843e-01,3.237009675172353163e-02
1.612000000000000099e+01,1.441861174016612068e-02,1.434837923882492650e-02,7.704397224175152381e-03,-1.577022946151970029e+00,1.393187067794497414e-01,4.160432461508878355e-02
1.612999999999999901e+01,-1.655377024420523480e-02,-1.662503930257142049e-02,-2.336834281532318425e-02,-1.614304844746572432e+00,1.626038940146140310e-01,4.933750309319384630e-02
1.614000000000000057e+01,-4.748538480200892309e-02,-4.755758795162834396e-02,-5.439055639433232336e-02,-1.650451735281561305e+00,1.853774422555975465e-01,5.545887338169841474e-02
1.614999999999999858e+01,-7.839000248915029001e-02,-7.846302792852533070e-02,-8.537512836962957152e-02,-1.685344317638933775e+00,2.076342303489503993e-01,5.986414324902100681e-02
1.616000000000000014e+01,-1.092797741387646626e-01,-1.093535001330906420e-01,-1.163332679188119334e-01,-1.718850044325387794e+00,2.293743581438805190e-01,6.245844928656663075e-02
1.617000000000000171e+01,-1.401644317479830981e-01,-1.402387261914507244e-01,-1.472737272700336275e-01,-1.750821934404014790e+00,2.506029265645604021e-01,6.315946166182195842e-02
1.617999999999999972e+01,-1.710505369590570313e-01,-1.711252572061044974e-01,-1.782020730863480562e-01,-1.781097881691470874e+00,2.713297019081005179e-01,6.190049116432772003e-02
1.619000000000000128e+01,-2.019408207878741202e-01,-2.020158137528109688e-01,-2.091200521109586319e-01,-1.809500898809966118e+00,2.915686771310999625e-01,5.863342619727618388e-02
1.619999999999999929e+01,-2.328336486514641646e-01,-2.329087511795228105e-01,-2.400250825088767748e-01,-1.835840877527557424e+00,3.113375543409397372e-01,5.333130682959363877e-02
1.621000000000000085e+01,-2.637226311164603265e-01,-2.637976706096806234e-01,-2.709098884503966520e-01,-1.859918532120510726e+00,3.306571732638869388e-01,4.599034248457223306e-02
1.621999999999999886e+01,-2.945963850937286521e-01,-2.946711803805345253e-01,-3.017622800178151321e-01,-1.881532130625838573e+00,3.495509105557192964e-01,3.663120259609242702e-02
1.623000000000000043e+01,-3.254384349890201422e-01,-3.255127972805702541e-01,-3.325650659173916557e-01,-1.900487291882859697e+00,3.680440732983251695e-01,2.529945992199156279e-02
1.624000000000000199e+01,-3.562272305701008612e-01,-3.563009644328093417e-01,-3.632960745739644004e-01,-1.916609454415027836e+00,3.861633081914411236e-01,1.206513851539237070e-02
1.625000000000000000e+01,-3.869362489799311744e-01,-3.870091533809031370e-01,-3.939282506595991329e-01,-1.929757674152839941e+00,4.039360440975914290e-01,-2.978594440260051712e-03
1.626000000000000156e+01,-4.175341438966480023e-01,-4.176060129983418800e-01,-4.244297905658823700e-01,-1.939837487897920543e+00,4.213899821316054450e-01,-1.971746656899431294e-02
1.626999999999999957e+01,-4.479849031697980544e-01,-4.480555269058222878e-01,-4.547642789926096274e-01,-1.946810178312049278e+00,4.385526430886287352e-01,-3.801866668345288414e-02
1.628000000000000114e+01,-4.782479779322507674e-01,-4.783171423819209123e-01,-4.848907908655122334e-01,-1.950696291064563992e+00,4.554509784474062850e-01,-5.773368879184626046e-02
1.628999999999999915e+01,-5.082783495767303483e-01,-5.083458369636999485e-01,-5.147639259659065880e-01,-1.951572640280184734e+00,4.721110472822662718e-01,-7.870118354702748675e-02
1.630000000000000071e+01,-5.380265038223301932e-01,-5.380920920980982736e-01,-5.443337462789314962e-01,-1.949563723282675021e+00,4.885577580681185195e-01,-1.007495570149455899e-01
1.630999999999999872e+01,-5.674382838683573738e-01,-5.675017458830685646e-01,-5.735455882885980294e-01,-1.944829697842509919e+00,5.048146728801883310e-01,-1.236990878136582372e-01
1.632000000000000028e+01,-5.964545951567850057e-01,-5.965156974018772651e-01,-6.023397222379909266e-01,-1.937553417671171729e+00,5.209038683582305485e-01,-1.473633750267371312e-01
1.633000000000000185e+01,-6.250109321647191463e-01,-6.250694330622994510e-01,-6.306508276336149077e-01,-1.927928561064969237e+00,5.368458480985702774e-01,-1.715499683355431459e-01
1.633999999999999986e+01,-6.530366933725959555e-01,-6.530923405028703499e-01,-6.584072489684495988e-01,-1.916150040300492297e+00,5.526594984514621167e-01,-1.960600537456242964e-01
1.635000000000000142e+01,-6.804542384935172716e-01,-6.805067657423347072e-01,-6.855299823701586082e-01,-1.902407062571376262e+00,5.683620824385715586e-01,-2.206870689623890991e-01
1.635999999999999943e+01,-7.071776316018254516e-01,-7.072267551871902480e-01,-7.119313321098539316e-01,-1.886878651769414716e+00,5.839692635569143642e-01,-2.452140860759490781e-01
1.637000000000000099e+01,-7.331109878658048640e-01,-7.331564008497435392e-01,-7.375131477173869632e-01,-1.869731164108537680e+00,5.994951538521674506e-01,-2.694097225592962941e-01
1.637999999999999901e+01,-7.581463121546944128e-01,-7.581876778660648908e-01,-7.621645207171559022e-01,-1.851117267263817645e+00,6.149523803437069169e-01,-2.930222103170521120e-01
1.639000000000000057e+01,-7.821606733821589996e-01,-7.821976175274771848e-01,-7.857587707781116260e-01,-1.831175906692880773e+00,6.303521646088943164e-01,-3.157710502752632542e-01
1.639999999999999858e+01,-8.050124930432971393e-01,-8.050445917186171974e-01,-8.081494807284793636e-01,-1.810032883952634730e+00,6.457044112722738483e-01,-3.373353971457997980e-01
1.641000000000000014e+01,-8.265366345884844756e-01,-8.265634003070936320e-01,-8.291652400514369914e-01,-1.787801774576550429e+00,6.610178015276673147e-01,-3.573379627255323099e-01
1.642000000000000171e+01,-8.465378532613658802e-01,-8.465587153092385408e-01,-8.486026180281731612e-01,-1.764585001686170607e+00,6.762998889531587343e-01,-3.753229348106035812e-01
1.642999999999999972e+01,-8.647819839497434824e-01,-8.647962626701644062e-01,-8.662166940738530441e-01,-1.740474947315132859e+00,6.915571947895859939e-01,-3.907267587214228177e-01
1.644000000000000128e+01,-8.809840203135000936e-01,-8.809908915460258338e-01,-8.817082395149872243e-01,-1.715555031579647061e+00,7.067953010962413352e-01,-4.028436759774167153e-01
1.644999999999999929e+01,-8.947919877344290285e-01,-8.947904360333319707e-01,-8.947064082568976229e-01,-1.689900720891380104e+00,7.220189400636373156e-01,-4.108001407168090924e-01
1.646000000000000085e+01,-9.057654226407418907e-01,-9.057541791909243800e-01,-9.047458038075381070e-01,-1.663580447284288777e+00,7.372320786075187149e-01,-4.135903552322977017e-01
1.646999999999999886e+01,-9.133478719277621227e-01,-9.133253391628933793e-01,-9.112377502295117004e-01,-1.636656433571842761e+00,7.524379971979647808e-01,-4.103096231419036677e-01
1.648000000000000043e+01,-9.168357553323221998e-01,-9.167999322386343186e-01,-9.134395983424706822e-01,-1.609185425859241292e+00,7.676393625908076723e-01,-4.007629793222671211e-01
1.649000000000000199e+01,-9.153553565436863826e-01,-9.153038188290593125e-01,-9.104380543449014374e-01,-1.581219339512209832e+00,7.828382939632618776e-01,-3.861820100725976701e-01
1.650000000000000000e+01,-9.078839804473508579e-01,-9.078140604020377147e-01,-9.011919151887116675e-01,-1.552805826182300564e+00,7.980364223467442120e-01,-3.689719280057084383e-01
1.651000000000000156e+01,-8.933958657184075669e-01,-8.933053024898968131e-01,-8.847261578176233154e-01,-1.523988770024147010e+00,8.132349431201867374e-01,-3.513915167156906327e-01
1.651999999999999957e+01,-8.712337294673503374e-01,-8.711219576144619836e-01,-8.605619712454627424e-01,-1.494808721336532198e+00,8.284346616617875858e-01,-3.347483120648130361e-01
1.653000000000000114e+01,-8.416348241543702979e-01,-8.415042087260709014e-01,-8.292211016500483645e-01,-1.465303275109175463e+00,8.436360319798852370e-01,-3.195441333203382084e-01
1.653999999999999915e+01,-8.059428873673267768e-01,-8.057983524678821174e-01,-7.922719172008881872e-01,-1.435507401382815296e+00,8.588391884996997572e-01,-3.058544901960819629e-01
1.655000000000000071e+01,-7.661158026465380022e-01,-7.659628234997248875e-01,-7.516996699380070757e-01,-1.405453733429151253e+00,8.740439709776012256e-01,-2.935765891263590333e-01
1.655999999999999872e+01,-7.239708001547328076e-01,-7.238137462693151614e-01,-7.092061845917720930e-01,-1.375172819457254558e+00,8.892499422953180632e-01,-2.825469768600156195e-01
1.657000000000000028e+01,-6.808079413028124138e-01,-6.806497108047012690e-01,-6.659537221625638770e-01,-1.344693342010542914e+00,9.044563994198063783e-01,-2.725902830874292748e-01
1.658000000000000185e+01,-6.374318221431529707e-01,-6.372741734032980609e-01,-6.226438144821441201e-01,-1.314042309864607017e+00,9.196623771769422140e-01,-2.635374167245123633e-01
1.658999999999999986e+01,-5.943056411598477418e-01,-5.941496079871010361e-01,-5.796751232779590035e-01,-1.283245225241587351e+00,9.348666445960588378e-01,-2.552311027774938346e-01
1.660000000000000142e+01,-5.516875791178685873e-01,-5.515337708516090398e-01,-5.372682993273800722e-01,-1.252326230400005569e+00,9.500676937740006878e-01,-2.475264230617029160e-01
1.660999999999999943e+01,-5.097200670612442863e-01,-5.095688530841108177e-01,-4.955446635546327805e-01,-1.221308236301960726e+00,9.652637210890044894e-01,-2.402895593276276331e-01
1.662000000000000099e+01,-4.684824949724063492e-01,-4.683341123179051158e-01,-4.545720379192394467e-01,-1.190213035165572641e+00,9.804525996392517984e-01,-2.333960574649336372e-01
1.662999999999999901e+01,-4.280213817762404394e-01,-4.278759974310510361e-01,-4.143908954173851078e-01,-1.159061400856513213e+00,9.956318431413745396e-01,-2.267291448210084770e-01
1.664000000000000057e+01,-3.883676607154420979e-01,-3.882254081510704835e-01,-3.750293692775839016e-01,-1.127873178604376747e+00,1.010798560531751766e+00,-2.201783057231878615e-01
1.664999999999999858e+01,-3.495467526004600867e-01,-3.494077538710966824e-01,-3.365120396450044238e-01,-1.096667367045069730e+00,1.025949400423056268e+00,-2.136381883291852413e-01
1.666000000000000014e+01,-3.115845938137498106e-01,-3.114489730901468523e-01,-2.988652248649766863e-01,-1.065462195019268421e+00,1.041080484795026351e+00,-2.070078635032932546e-01
1.667000000000000171e+01,-2.745113625158461801e-01,-2.743792551873833752e-01,-2.621202764364491955e-01,-1.034275196106959394e+00,1.056187331238870097e+00,-2.001904399340692642e-01
1.667999999999999972e+01,-2.383638636291907087e-01,-2.382354218907517529e-01,-2.263157013543733997e-01,-1.003123284024482587e+00,1.071264763012019561e+00,-1.930930332029315855e-01
1.669000000000000128e+01,-2.031870970639606533e-01,-2.030624941283803997e-01,-1.914985616078263009e-01,-9.720228322475519267e-01,1.086306806016821724e+00,-1.856270819514594939e-01
1.669999999999999929e+01,-1.690352922959641457e-01,-1.689147250450410143e-01,-1.577253882176876676e-01,-9.409897616671221154e-01,1.101306571565462189e+00,-1.777089983192372546e-01
1.671000000000000085e+01,-1.359725493046469724e-01,-1.358562398753168088e-01,-1.250627245183247860e-01,-9.100396403218897756e-01,1.116256125059047033e+00,-1.692611257765119781e-01
1.671999999999999886e+01,-1.040731418013803866e-01,-1.039613383445656680e-01,-9.358733807705155172e-02,-8.791877997388493071e-01,1.131146339264339939e+00,-1.602129599523618442e-01
1.673000000000000043e+01,-7.342148680760385293e-02,-7.331446311419786976e-02,-6.338609492924607292e-02,-8.484494720523895195e-01,1.145966732376155539e+00,-1.505025642912349859e-01
1.674000000000000199e+01,-4.411175219700103067e-02,-4.400980626548822716e-02,-3.455546230744999114e-02,-8.178399524690100897e-01,1.160705290235227949e+00,-1.400780876393002972e-01
1.675000000000000000e+01,-1.624705614225308015e-02,-1.615050774958093349e-02,-7.200590680769392016e-03,-7.873747910261806870e-01,1.175348272837072994e+00,-1.288992644040591884e-01
1.676000000000000156e+01,1.006179240663707120e-02,1.015260588456534663e-02,1.856607639177654256e-02,-7.570700161979115883e-01,1.189880006623871278e+00,-1.169387649308412103e-01
1.676999999999999957e+01,3.469805886669508066e-02,3.478278778047982911e-02,4.262670533214352186e-02,-7.269423925111969664e-01,1.204282662123365988e+00,-1.041832529336647051e-01
1.678000000000000114e+01,5.754138007655984488e-02,5.761966967852605315e-02,6.486051156184935440e-02,-6.970097109076133224e-01,1.218536019652542546e+00,-9.063402071939985483e-02
1.678999999999999915e+01,7.847059261807187713e-02,7.854209021862135209e-02,8.514672043114923650e-02,-6.672911094986516689e-01,1.232617224613480555e+00,-7.630709700062288103e-02
1.680000000000000071e+01,9.736704208235558156e-02,9.743140827779561697e-02,1.033679921922232570e-01,-6.378074162252792556e-01,1.246500534429370255e+00,-6.123276642167685413e-02
1.680999999999999872e+01,1.141182862562688527e-01,1.141752041474340951e-01,1.194142037717160765e-01,-6.085815050797830361e-01,1.260157062027925434e+00,-4.545449279802393772e-02
1.682000000000000028e+01,1.286220349501805416e-01,1.286712213749721112e-01,1.331864219193695797e-01,-5.796386492891079101e-01,1.273554517453372004e+00,-2.902729562135364372e-02
1.683000000000000185e+01,1.407901302896825690e-01,1.408313464020366501e-01,1.446008567976063697e-01,-5.510068536860110999e-01,1.286656953527856029e+00,-1.201568208479120159e-02
1.683999999999999986e+01,1.505523272756116304e-01,1.505853883190249043e-01,1.535925494740055797e-01,-5.227171441602032065e-01,1.299424519127310607e+00,5.508723250687852513e-03
1.685000000000000142e+01,1.578596171391115632e-01,1.578844006264491506e-01,1.601185354451457599e-01,-4.948037900555538604e-01,1.311813223513512483e+00,2.346968743915944788e-02
1.685999999999999943e+01,1.626868449283047635e-01,1.627032966310836271e-01,1.641602420540234641e-01,-4.673044349545817933e-01,1.323774718925131655e+00,4.178885214412320082e-02
1.687000000000000099e+01,1.650344122085298793e-01,1.650425492238341008e-01,1.657249266162894585e-01,-4.402601126528067343e-01,1.335256101426850250e+00,6.038804332737279790e-02
1.687999999999999901e+01,1.649289204563062494e-01,1.649288315231181024e-01,1.648460302870631278e-01,-4.137151291082636351e-01,1.346199735392741959e+00,7.919129282632286770e-02
1.689000000000000057e+01,1.624226985354616515e-01,1.624145413436151042e-01,1.615824170213181477e-01,-3.877167963939651685e-01,1.356543100873966567e+00,9.812649642829307517e-02
1.689999999999999858e+01,1.575922524301039962e-01,1.575762477148519025e-01,1.560165593628096703e-01,-3.623150127423314104e-01,1.366218663528319777e+00,1.171266741627263741e-01
1.691000000000000014e+01,1.505357636449636827e-01,1.505121874191595044e-01,1.482518198372427820e-01,-3.375616905385520616e-01,1.375153764061507244e+00,1.361308350322335547e-01
1.692000000000000171e+01,1.413698383664812042e-01,1.413390121614289674e-01,1.384090450183552701e-01,-3.135100434215063459e-01,1.383270518941219773e+00,1.550844769304322579e-01
1.692999999999999972e+01,1.302257554753000202e-01,1.301880356953662998e-01,1.266227287945752567e-01,-2.902137516936034167e-01,1.390485723052803824e+00,1.739397714160767494e-01
1.694000000000000128e+01,1.172454811313666800e-01,1.172012481747821688e-01,1.130370131075568718e-01,-2.677260319074428185e-01,1.396710737399656566e+00,1.926554927437992282e-01
1.694999999999999929e+01,1.025777087944562682e-01,1.025273565286851651e-01,9.780177890377006467e-02,-2.460986417587648079e-01,1.401851343749982881e+00,2.111967523614686204e-01
1.696000000000000085e+01,8.637415212550914045e-02,8.631807862660967334e-02,8.106904428962846687e-02,-2.253808539161450408e-01,1.405807537990662937e+00,2.295345963042021431e-01
1.696999999999999886e+01,6.878627284179072987e-02,6.872487238490687655e-02,6.298983787419387692e-02,-2.056184333993393287e-01,1.408473231736027564e+00,2.476455157900624426e-01
1.698000000000000043e+01,4.996257241569312946e-02,4.989622939973759053e-02,4.371166270590376435e-02,-1.868526506499210149e-01,1.409735820401333939e+00,2.655109119499331483e-01
1.699000000000000199e+01,3.004652431022747372e-02,2.997560897129203372e-02,2.337661344833208421e-02,-1.691193600503011485e-01,1.409475572556370571e+00,2.831165468334032598e-01
1.700000000000000000e+01,9.175175385583267396e-03,9.100041731841868042e-03,2.120164015381176270e-03,-1.524481683725027459e-01,1.407564781993249969e+00,3.004520039375894180e-01
1.701000000000000156e+01,-1.252159363920118951e-02,-1.260060830572873325e-02,-1.992939399544213508e-02,-1.368617124815508790e-01,1.403866616147104951e+00,3.175101742929490323e-01
1.701999999999999957e+01,-3.492119018708567113e-02,-3.500376383714570716e-02,-4.265091092273126661e-02,-1.223750600197778815e-01,1.398233584726120027e+00,3.342867780667246880e-01
1.703000000000000114e+01,-5.790787753610210364e-02,-5.799370048198954075e-02,-6.592980521127911331e-02,-1.089952410147205786e-01,1.390505538899101445e+00,3.507799270018691074e-01
1.703999999999999915e+01,-8.137186660474243771e-02,-8.146063733952346730e-02,-8.965703857084184047e-02,-9.672091378679348317e-02,1.380507108444925191e+00,3.669897296233498585e-01
1.705000000000000071e+01,-1.052080203396125735e-01,-1.052994403872409002e-01,-1.137277313080105601e-01,-8.554216275526960178e-02,1.368044485739310812e+00,3.829179387031117487e-01
1.705999999999999872e+01,-1.293142654368788502e-01,-1.294080334818234479e-01,-1.380395150830108775e-01,-7.544042418679297590e-02,1.352901496166954765e+00,3.985676389254332319e-01
1.707000000000000028e+01,-1.535898106441788702e-01,-1.536856164832608451e-01,-1.624907240028352073e-01,-6.638853074696393630e-02,1.334834981316204150e+00,4.139429717460926250e-01
1.708000000000000185e+01,-1.779332744928739107e-01,-1.780307928268880235e-01,-1.869785289270750051e-01,-5.835086527256139188e-02,1.313569728122665037e+00,4.290488939866076157e-01
1.708999999999999986e+01,-2.022408279010303733e-01,-2.023397127762528169e-01,-2.113971216950091825e-01,-5.128361219797950010e-02,1.288793621858119298e+00,4.438909664090900931e-01
1.710000000000000142e+01,-2.264044604985054887e-01,-2.265043398475190539e-01,-2.356360588095385289e-01,-4.513509468654230972e-02,1.260154590355327509e+00,4.584751688260689795e-01
1.710999999999999943e+01,-2.503104772215165585e-01,-2.504109497682606711e-01,-2.595788722274723903e-01,-3.984618551840202194e-02,1.227262547770573864e+00,4.728077381815609659e-01
1.712000000000000099e+01,-2.738383354948911719e-01,-2.739389679999187366e-01,-2.831020540972615240e-01,-3.535078028567040231e-02,1.189702219506152403e+00,4.868950266755865952e-01
1.712999999999999901e+01,-2.968599208890316254e-01,-2.969602479474118262e-01,-3.060745115586409049e-01,-3.157632258159270844e-02,1.147066103548686433e+00,5.007433768174158750e-01
1.714000000000000057e+01,-3.192393520998449974e-01,-3.193388776718983912e-01,-3.283575750125447001e-01,-2.844437186996118250e-02,1.099018400277844032e+00,5.143590112759306443e-01
1.715000000000000213e+01,-3.408333833729033646e-01,-3.409315851372178852e-01,-3.498056188254212717e-01,-2.587120654012475818e-02,1.045393787480537240e+00,5.277479350977143380e-01
1.716000000000000014e+01,-3.614924464980452945e-01,-3.615887820437447275e-01,-3.702673239579382103e-01,-2.376845597511201280e-02,9.863108708370801336e-01,5.409158485155228790e-01
1.717000000000000171e+01,-3.810623359645082253e-01,-3.811562514350338438e-01,-3.895875706178509312e-01,-2.204375730858132432e-02,9.222449500012392942e-01,5.538680687788506418e-01
1.717999999999999972e+01,-3.993864972252314516e-01,-3.994774381166106281e-01,-4.076099038072970027e-01,-2.060143435819894453e-02,8.539973242159746292e-01,5.666094595851378646e-01
1.719000000000000128e+01,-4.163088301897022170e-01,-4.163962532893396573e-01,-4.241794663525622622e-01,-1.934319684078045221e-02,7.825553466283832194e-01,5.791443670926349485e-01
1.719999999999999929e+01,-4.316768703840114241e-01,-4.317602567594017726e-01,-4.391462464547155053e-01,-1.816886045682186701e-02,7.089154393413807931e-01,5.914765615272261634e-01
1.721000000000000085e+01,-4.453451688632648064e-01,-4.454240367874937601e-01,-4.523684492368534871e-01,-1.697708826423338646e-02,6.339533836460692351e-01,6.036091836570366409e-01
1.721999999999999886e+01,-4.571786610642638027e-01,-4.572525781465305861e-01,-4.637157774689557033e-01,-1.566615475752108910e-02,5.583717254914009054e-01,6.155446955477172910e-01
1.723000000000000043e+01,-4.670558022585170055e-01,-4.671243958413266451e-01,-4.730724010365014442e-01,-1.413473439777390706e-02,4.827041875724958353e-01,6.272848351354669560e-01
1.724000000000000199e+01,-4.748712547646400384e-01,-4.749342202475927976e-01,-4.803394105779547063e-01,-1.228271505275835285e-02,4.073453275845345112e-01,6.388305742709015078e-01
1.725000000000000000e+01,-4.805379429804451097e-01,-4.805950484029187786e-01,-4.854365888994217060e-01,-1.001203636092462546e-02,3.325841228082709877e-01,6.501820799912074733e-01
1.726000000000000156e+01,-4.839883386423564082e-01,-4.840394267826297336e-01,-4.883033841429016975e-01,-7.227551221368755385e-03,2.586323414265271348e-01,6.613386788647054315e-01
1.726999999999999957e+01,-4.851749016268113723e-01,-4.852198883628389137e-01,-4.888990353007926504e-01,-3.837905919583994852e-03,1.856456779618840258e-01,6.722988243266276864e-01
1.728000000000000114e+01,-4.840696677939769765e-01,-4.841085368646468323e-01,-4.872018638228259868e-01,2.435683019043066722e-04,1.137385067478506873e-01,6.830600669998805330e-01
1.728999999999999915e+01,-4.806630364955758461e-01,-4.806958320614936886e-01,-4.832078048698205119e-01,5.097962978459991135e-03,4.299382033652798807e-02,6.936190280488625515e-01
1.730000000000000071e+01,-4.749618647194050469e-01,-4.749886811796293351e-01,-4.769282974325808055e-01,1.079991401023738806e-02,-2.653018917239052810e-02,7.039713756808604339e-01
1.730999999999999872e+01,-4.669870087717312712e-01,-4.670079791872003838e-01,-4.683876816200054360e-01,1.741675549193821837e-02,-9.479576700393804733e-02,7.141118049530388312e-01
1.732000000000000028e+01,-4.567704722820480345e-01,-4.567857556431689225e-01,-4.576202609785524622e-01,2.500772784235505419e-02,-1.617826217251307486e-01,7.240340211071405463e-01
1.733000000000000185e+01,-4.443523182636667235e-01,-4.443620864987084529e-01,-4.446671814519990162e-01,3.362326521269332069e-02,-2.274857567360147326e-01,7.337307267080237505e-01
1.733999999999999986e+01,-4.297774871490065429e-01,-4.297819116225485292e-01,-4.295732587923934975e-01,4.330438911940093227e-02,-2.919137056502115746e-01,7.431936129000298319e-01
1.735000000000000142e+01,-4.130926335504017111e-01,-4.130918731626795903e-01,-4.123838522528571193e-01,5.408223569729253555e-02,-3.550869036979544258e-01,7.524133551671147169e-01
1.735999999999999943e+01,-3.943430641147362969e-01,-3.943372529458770703e-01,-3.931418549249580119e-01,6.597774247695697980e-02,-4.170360268827965622e-01,7.613796140888215991e-01
1.737000000000000099e+01,-3.735698213096425579e-01,-3.735590558031056663e-01,-3.718848290798947298e-01,7.900151721435000329e-02,-4.778002059189617734e-01,7.700810414912073742e-01
1.737999999999999901e+01,-3.508069200312845526e-01,-3.507912504379864238e-01,-3.486422843798306914e-01,9.315390544077994939e-02,-5.374250793810071425e-01,7.785052926699795872e-01
1.739000000000000057e+01,-3.260787254297552451e-01,-3.260581430213471688e-01,-3.234330734287433895e-01,1.084252663136523465e-01,-5.959606933291420328e-01,7.866390454954381717e-01
1.740000000000000213e+01,-2.993974288850795862e-01,-2.993718552502800945e-01,-2.962628583665565252e-01,1.247964564547962008e-01,-6.534592840300311734e-01,7.944680267842401111e-01
1.741000000000000014e+01,-2.707605769004317597e-01,-2.707298537488815882e-01,-2.671216048926776665e-01,1.422395123615605161e-01,-7.099729984090901169e-01,8.019770471075069462e-01
1.742000000000000171e+01,-2.401486307101359241e-01,-2.401125073110798036e-01,-2.359810927608108067e-01,1.607185114001130621e-01,-7.655516123693870689e-01,8.091500449346548107e-01
1.742999999999999972e+01,-2.075225968882348782e-01,-2.074807178814392916e-01,-2.027925307018651480e-01,1.801905825750526047e-01,-8.202403051264387512e-01,8.159701409872668343e-01
1.744000000000000128e+01,-1.728219482993830214e-01,-1.727738430206322562e-01,-1.674846053956444702e-01,2.006070308336680430e-01,-8.740775350276578370e-01,8.224197042035988892e-01
1.744999999999999929e+01,-1.359634656721191437e-01,-1.359085409872873296e-01,-1.299628511294369515e-01,2.219145337973296161e-01,-9.270930449788415961e-01,8.284804304380677387e-01
1.746000000000000085e+01,-9.684254130250097292e-02,-9.678008840347607222e-02,-9.011246997227906341e-02,2.440563675637175134e-01,-9.793060054251326862e-01,8.341334351064392250e-01
1.746999999999999886e+01,-5.534050729903333687e-02,-5.526974267518669492e-02,-4.780944935610481616e-02,2.669736191830426320e-01,-1.030723278227575923e+00,8.393593615180841017e-01
1.748000000000000043e+01,-1.134581690904279405e-02,-1.126600338863076312e-02,-2.950436632085995381e-03,2.906063468944993788e-01,-1.081337763922620043e+00,8.441385059769818122e-01
1.749000000000000199e+01,3.519491155099385704e-02,3.528417335763534002e-02,4.447816208675503535e-02,3.148946548785960253e-01,-1.131126770586629249e+00,8.484509614024638990e-01
1.750000000000000000e+01,8.416838672948365185e-02,8.426655960381657096e-02,9.426081910322875457e-02,3.397796563241485268e-01,-1.180050328605708465e+00,8.522767809277980167e-01
1.751000000000000156e+01,1.351018891436939762e-01,1.352065432786612176e-01,1.457304470135846186e-01,3.652043070506059141e-01,-1.228049356359622424e+00,8.555961623507848390e-01
1.751999999999999957e+01,1.869315962496607697e-01,1.870376134755830644e-01,1.975718975008264322e-01,3.911140992657474724e-01,-1.275043577333409450e+00,8.583896552568489602e-01
1.753000000000000114e+01,2.379729608018278375e-01,2.380733057286164023e-01,2.479613917672260359e-01,4.174576128662591534e-01,-1.320929090177184406e+00,8.606383911193505876e-01
1.753999999999999915e+01,2.863824235383561345e-01,2.864709439297227211e-01,2.951892487763663198e-01,4.441869277140760852e-01,-1.365575515920409266e+00,8.623243368246236162e-01
1.755000000000000071e+01,3.308535627377522381e-01,3.309272833854308704e-01,3.382556220277386783e-01,4.712579053095860004e-01,-1.408822705341606252e+00,8.634305722141024653e-01
1.755999999999999872e+01,3.708901735160241575e-01,3.709491070135667590e-01,3.769191407114199088e-01,4.986303516652386136e-01,-1.450477115656918947e+00,8.639415898823795681e-01
1.757000000000000028e+01,4.065806949682386207e-01,4.066264155779599210e-01,4.113902792715547485e-01,5.262680753134799660e-01,-1.490308210265594013e+00,8.638436157344793198e-01
1.758000000000000185e+01,4.382731589334473155e-01,4.383076717033209668e-01,4.420453227969207699e-01,5.541388548031336292e-01,-1.528045673436808638e+00,8.631249479851790252e-01
1.758999999999999986e+01,4.663709218837430726e-01,4.663961190529291034e-01,4.692734165684085967e-01,5.822143298680665380e-01,-1.563378948621617859e+00,8.617763098264620281e-01
1.760000000000000142e+01,4.912445107457735771e-01,4.912619909520106187e-01,4.934177000341667951e-01,6.104698289244576692e-01,-1.595961633040586358e+00,8.597912103241327486e-01
1.760999999999999943e+01,5.132050843365245640e-01,5.132161302406820225e-01,5.147610747100183071e-01,6.388841437897179176e-01,-1.625424383419585173e+00,8.571663062849519399e-01
1.762000000000000099e+01,5.325031389295092898e-01,5.325087493367658409e-01,5.335289794397817253e-01,6.674392589660402830e-01,-1.651400439418535981e+00,8.539017561049400129e-01
1.762999999999999901e+01,5.493354899007141245e-01,5.493364239241143032e-01,5.498971565869446021e-01,6.961200408853116528e-01,-1.673566076807340153e+00,8.500015540165531958e-01
1.764000000000000057e+01,5.638538318096035784e-01,5.638506503454431273e-01,5.639998835198494209e-01,7.249138875141312166e-01,-1.691692507216257635e+00,8.454738325130299881e-01
1.765000000000000213e+01,5.761726040099466317e-01,5.761657046090846723e-01,5.759372414349164249e-01,7.538103343983522109e-01,-1.705696500917723402e+00,8.403311178347133703e-01
1.766000000000000014e+01,5.863756079960327217e-01,5.863652533137380107e-01,5.857811632893555887e-01,7.828006082215855921e-01,-1.715670122108600371e+00,8.345905231451116180e-01
1.767000000000000171e+01,5.945214289583493628e-01,5.945077698200413874e-01,5.935803979717022560e-01,8.118771111299444287e-01,-1.721874040833672570e+00,8.282738609729264345e-01
1.767999999999999972e+01,6.006478903049260465e-01,6.006309847441853034e-01,5.993646282234803557e-01,8.410328083727351967e-01,-1.724695124966307613e+00,8.214076584955382065e-01
1.769000000000000128e+01,6.047757898917138775e-01,6.047556197426288138e-01,6.031479772685750529e-01,8.702604797645830947e-01,-1.724585767910198797e+00,8.140230587270216311e-01
1.769999999999999929e+01,6.069121385659836942e-01,6.068886239324660092e-01,6.049321028341421158e-01,8.995517747558282595e-01,-1.722006715639577301e+00,8.061555903260033684e-01
1.771000000000000085e+01,6.070530785940938534e-01,6.070260915744465358e-01,6.047090389341494010e-01,9.288959817666351260e-01,-1.717386885858765755e+00,7.978447950705485070e-01
1.771999999999999886e+01,6.051866201640317966e-01,6.051559983198465664e-01,6.024639042442266890e-01,9.582783747131791152e-01,-1.711102473543975044e+00,7.891337020715631922e-01
1.773000000000000043e+01,6.012952966518956277e-01,6.012608560194356855e-01,5.981775620072218302e-01,9.876779374016704249e-01,-1.703470886891366387e+00,7.800681439274819162e-01
1.774000000000000199e+01,5.953588041991411117e-01,5.953203530960338163e-01,5.918292825682414104e-01,1.017064148526054534e+00,-1.694753521288152154e+00,7.706959209669753674e-01
1.775000000000000000e+01,5.873566608104376918e-01,5.873140136677613699e-01,5.833994267664029953e-01,1.046392346999974077e+00,-1.685162604091811289e+00,7.610658188710348604e-01
1.776000000000000156e+01,5.772708875194278999e-01,5.772238787792026704e-01,5.728721396627104445e-01,1.075596916133853442e+00,-1.674869161078873514e+00,7.512265017757490115e-01
1.776999999999999957e+01,5.650886846146853104e-01,5.650371824704464307e-01,5.602380136761651030e-01,1.104581097607647777e+00,-1.664010596400182340e+00,7.412253068679940382e-01
1.778000000000000114e+01,5.508050496023277898e-01,5.507489708688123597e-01,5.454966547971799029e-01,1.133201576830796808e+00,-1.652697273145671275e+00,7.311069782730045263e-01
1.778999999999999915e+01,5.344252602978523115e-01,5.343645816720441477e-01,5.286590644106038406e-01,1.161245032291665868e+00,-1.641017956281566992e+00,7.209123855314935048e-01
1.780000000000000071e+01,5.159671293615104570e-01,5.159018978843236125e-01,5.097497403784345682e-01,1.188392751564480321e+00,-1.629044195710243947e+00,7.106772796613403109e-01
1.780999999999999872e+01,4.954629238784566958e-01,4.953932678462523165e-01,4.888083934782526674e-01,1.214169105064323073e+00,-1.616833804982427569e+00,7.004311451287611456e-01
1.782000000000000028e+01,4.729608645758309193e-01,4.728869986372606360e-01,4.658911896282137421e-01,1.237873357697111931e+00,-1.604433602838676531e+00,6.901962092902304002e-01
1.783000000000000185e+01,4.485261111034817838e-01,4.484483393088717351e-01,4.410714501606286531e-01,1.258510190993030964e+00,-1.591881568360141497e+00,6.799866698398721043e-01
1.783999999999999986e+01,4.222411887487994009e-01,4.221599046588779269e-01,4.144397747757535555e-01,1.274774175444941982e+00,-1.579208536119139472e+00,6.698081974676354244e-01
1.785000000000000142e+01,3.942058392720322879e-01,3.941215223067779938e-01,3.861035947065400986e-01,1.285195089213048369e+00,-1.566439532617578401e+00,6.596577605089652963e-01
1.785999999999999943e+01,3.645363246553353642e-01,3.644495335798487168e-01,3.561862066792267911e-01,1.288516089059963621e+00,-1.553594833881642323e+00,6.495238088443235913e-01
1.787000000000000099e+01,3.333642547887319951e-01,3.332756184920193654e-01,3.248253792639497761e-01,1.284144210694277088e+00,-1.540690805986908885e+00,6.393868340214842183e-01
1.787999999999999901e+01,3.008350461384653451e-01,3.007452524518779979e-01,2.921716544816536087e-01,1.272317526433212942e+00,-1.527740576514867943e+00,6.292203071396180736e-01
1.789000000000000057e+01,2.671061427663674603e-01,2.670159262543544409e-01,2.583864851097262827e-01,1.253874853023390745e+00,-1.514754573532191007e+00,6.189919718232304024e-01
1.790000000000000213e+01,2.323451398094018572e-01,2.322552691976729200e-01,2.236403489210184170e-01,1.229885157782310889e+00,-1.501740961303740240e+00,6.086654394353963049e-01
1.791000000000000014e+01,1.967279412868272181e-01,1.966392073416351749e-01,1.881109653226397393e-01,1.201385384117388488e+00,-1.488705993752688972e+00,5.982020381091823769e-01
1.792000000000000171e+01,1.604370597456011016e-01,1.603502643298586883e-01,1.519817093319034973e-01,1.169269431781680968e+00,-1.475654303716395388e+00,5.875628150168209496e-01
1.792999999999999972e+01,1.236601288886022554e-01,1.235760756056332316e-01,1.154402766445030426e-01,1.134269817916037315e+00,-1.462589141249310387e+00,5.767106086203948045e-01
1.794000000000000128e+01,8.658865591264520989e-02,8.650814263538070259e-02,7.867760750316310503e-02,1.096976901869043175e+00,-1.449512570924027077e+00,5.656120898649686923e-01
1.794999999999999929e+01,4.941699431805161163e-02,4.934080766446270055e-02,4.188703113952148976e-02,1.057866951585174187e+00,-1.436425637331254279e+00,5.542396793252428733e-01
1.796000000000000085e+01,1.234147587370446053e-02,1.227038749907503890e-02,5.263552715219915745e-03,1.017328051655694843e+00,-1.423328504889452617e+00,5.425732601799930777e-01
1.796999999999999886e+01,-2.444039259848090895e-02,-2.450562817112766911e-02,-3.099682471838319242e-02,9.756809559269294940e-01,-1.410220577443358714e+00,5.306016270705979920e-01
1.798000000000000043e+01,-6.073078164448547644e-02,-6.078942804955858592e-02,-6.669786598535434874e-02,9.331949526122139682e-01,-1.397100602010736381e+00,5.183236368959398543e-01
1.799000000000000199e+01,-9.633255846072807937e-02,-9.638389783004203126e-02,-1.016440788562128494e-01,8.900996271896851608e-01,-1.383966759997559581e+00,5.057490561017600195e-01
1.800000000000000000e+01,-1.310505768747576294e-01,-1.310939099369239080e-01,-1.356420014718941469e-01,8.465934629191994576e-01,-1.370816749126144263e+00,4.928991275152920792e-01
1.801000000000000156e+01,-1.646933110885455687e-01,-1.647279574469578955e-01,-1.685018701160777010e-01,8.028500550007591219e-01,-1.357647857978162786e+00,4.798069055832552832e-01
1.801999999999999957e+01,-1.970748608393880774e-01,-1.971001598199575433e-01,-2.000396863583263074e-01,7.590225287663339149e-01,-1.344457035550538970e+00,4.665174285776531593e-01
1.803000000000000114e+01,-2.280173004546391380e-01,-2.280326126779478879e-01,-2.300796447316377225e-01,7.152465917784315286e-01,-1.331240956923656071e+00,4.530878103814740543e-01
1.803999999999999915e+01,-2.573532853430877676e-01,-2.573579952219012812e-01,-2.584568217807320378e-01,6.716425365141032167e-01,-1.317996086841236592e+00,4.395873410142571158e-01
1.805000000000000071e+01,-2.849287753253709199e-01,-2.849222943725615576e-01,-2.850199730799662379e-01,6.283164271724638317e-01,-1.304718741972896723e+00,4.260976785879928563e-01
1.805999999999999872e+01,-3.106056927417188973e-01,-3.105874636200932071e-01,-3.096342446285679784e-01,5.853606499504891980e-01,-1.291405152700165093e+00,4.127131992530210236e-01
1.807000000000000028e+01,-3.342643118179178252e-01,-3.342338128829081545e-01,-3.321835864499486091e-01,5.428539742506945931e-01,-1.278051525219021878e+00,3.995415263936752948e-01
1.808000000000000185e+01,-3.558051793719856914e-01,-3.557619292261376964e-01,-3.525726631196495209e-01,5.008612531056588768e-01,-1.264654104110359834e+00,3.867041586335999703e-01
1.808999999999999986e+01,-3.751503951929721636e-01,-3.750939570949558544e-01,-3.707280891587546590e-01,4.594328820660223966e-01,-1.251209235808487197e+00,3.743369038309006802e-01
1.810000000000000142e+01,-3.922441312174344552e-01,-3.921741169950899164e-01,-3.865988715780627194e-01,4.186041342119832809e-01,-1.237713432970377170e+00,3.625893306074120526e-01
1.810999999999999943e+01,-4.070523336266970160e-01,-4.069684065660552075e-01,-4.001560105799114586e-01,3.783944882832089851e-01,-1.224163439421570798e+00,3.516213544266738045e-01
1.812000000000000099e+01,-4.195616208276906622e-01,-4.194634975954268929e-01,-4.113912812964833909e-01,3.388070653368714380e-01,-1.210556295401634230e+00,3.415926151043994219e-01
1.812999999999999901e+01,-4.297774550841672037e-01,-4.296649065052478011e-01,-4.203152841644027804e-01,2.998282870846058490e-01,-1.196889402451358331e+00,3.326350207824083638e-01
1.814000000000000057e+01,-4.377217154051085135e-01,-4.375945659778095465e-01,-4.269549016926499352e-01,2.614278574126511767e-01,-1.183160587117602747e+00,3.247888335269646931e-01
1.815000000000000213e+01,-4.434298303113669570e-01,-4.432879567086005501e-01,-4.313503288888262954e-01,2.235591549150148794e-01,-1.169368162359212704e+00,3.178708104447108274e-01
1.816000000000000014e+01,-4.469476399235783326e-01,-4.467909684841856466e-01,-4.335518521938116487e-01,1.861600983741411586e-01,-1.155510985409902602e+00,3.112602423201923929e-01
1.817000000000000171e+01,-4.483281475390267223e-01,-4.481566509793467601e-01,-4.336165413882975272e-01,1.491545228870008177e-01,-1.141588510559641279e+00,3.037264400262601471e-01
1.817999999999999972e+01,-4.476282980160886105e-01,-4.474419921052127380e-01,-4.316049917587949647e-01,1.124540657693471335e-01,-1.127600835075333263e+00,2.936543657987236156e-01
1.819000000000000128e+01,-4.449058866563466719e-01,-4.447048258145979149e-01,-4.275782198736196582e-01,7.596052938212716210e-02,-1.113548736484097024e+00,2.797729474352895762e-01
1.819999999999999929e+01,-4.402166641764448940e-01,-4.400009376221176716e-01,-4.215947764150536070e-01,3.956865146808996592e-02,-1.099433699151442845e+00,2.616839645177144735e-01
1.821000000000000085e+01,-4.336116662534765798e-01,-4.333813946080558033e-01,-4.137081000552709220e-01,3.169181276524102309e-03,-1.085257927942107958e+00,2.397083135455925218e-01
1.821999999999999886e+01,-4.251347596297149201e-01,-4.248900910951493026e-01,-4.039641025065964230e-01,-3.334786466459527254e-02,-1.071024347039304825e+00,2.144686756089423385e-01
1.823000000000000043e+01,-4.148203667963975549e-01,-4.145614738622095397e-01,-3.923989446458014951e-01,-7.008991104219541857e-02,-1.056736581921141171e+00,1.866149391316793693e-01
1.824000000000000199e+01,-4.026913011709304380e-01,-4.024183793708095980e-01,-3.790369305571404945e-01,-1.071586477983026420e-01,-1.042398922635138225e+00,1.567200906760874979e-01
1.825000000000000000e+01,-3.887566270922938605e-01,-3.884698926914976758e-01,-3.638884385999713311e-01,-1.446471165807219350e-01,-1.028016266848639670e+00,1.252614871787695594e-01
1.826000000000000156e+01,-3.730094328644416590e-01,-3.727091223658959285e-01,-3.469477762476602667e-01,-1.826371921730652881e-01,-1.013594042170411713e+00,9.263117678063581550e-02
1.826999999999999957e+01,-3.554243928768374139e-01,-3.551107644147429854e-01,-3.281908418938931371e-01,-2.211975675052367807e-01,-9.991381068260742904e-01,5.915200198046888236e-02
1.828000000000000114e+01,-3.359549867592976913e-01,-3.356283217077637437e-01,-3.075724742050247595e-01,-2.603823186449601979e-01,-9.846546297564371386e-01,2.509201598043986348e-02
1.828999999999999915e+01,-3.145302553945154012e-01,-3.141908632764209286e-01,-2.850233915253507222e-01,-3.002300899136993717e-01,-9.701499511179937363e-01,-9.324426470569524561e-03
1.830000000000000071e+01,-2.910510449383970077e-01,-2.906992713143590756e-01,-2.604467157878450623e-01,-3.407639001999496209e-01,-9.556304257402498115e-01,-4.390872122039968239e-02
1.830999999999999872e+01,-2.653859013170499770e-01,-2.650221408002281231e-01,-2.337143303235195702e-01,-3.819915358285770335e-01,-9.411022535083026774e-01,-7.850259562444728001e-02
1.832000000000000028e+01,-2.373673410454856803e-01,-2.369920592948908111e-01,-2.046639652234357176e-01,-4.239064614111284213e-01,-9.265713008447267196e-01,-1.129745938527888516e-01
1.833000000000000185e+01,-2.067906289088717875e-01,-2.064044000221209596e-01,-1.730994815737158521e-01,-4.664891567890361301e-01,-9.120429197970202351e-01,-1.472179323163341769e-01
1.833999999999999986e+01,-1.734205409361449512e-01,-1.730241130703512042e-01,-1.388005048943281028e-01,-5.097087712189674047e-01,-8.975217709901237573e-01,-1.811492765673285987e-01
1.835000000000000142e+01,-1.370190343605203198e-01,-1.366134468513939271e-01,-1.015555399909646161e-01,-5.535249774704056325e-01,-8.830116592264450892e-01,-2.147080600330495415e-01
1.835999999999999943e+01,-9.742081088707105208e-02,-9.700759895649505027e-02,-6.124707158710998578e-02,-5.978899133701232049e-01,-8.685153892363255412e-01,-2.478560137236629490e-01
1.837000000000000099e+01,-5.469904542553843951e-02,-5.428055834200973262e-02,-1.802982956074497545e-02,-6.427501040648664343e-01,-8.540346512462076989e-01,-2.805766175337196522e-01
1.837999999999999901e+01,-9.435775678935443000e-03,-9.015514015388220725e-03,2.739699070494015787e-02,-6.880482759435631035e-01,-8.395699437021948430e-01,-3.128742287528232247e-01
1.839000000000000057e+01,3.705954166140067868e-02,3.747695798237878767e-02,7.361234495551410850e-02,-7.337249886539268795e-01,-8.251205427490274635e-01,-3.447726948656049117e-01
1.840000000000000213e+01,8.295940228491405222e-02,8.336903759265515412e-02,1.187645837154595874e-01,-7.797200338216950799e-01,-8.106845237335975618e-01,-3.763133221122125782e-01
1.841000000000000014e+01,1.266099627954891116e-01,1.270076775337359298e-01,1.612889071992460455e-01,-8.259735643435752728e-01,-7.962588416995828311e-01,-4.075521480920768491e-01
1.842000000000000171e+01,1.670625759617652140e-01,1.674455125507986197e-01,2.003677344184676135e-01,-8.724269359934712087e-01,-7.818394723444846983e-01,-4.385565462110962986e-01
1.842999999999999972e+01,2.040454737801351559e-01,2.044118613018936770e-01,2.358340209291275580e-01,-9.190232543184890801e-01,-7.674216162277613940e-01,-4.694012718676078277e-01
1.844000000000000128e+01,2.376713452275926453e-01,2.380201230566166282e-01,2.678649350882842950e-01,-9.657076281122336514e-01,-7.529999639462620076e-01,-5.001641296988962315e-01
1.844999999999999929e+01,2.681984406768215812e-01,2.685289717475942695e-01,2.967547314389237800e-01,-1.012427133712457072e+00,-7.385690183605865267e-01,-5.309214942977793505e-01
1.846000000000000085e+01,2.959070340950160083e-01,2.962189334467547619e-01,3.228036499740917220e-01,-1.059130492676108926e+00,-7.241234673420295920e-01,-5.617439454125323639e-01
1.846999999999999886e+01,3.210501622406604638e-01,3.213432017605327706e-01,3.462763011367094856e-01,-1.105767459206216996e+00,-7.096585991493022938e-01,-5.926922807326414633e-01
1.848000000000000043e+01,3.438392525190192006e-01,3.441133083243294588e-01,3.673913390029364678e-01,-1.152287900592091852e+00,-6.951707498784907013e-01,-6.238141451460248454e-01
1.849000000000000199e+01,3.644436084593190017e-01,3.646986312382176632e-01,3.863230091264686084e-01,-1.198640536598530870e+00,-6.806577723093456544e-01,-6.551414681415064223e-01
1.850000000000000000e+01,3.829945039730858203e-01,3.832305018049416145e-01,4.032063017433156760e-01,-1.244771275252406495e+00,-6.661195149175583863e-01,-6.866888380934106362e-01
1.851000000000000156e+01,3.995902291241227866e-01,3.998072572173281269e-01,4.181425539926476587e-01,-1.290621047996528992e+00,-6.515583002839639981e-01,-7.184528691263669664e-01
1.851999999999999957e+01,4.143008017175855984e-01,4.144989561337110717e-01,4.312044606421477910e-01,-1.336122993949249382e+00,-6.369793932106234680e-01,-7.504125416878572041e-01
1.853000000000000114e+01,4.271720050572295202e-01,4.273514187122487984e-01,4.424402737482295289e-01,-1.381198765154457497e+00,-6.223914499674539913e-01,-7.825304319685375543e-01
1.853999999999999915e+01,4.382287663335483474e-01,4.383896061893078899e-01,4.518772655323136100e-01,-1.425753642395581000e+00,-6.078069418335583229e-01,-8.147546876400927340e-01
1.855000000000000071e+01,4.474780064975814042e-01,4.476204716489314839e-01,4.595246157435101120e-01,-1.469669979622763245e+00,-5.932425464760668898e-01,-8.470215700370062883e-01
1.855999999999999872e+01,4.549111191108073937e-01,4.550354386982412569e-01,4.653758970876460399e-01,-1.512798341657116019e+00,-5.787194994035482765e-01,-8.792583611869591032e-01
1.857000000000000028e+01,4.605062269611651660e-01,4.606126583055328849e-01,4.694113162503164016e-01,-1.554945449312652439e+00,-5.642638947707547814e-01,-9.113864331680036068e-01
1.858000000000000185e+01,4.642303488055906646e-01,4.643191751482073082e-01,4.715998480815272176e-01,-1.595857832323296810e+00,-5.499069137481678027e-01,-9.433242907425083423e-01
1.858999999999999986e+01,4.660415864351010740e-01,4.661131138315058875e-01,4.719013771383918643e-01,-1.635200038931912125e+00,-5.356849394695518685e-01,-9.749904258063217810e-01
1.860000000000000142e+01,4.658914196908323646e-01,4.659459736348841030e-01,4.702689375999662413e-01,-1.672526834504550974e+00,-5.216394791094267624e-01,-1.006305857366566636e+00
1.860999999999999943e+01,4.637271733934765772e-01,4.637650944290425681e-01,4.666511196802641814e-01,-1.707251105370507949e+00,-5.078167432012070659e-01,-1.037196271610980158e+00
1.862000000000000099e+01,4.594946911561444969e-01,4.595163296800653940e-01,4.609946824490184225e-01,-1.738615158544501771e+00,-4.942666017442466364e-01,-1.067593714513834779e+00
1.862999999999999901e+01,4.531412200184707917e-01,4.531469304079319693e-01,4.532473823480046571e-01,-1.765685002948221616e+00,-4.810404019389774577e-01,-1.097437824440511189e+00
1.864000000000000057e+01,4.446184744394278132e-01,4.446086094025218927e-01,4.433609932748394655e-01,-1.787402812646444294e+00,-4.681867093282567893e-01,-1.126676623754530482e+00
1.865000000000000213e+01,4.338858134695795510e-01,4.338607159751860509e-01,4.312944580941880934e-01,-1.802734668991764044e+00,-4.557433030966245857e-01,-1.155266908317795549e+00
1.866000000000000014e+01,4.209134207411684980e-01,4.208734185830150243e-01,4.170170687611634563e-01,-1.810905074912218637e+00,-4.437225882970607937e-01,-1.183174289564546289e+00
1.867000000000000171e+01,4.056853591534250181e-01,4.056307585788780923e-01,4.005115508433796934e-01,-1.811617343354914755e+00,-4.320860920605770761e-01,-1.210372949621550731e+00
1.867999999999999972e+01,3.882023363652626902e-01,3.881334165593995356e-01,3.817768922960122491e-01,-1.805119506042807576e+00,-4.207031039354449109e-01,-1.236845174999533503e+00
1.869000000000000128e+01,3.684840215000169117e-01,3.684010307487924352e-01,3.608307557759186102e-01,-1.792078532855119644e+00,-4.092932446742731378e-01,-1.262580727418362692e+00
1.869999999999999929e+01,3.465707609252904886e-01,3.464739145909962459e-01,3.377113179395347942e-01,-1.773365254712198302e+00,-3.973720916815294824e-01,-1.287576107936215575e+00
1.871000000000000085e+01,3.225245756546030740e-01,3.224140557996172940e-01,3.124784100432355660e-01,-1.749871635424829597e+00,-3.842557039408339148e-01,-1.311833759589108084e+00
1.871999999999999886e+01,2.964293717107036596e-01,2.963053291780414211e-01,2.852138794399724508e-01,-1.722407770276679795e+00,-3.691911000547565269e-01,-1.335361248652688904e+00
1.873000000000000043e+01,2.683903590089652957e-01,2.682529173027265457e-01,2.560211538274058118e-01,-1.691665078315673920e+00,-3.515861747430434892e-01,-1.358170452315466514e+00
1.874000000000000199e+01,2.385327392090006438e-01,2.383820001186656712e-01,2.250240544029204481e-01,-1.658216493873458042e+00,-3.311797327214329734e-01,-1.380276775620150165e+00
1.875000000000000000e+01,2.069997843509376323e-01,2.068358352496233454e-01,1.923649664752785093e-01,-1.622531803866984701e+00,-3.080367321312037499e-01,-1.401698411307214620e+00
1.876000000000000156e+01,1.739504729678645889e-01,1.737733945358190812e-01,1.582025233982662371e-01,-1.584996499000349779e+00,-2.824267609115946875e-01,-1.422455651142255695e+00
1.876999999999999957e+01,1.395568728787914270e-01,1.393667471206594954e-01,1.227089855893052084e-01,-1.545929238063200817e+00,-2.546992101055279845e-01,-1.442570252790095431e+00
1.878000000000000114e+01,1.040014592954625339e-01,1.037983770081644663e-01,8.606749960613885309e-02,-1.505596417203923121e+00,-2.252055395748074340e-01,-1.462064860700124092e+00
1.878999999999999915e+01,6.747453174468576176e-02,6.725859858768701294e-02,4.846940100692967435e-02,-1.464223769837213140e+00,-1.942642441876084591e-01,-1.480962478208317057e+00
1.880000000000000071e+01,3.017185095800711814e-02,2.994319165557354778e-02,1.011168601474921047e-02,-1.422005413237290572e+00,-1.621504708483059165e-01,-1.499285984711449693e+00
1.880999999999999872e+01,-7.707435427327047339e-03,-7.948675465220822467e-03,-2.880527180938817489e-02,-1.379110851730978915e+00,-1.290967710752961017e-01,-1.517057690400197112e+00
1.882000000000000028e+01,-4.596256403564664972e-02,-4.621622004673912876e-02,-6.807973484854423774e-02,-1.335690396587934536e+00,-9.529778579045256048e-02,-1.534298919649939474e+00
1.883000000000000185e+01,-8.439265749621184531e-02,-8.465854999688889049e-02,-1.075103643565585021e-01,-1.291879373778609841e+00,-6.091564873479493603e-02,-1.551029613302134180e+00
1.883999999999999986e+01,-1.227980266489102357e-01,-1.230759694418101929e-01,-1.468977856711648489e-01,-1.247801404926992097e+00,-2.608489054452312050e-02,-1.567267939007070954e+00
1.885000000000000142e+01,-1.609813632409307360e-01,-1.612711746730982054e-01,-1.860460256939238666e-01,-1.203570974948604988e+00,9.083491264201604132e-03,-1.583029898217929166e+00
1.885999999999999943e+01,-1.987489161489735534e-01,-1.990504332327111270e-01,-2.247638937583083807e-01,-1.159295441336834820e+00,4.449877836265758724e-02,-1.598328917647916514e+00
1.887000000000000099e+01,-2.359117308370374255e-01,-2.362248255514257100e-01,-2.628663633568943392e-01,-1.115076598210522407e+00,8.008795533866386318e-02,-1.613175412122930696e+00
1.887999999999999901e+01,-2.722870050121131147e-01,-2.726116018666852048e-01,-3.001759874127742367e-01,-1.071011873837116601e+00,1.157936475977912050e-01,-1.627576304964916343e+00
1.889000000000000057e+01,-3.076995776157295248e-01,-3.080356713187071271e-01,-3.365243485750903374e-01,-1.027195215444640208e+00,1.515724214496969591e-01,-1.641534491152900177e+00
1.890000000000000213e+01,-3.419835287121814060e-01,-3.423312006328486090e-01,-3.717535136583739463e-01,-9.837176963773189842e-01,1.873933157770720781e-01,-1.655048228817098899e+00
1.891000000000000014e+01,-3.749838302995895933e-01,-3.753432624250613303e-01,-4.057174331437376491e-01,-9.406678658607083854e-01,2.232365021214156586e-01,-1.668110443239451124e+00
1.892000000000000171e+01,-4.065579578357971235e-01,-4.069294427758596289e-01,-4.382832074681318746e-01,-8.981318516311437294e-01,2.590919927900436903e-01,-1.680707930754123502e+00
1.892999999999999972e+01,-4.365773533372213078e-01,-4.369612997812741817e-01,-4.693321318934476905e-01,-8.561932184563493253e-01,2.949583409469022088e-01,-1.692820452646494722e+00
1.894000000000000128e+01,-4.649286274517970274e-01,-4.653255597819287992e-01,-4.987604368485615280e-01,-8.149325830059021003e-01,3.308412997918523946e-01,-1.704419717282867452e+00
1.894999999999999929e+01,-4.915143964103425578e-01,-4.919249487257866260e-01,-5.264796547128702819e-01,-7.744269825775459415e-01,3.667524271483477705e-01,-1.715468263227213352e+00
1.896000000000000085e+01,-5.162536741760490600e-01,-5.166785783449125979e-01,-5.524165667892022569e-01,-7.347490024449583323e-01,4.027076412685488549e-01,-1.725918280026548679e+00
1.896999999999999886e+01,-5.390817706594055458e-01,-5.395218396997771837e-01,-5.765127129851452814e-01,-6.959656686187019048e-01,4.387257499153510709e-01,-1.735710442021885846e+00
1.898000000000000043e+01,-5.599496838500173101e-01,-5.604057906319654947e-01,-5.987234747336951379e-01,-6.581371262669796218e-01,4.748269865632213094e-01,-1.744772888375013098e+00
1.899000000000000199e+01,-5.788230075081710613e-01,-5.792960606030046478e-01,-6.190167673584701102e-01,-6.213151314162580485e-01,5.110315966368168539e-01,-1.753020561741317485e+00
1.900000000000000000e+01,-5.956804069837962068e-01,-5.961713245732256361e-01,-6.373713963372531488e-01,-5.855414039231676693e-01,5.473585202958497486e-01,-1.760355217802385352e+00
1.901000000000000156e+01,-6.105117356081426472e-01,-6.110214185757870675e-01,-6.537751443794507233e-01,-5.508458974315056933e-01,5.838242175769269293e-01,-1.766666520180672162e+00
1.901999999999999957e+01,-6.233158753244023575e-01,-6.238451808731825254e-01,-6.682226563743075554e-01,-5.172450607021277236e-01,6.204416765102739317e-01,-1.771834702848168464e+00
1.903000000000000114e+01,-6.340983858982935928e-01,-6.346481018237866145e-01,-6.807131867629928612e-01,-4.847401734512278848e-01,6.572196357322367399e-01,-1.775735245457944256e+00
1.903999999999999915e+01,-6.428690364828246739e-01,-6.434398572867289223e-01,-6.912482584310263301e-01,-4.533158494868042010e-01,6.941620419782832396e-01,-1.778245778456174708e+00
1.905000000000000071e+01,-6.496392795674861276e-01,-6.502317838193247823e-01,-6.998292677077020407e-01,-4.229388013092736376e-01,7.312677492315091676e-01,-1.779254949348262560e+00
1.905999999999999872e+01,-6.544197026445623955e-01,-6.550343331815038361e-01,-7.064550435271323980e-01,-3.935569600140902402e-01,7.685304534211531147e-01,-1.778672281865646632e+00
1.907000000000000028e+01,-6.572174711545430981e-01,-6.578545136423299411e-01,-7.111193506523991736e-01,-3.650990347519261769e-01,8.059388437730969912e-01,-1.776437369853853809e+00
1.908000000000000185e+01,-6.580337415703290116e-01,-6.586933060873638723e-01,-7.138082936765203224e-01,-3.374745843132325174e-01,8.434769422275151252e-01,-1.772526441780228890e+00
1.908999999999999986e+01,-6.568610037792101952e-01,-6.575430047526668043e-01,-7.144975457635223126e-01,-3.105746550183662302e-01,8.811245941201715226e-01,-1.766954723148072448e+00
1.910000000000000142e+01,-6.536802692850742780e-01,-6.543844014928552610e-01,-7.131492986636542852e-01,-2.842730173430337848e-01,9.188580686290536148e-01,-1.759774084117838644e+00
1.910999999999999943e+01,-6.484579880933019069e-01,-6.491837009274341597e-01,-7.097087761733842370e-01,-2.584280093675005441e-01,9.566507258629677324e-01,-1.751066739138328332e+00
1.912000000000000099e+01,-6.411425392411800317e-01,-6.418890036673150501e-01,-7.041001055361140182e-01,-2.328849676743266484e-01,9.944737094205832184e-01,-1.740936669834710848e+00
1.912999999999999901e+01,-6.316600837482817532e-01,-6.324261486312434677e-01,-6.962212785953670879e-01,-2.074791997440672553e-01,1.032296625113983568e+00,-1.729500639452088429e+00
1.914000000000000057e+01,-6.199095150360200979e-01,-6.206936523518260529e-01,-6.859378590469931147e-01,-1.820394209686787557e-01,1.070088172523840253e+00,-1.716880248987052049e+00
1.915000000000000213e+01,-6.057561997994314051e-01,-6.065564300495587258e-01,-6.730750411328350058e-01,-1.563915542866242125e-01,1.107816701793871150e+00,-1.703195803989870916e+00
1.916000000000000014e+01,-5.890241915695015873e-01,-5.898379866134791927e-01,-6.574076953314467175e-01,-1.303627646964742315e-01,1.145450674417929360e+00,-1.688562144988599911e+00
1.917000000000000171e+01,-5.694867667707620429e-01,-5.703109238482959586e-01,-6.386483602004090487e-01,-1.037855770326007177e-01,1.182959012207811300e+00,-1.673086203767037983e+00
1.917999999999999972e+01,-5.468557592116607413e-01,-5.476862470286212314e-01,-6.164342971106153701e-01,-7.650191402116301997e-02,1.220311323823131344e+00,-1.656865883423758401e+00
1.919000000000000128e+01,-5.207720527021001411e-01,-5.216038481797397042e-01,-5.903180749439425057e-01,-4.836688226996688211e-02,1.257478002684908613e+00,-1.639989851849202207e+00
1.919999999999999929e+01,-4.908045735414317545e-01,-4.916315594747883155e-01,-5.597747053592810884e-01,-1.925213648975299119e-02,1.294430191940936670e+00,-1.622537904431281763e+00
1.921000000000000085e+01,-4.564768422212757137e-01,-4.572919571058337573e-01,-5.242568578657909040e-01,1.095132946143362318e-02,1.331139613547933198e+00,-1.604581642550971798e+00
1.921999999999999886e+01,-4.173621363170371690e-01,-4.181581720219602616e-01,-4.833565462028614479e-01,4.233109764722176038e-02,1.367578257376213857e+00,-1.586185294047282035e+00
1.923000000000000043e+01,-3.733070828366258365e-01,-3.740785777878286589e-01,-4.371225038448649514e-01,7.495202778923004683e-02,1.403717924356207902e+00,-1.567406567965891284e+00
1.924000000000000199e+01,-3.247811015734372031e-01,-3.255268211479996898e-01,-3.864149056921311054e-01,1.088557975445688664e-01,1.439529612700085170e+00,-1.548297479164827184e+00
1.925000000000000000e+01,-2.731005197599595813e-01,-2.738239055753602935e-01,-3.328957043970992014e-01,1.440612693237741659e-01,1.474982730293963984e+00,-1.528905109710418930e+00
1.926000000000000156e+01,-2.201242707757829764e-01,-2.208300945041524188e-01,-2.784500656859387746e-01,1.805656276704781238e-01,1.510044105910191226e+00,-1.509272291684393252e+00
1.926999999999999957e+01,-1.675532247911708239e-01,-1.682438301799045743e-01,-2.245500544092684514e-01,2.183461843144615111e-01,1.544676764573194028e+00,-1.489438205793589098e+00
1.928000000000000114e+01,-1.164911167531460789e-01,-1.171657137420956951e-01,-1.720654039278020631e-01,2.573627136319490694e-01,1.578838410462448660e+00,-1.469438895680988288e+00
1.928999999999999915e+01,-6.747489864802824755e-02,-6.813083738014896751e-02,-1.214082698387265458e-01,2.975601573157868884e-01,1.612479548467661505e+00,-1.449307698433442981e+00
1.930000000000000071e+01,-2.068902008404638337e-02,-2.132307331079741353e-02,-7.273002861267924279e-02,3.388715312279726444e-01,1.645541149060265829e+00,-1.429075590488559033e+00
1.930999999999999872e+01,2.385504310460534461e-02,2.324596932106515190e-02,-2.605691567375911788e-02,3.812208708198022711e-01,1.677951734248646964e+00,-1.408771444696259367e+00
1.932000000000000028e+01,6.621483958707319317e-02,6.563342177677200517e-02,1.863543172303339102e-02,4.245260701266517778e-01,1.709623734120298888e+00,-1.388422191104124570e+00
1.933000000000000185e+01,1.064656293139966126e-01,1.059140573065582291e-01,6.138500884544018099e-02,4.687014936924956965e-01,1.740448937801690965e+00,-1.368052866162571268e+00
1.933999999999999986e+01,1.446773504510548980e-01,1.441573465155630007e-01,1.022262638698168136e-01,5.136602725806503900e-01,1.770292857381164708e+00,-1.347686531653252473e+00
1.935000000000000142e+01,1.809053205960760025e-01,1.804181879173700764e-01,1.411827402172876056e-01,5.593162234937893995e-01,1.798987866940113367e+00,-1.327344036246591363e+00
1.935999999999999943e+01,2.151873074395440621e-01,2.147339838599339190e-01,1.782645009001841974e-01,6.055853600990626084e-01,1.826325136176351283e+00,-1.307043587552687569e+00
1.937000000000000099e+01,2.475434765071927723e-01,2.471245852472776505e-01,2.134678885441259055e-01,6.523869876975821880e-01,1.852045756025769041e+00,-1.286800097031479240e+00
1.937999999999999901e+01,2.779776182574470456e-01,2.775935139362344373e-01,2.467764613459197953e-01,6.996443890503156737e-01,1.875832227272224983e+00,-1.266624259760007920e+00
1.939000000000000057e+01,3.064789520732524863e-01,3.061297627669584687e-01,2.781625709722765905e-01,7.472851185861366652e-01,1.897302844691717949e+00,-1.246521329907837927e+00
1.940000000000000213e+01,3.330242213014178443e-01,3.327098881972117006e-01,3.075893472299021658e-01,7.952409245040419350e-01,1.916013502759996268e+00,-1.226489563169629537e+00
1.941000000000000014e+01,3.575799829039155719e-01,3.573002996104174267e-01,3.350129955048213315e-01,8.434473123432068009e-01,1.931473488681593409e+00,-1.206518315143854991e+00
1.942000000000000171e+01,3.801050761009320267e-01,3.798597280724874681e-01,3.603853682892409482e-01,8.918427515788135418e-01,1.943182011843753720e+00,-1.186585806914275176e+00
1.942999999999999972e+01,4.005532790117724007e-01,4.003418854876212851e-01,3.836567880740228142e-01,9.403675042327775957e-01,1.950687338401387416e+00,-1.166656606125297202e+00
1.944000000000000128e+01,4.188761613638938286e-01,4.186983190746869088e-01,4.047790878624680788e-01,9.889620243445295111e-01,1.953658681561867283e+00,-1.146678923920042781e+00
1.944999999999999929e+01,4.350261196788320905e-01,4.348814490709177472e-01,4.237088109563196259e-01,1.037564830051697973e+00,1.951947542858781581e+00,-1.126581874705090636e+00
1.946000000000000085e+01,4.489595536735271342e-01,4.488477472947255409e-01,4.404104807676815225e-01,1.086109685597483887e+00,1.945612554191563426e+00,-1.106272904081796238e+00
1.946999999999999886e+01,4.606401077761702600e-01,4.605609789592310932e-01,4.548598204511005161e-01,1.134521833001794544e+00,1.934897485110988580e+00,-1.085635643570219244e+00
1.948000000000000043e+01,4.700418685406199115e-01,4.699953983753840658e-01,4.670467654703545080e-01,1.182712871250463538e+00,1.920175350979418827e+00,-1.064528478186501870e+00
1.949000000000000199e+01,4.771523735375969855e-01,4.771387564136391202e-01,4.769781065432395772e-01,1.230573663294260323e+00,1.901883600198855051e+00,-1.042784123125059859e+00
1.950000000000000000e+01,4.819752754085735447e-01,4.819949580368009801e-01,4.846795811150568234e-01,1.277964333396477414e+00,1.880470458111542786e+00,-1.020210474071627127e+00
1.951000000000000156e+01,4.845324875290050737e-01,4.845861987090701595e-01,4.901972550699069675e-01,1.324699940636931528e+00,1.856360205280676468e+00,-9.965929203752559307e-01
1.951999999999999957e+01,4.848656558256966842e-01,4.849544277671212211e-01,4.935980654199219608e-01,1.370529780234146511e+00,1.829935747472475782e+00,-9.716981946242281287e-01
1.953000000000000114e+01,4.830368285453341959e-01,4.831620048018990810e-01,4.949694456974168544e-01,1.415107544362170344e+00,1.801533181485290402e+00,-9.452796778126862920e-01
1.953999999999999915e+01,4.791282441761492983e-01,4.792914746271368376e-01,4.944180203620555103e-01,1.457949294056803957e+00,1.771443219131893176e+00,-9.170839140284978708e-01
1.955000000000000071e+01,4.732412186743768512e-01,4.734444410582361318e-01,4.920674242746856941e-01,1.498378032535851556e+00,1.739915827011257354e+00,-8.868579218479680781e-01
1.955999999999999872e+01,4.654941826697555629e-01,4.657395908482031555e-01,4.880553697627609822e-01,1.535461990614411576e+00,1.707165916785114312e+00,-8.543567650536303404e-01
1.957000000000000028e+01,4.560199832695370215e-01,4.563099846097668499e-01,4.825301397087998767e-01,1.567976393311162120e+00,1.673378965338681912e+00,-8.193507724931294867e-01
1.958000000000000185e+01,4.449626225931815893e-01,4.452997861618153697e-01,4.756467230881039621e-01,1.594458434516822676e+00,1.638716070313608775e+00,-7.816318019032572062e-01
1.958999999999999986e+01,4.324736433522853307e-01,4.328606414161734750e-01,4.675628253259036526e-01,1.613446349316222772e+00,1.603318283444755465e+00,-7.410180220263500317e-01
1.960000000000000142e+01,4.187083878066136799e-01,4.191479338826651357e-01,4.584349790817012771e-01,1.623896026389273661e+00,1.567310226089741576e+00,-6.973568321626563149e-01
1.960999999999999943e+01,4.038223535698780564e-01,4.043171393125447599e-01,4.484149564997731430e-01,1.625542908213813309e+00,1.530803059143696743e+00,-6.505257258495458217e-01
1.962000000000000099e+01,3.879678443592439185e-01,3.885204775364504148e-01,4.376466430767900762e-01,1.618923131329952358e+00,1.493896898862696609e+00,-6.004311061808345062e-01
1.962999999999999901e+01,3.712910755193533641e-01,3.719040209599336344e-01,4.262634857920731823e-01,1.605071392075551717e+00,1.456682767413121304e+00,-5.470052524947840444e-01
1.964000000000000057e+01,3.539298472167424769e-01,3.546053715893460190e-01,4.143865779232900337e-01,1.585165056022594943e+00,1.419244154760852972e+00,-4.902017999411705240e-01
1.965000000000000213e+01,3.360118491972078902e-01,3.367519698751786361e-01,4.021233955184042586e-01,1.560299320040593241e+00,1.381658254747517578e+00,-4.299902545819018207e-01
1.966000000000000014e+01,3.176536130137438962e-01,3.184600519290077814e-01,3.895671618780143786e-01,1.531401456482370582e+00,1.343996922825107410e+00,-3.663502400140310478e-01
1.967000000000000171e+01,2.989600916521251706e-01,2.998342321473299599e-01,3.767967843252417737e-01,1.499224548962400982e+00,1.306327391339318744e+00,-2.992664957741535403e-01
1.967999999999999972e+01,2.800248119498240928e-01,2.809676587784518120e-01,3.638772878632122731e-01,1.464371957527510038e+00,1.268712765710449997e+00,-2.287263204794910409e-01
1.969000000000000128e+01,2.609305268518816723e-01,2.619426679926384338e-01,3.508606571375882943e-01,1.427327886624671027e+00,1.231212319789044995e+00,-1.547226378461364349e-01
1.969999999999999929e+01,2.417502816362718521e-01,2.428318506514366149e-01,3.377869962734428300e-01,1.388484799095811795e+00,1.193881593696538790e+00,-7.726906657511911636e-02
1.971000000000000085e+01,2.225488038017350012e-01,2.236994417330844531e-01,3.246859166623510817e-01,1.348165413170370419e+00,1.156772301082644949e+00,3.560123859750852215e-03
1.971999999999999886e+01,2.033841277411707615e-01,2.046029434169996941e-01,3.115780707316230802e-01,1.306639576115400825e+00,1.119932043976532565e+00,8.754095945264614431e-02
1.973000000000000043e+01,1.843093705977931762e-01,1.855948988591242799e-01,2.984767595484671965e-01,1.264136991940984833e+00,1.083403831291846364e+00,1.741261243148791715e-01
1.974000000000000199e+01,1.653745841467093580e-01,1.667247410339390279e-01,2.853895526963927676e-01,1.220856792610077068e+00,1.047225403102578944e+00,2.621754081902378797e-01
1.975000000000000000e+01,1.466286155648619527e-01,1.480406507006162276e-01,2.723198711203395073e-01,1.176974763031680915e+00,1.011428362768328038e+00,3.497309681505887946e-01
1.976000000000000156e+01,1.281209193997622786e-01,1.295913654962518313e-01,2.592684942972225959e-01,1.132648834658262604e+00,9.760371277329717987e-01,4.342347959827658199e-01
1.976999999999999957e+01,1.099032702915365145e-01,1.114278907905515426e-01,2.462349638558941067e-01,1.088023294972265465e+00,9.410677192956915516e-01,5.133765924047545282e-01
1.978000000000000114e+01,9.203133323872536575e-02,9.360506893859799060e-02,2.332188644862033255e-01,1.043232035455085249e+00,9.065264269045921752e-01,5.858750988439317409e-01
1.978999999999999915e+01,7.456605232268748162e-02,7.618296921349593243e-02,2.202209709077464495e-01,9.984010659899408280e-01,8.724083962867347219e-01,6.514894119293869190e-01
1.980000000000000071e+01,5.757482286468340593e-02,5.922806331462704410e-02,2.072442553414717836e-01,9.536504565161159075e-01,8.386962102852587586e-01,7.105605156068122152e-01
1.980999999999999872e+01,4.113241337384465623e-02,4.281415408319300120e-02,1.942947559973496885e-01,9.090958177612452618e-01,8.053585454195277826e-01,7.636155319357926796e-01
1.982000000000000028e+01,2.532160479460576763e-02,2.702302530887346066e-02,1.813823098984066462e-01,8.648493973585937855e-01,7.723490083878659096e-01,8.111719981025875548e-01
1.983000000000000185e+01,1.023351500804270398e-02,1.194478113134023189e-02,1.685211549975458301e-01,8.210208422981852827e-01,7.396052617043520350e-01,8.536725214419362828e-01
1.983999999999999986e+01,-4.032423353915293163e-03,-2.322155875807641046e-03,1.557304105886330170e-01,7.777176607865552427e-01,7.070485575229612518e-01,8.914769502958050928e-01
1.985000000000000142e+01,-1.736886168204210268e-02,-1.567141794009285771e-02,1.430344430657859434e-01,7.350454045165550898e-01,6.745837896084929675e-01,9.248744183817858566e-01
1.985999999999999943e+01,-2.966133713114582626e-02,-2.798946282932479601e-02,1.304631251884169618e-01,6.931075854124544300e-01,6.421001626269587925e-01,9.541000121399946243e-01
1.987000000000000099e+01,-4.078949702028000779e-02,-3.915676203640050534e-02,1.180519963604117484e-01,6.520053381952746197e-01,6.094725458114779171e-01,9.793507701835849621e-01
1.987999999999999901e+01,-5.062875433006863712e-02,-4.904941594334844002e-02,1.058423299657186289e-01,6.118368417909466617e-01,5.765635427181360351e-01,1.000799527782480824e+00
1.989000000000000057e+01,-5.905236684614578735e-02,-5.754119001730184646e-02,9.388111158571521564e-02,5.726965158817438617e-01,5.432262579375052303e-01,1.018606400321932837e+00
1.990000000000000213e+01,-6.593391080651789249e-02,-6.450594535459075463e-02,8.222093140579767034e-02,5.346740185153924241e-01,5.093076888776708611e-01,1.032928040426793759e+00
1.991000000000000014e+01,-7.115009348687750812e-02,-6.982041089893509245e-02,7.091979081186983169e-02,4.978530775053602864e-01,4.746526135466280216e-01,1.043924831602866199e+00
1.992000000000000171e+01,-7.458381861028751114e-02,-7.336721493801701133e-02,6.004082183780035109e-02,4.623101994917991897e-01,4.391077958324366426e-01,1.051766125809616481e+00
1.992999999999999972e+01,-7.612738649565520266e-02,-7.503806191809203607e-02,4.965191562595483443e-02,4.281133093118997812e-01,4.025262898139082557e-01,1.056633597651563061e+00
1.994000000000000128e+01,-7.568568191579594373e-02,-7.473691088267264693e-02,3.982525464452868480e-02,3.953203796411357551e-01,3.647716034195713775e-01,1.058722774622563811e+00
1.994999999999999929e+01,-7.317917940452667303e-02,-7.238298889616534559e-02,3.063674235738855778e-02,3.639781141550627597e-01,3.257214801930258252e-01,1.058242838668536301e+00
1.996000000000000085e+01,-6.854658512885281052e-02,-6.791346026848299466e-02,2.216532286793737594e-02,3.341207476162547652e-01,2.852710807073649546e-01,1.055414860730100379e+00
1.996999999999999886e+01,-6.174693892330684886e-02,-6.128557525239664017e-02,1.449218373075378263e-02,3.057690218431352580e-01,2.433353886375020370e-01,1.050468703951313643e+00
1.998000000000000043e+01,-5.276102358620227140e-02,-5.247814356211755182e-02,7.699836693967898604e-03,2.789293871769557009e-01,1.998507269592287861e-01,1.043638914320043742e+00
1.999000000000000199e+01,-4.159196908142759330e-02,-4.149221628637844717e-02,1.871073946105972219e-03,2.535934681148946934e-01,1.547753408778030915e-01,1.035159974556208784e+00
2.000000000000000000e+01,-2.826499588446296229e-02,-2.835091478888585037e-02,-2.912198019364153900e-03,2.297378168478120264e-01,1.080890766809686765e-01,1.025261327397336775e+00
2.001000000000000156e+01,-1.282630637603721091e-02,-1.309840863912370423e-02,-6.570238305243170096e-03,2.073239648706313165e-01,5.979225255267917039e-02,1.014162567133814807e+00
2.001999999999999957e+01,4.658801565848968984e-03,4.201889999879360182e-03,-9.026848676963350471e-03,1.862987687917670998e-01,9.903871644184714107e-03,1.002069148962255296e+00
2.003000000000000114e+01,2.410846631393315231e-02,2.346978962407497704e-02,-1.021082156357311366e-02,1.665950344331187383e-01,-4.154063355938042434e-02,9.891688923589851967e-01
2.003999999999999915e+01,4.542726587204737321e-02,4.461127070428760888e-02,-1.005742221474081877e-02,1.481323945364239059e-01,-9.449191745438334511e-02,9.756294569120531612e-01
2.005000000000000071e+01,6.850949583350451899e-02,6.752173072580047730e-02,-8.509857595031422584e-03,1.308184085554474629e-01,-1.488892803811396881e-01,9.615968653785712528e-01
2.005999999999999872e+01,9.324252310649949749e-02,9.208932517561507769e-02,-5.520674889051502277e-03,1.145498500747255122e-01,-2.046630603032277840e-01,9.471950555013732842e-01
2.007000000000000028e+01,1.195100355905196476e-01,1.181982217371251309e-01,-1.053025411726360439e-03,9.921414552295082512e-02,-2.617366467927025875e-01,9.325263606061462429e-01
2.008000000000000185e+01,1.471950375615264095e-01,1.457316159372842312e-01,4.918273779326187700e-03,8.469092965349656055e-02,-3.200279052566720739e-01,9.176727635715744569e-01
2.008999999999999986e+01,1.761824818169919205e-01,1.745743944878863640e-01,1.240594595223853958e-02,7.085368484477183593e-02,-3.794497706340217991e-01,9.026977362400365745e-01
2.010000000000000142e+01,2.063614709027798977e-01,2.046153749710376557e-01,2.140978712642793713e-02,5.757143445021983830e-02,-4.399097084289401161e-01,8.876484669213792200e-01
2.010999999999999943e+01,2.376269987576273834e-01,2.357490893479389227e-01,3.191656700092004861e-02,4.471046353687613273e-02,-5.013075934259048072e-01,8.725582888622338551e-01
2.012000000000000099e+01,2.698812366619071090e-01,2.678771121109737585e-01,4.390032348017292030e-02,3.213604309594475517e-02,-5.635313198574807281e-01,8.574491457291812946e-01
2.012999999999999901e+01,3.030343909157743321e-01,3.009089582257360451e-01,5.732305012240435094e-02,1.971413614574191175e-02,-6.264490101950087597e-01,8.423339622521032188e-01
2.014000000000000057e+01,3.370051749304477928e-01,3.347625920247316866e-01,7.213575151914908279e-02,7.313065585324962647e-03,-6.898959528106826111e-01,8.272188212665434470e-01
2.015000000000000213e+01,3.717209443118238976e-01,3.693645956063543734e-01,8.827981743142410131e-02,-5.194875618412697627e-03,-7.536531935871514376e-01,8.121048854633315939e-01
2.016000000000000014e+01,4.071175425470474618e-01,4.046500441182375729e-01,1.056886464202648757e-01,-1.793189138633588531e-02,-8.174129228057129826e-01,7.969900295484450004e-01
2.017000000000000171e+01,4.431388966880076552e-01,4.405621291011313501e-01,1.242894362341494530e-01,-3.101324666628801907e-02,-8.807237832958816348e-01,7.818701742665447041e-01
2.017999999999999972e+01,4.797363890807898046e-01,4.770515573124003983e-01,1.440050519370247306e-01,-4.454594962030322680e-02,-9.429092838921100395e-01,7.667403349431408666e-01
2.019000000000000128e+01,5.168680096978753857e-01,5.140757334427197289e-01,1.647558846666230536e-01,-5.862757382675876094e-02,-1.002962757932506888e+00,7.515954072695030241e-01
2.019999999999999929e+01,5.544972667189007609e-01,5.515977078331559813e-01,1.864616223217026025e-01,-7.334524237259498758e-02,-1.059461240539751437e+00,7.364307245202030838e-01
2.021000000000000085e+01,5.925917905289647125e-01,5.895848331179448509e-01,2.090428679451036276e-01,-8.877479592058801217e-02,-1.110619861064249259e+00,7.212424202815752583e-01
2.021999999999999886e+01,6.311215081055194798e-01,6.280070146813656606e-01,2.324225581350223280e-01,-1.049801645793162486e-01,-1.154644371373526601e+00,7.060276362341160183e-01
2.023000000000000043e+01,6.700561702614576953e-01,6.668343579094069273e-01,2.565271522988377129e-01,-1.220129615000575818e-01,-1.190318269114040373e+00,6.907846071754215611e-01
2.024000000000000199e+01,7.093618641488566023e-01,7.060338714561454898e-01,2.812875805314474231e-01,-1.399123102132380225e-01,-1.217387628396051857e+00,6.755126566164135760e-01
2.025000000000000000e+01,7.489958972485063482e-01,7.455646610665157548e-01,3.066399525194438702e-01,-1.587049130572817379e-01,-1.236428313630346887e+00,6.602121280014676685e-01
2.026000000000000156e+01,7.888990084350416820e-01,7.853706591229241418e-01,3.325260416150581655e-01,-1.784053596453187840e-01,-1.248422367640404040e+00,6.448842758310926460e-01
2.026999999999999957e+01,8.289831645628347179e-01,8.253692786881346999e-01,3.588935657178842220e-01,-1.990166670169882801e-01,-1.254405495541723869e+00,6.295311334310897955e-01
2.028000000000000114e+01,8.691119510027405237e-01,8.654332625535289258e-01,3.856962909419726637e-01,-2.205310333248818866e-01,-1.255296553006285842e+00,6.141553714840178868e-01
2.028999999999999915e+01,9.090686545482800085e-01,9.053611890842889753e-01,4.128939863712532965e-01,-2.429307797573406758e-01,-1.251852438813540136e+00,5.987601576905070555e-01
2.030000000000000071e+01,9.485044376184296189e-01,9.448295165786025906e-01,4.404522547887589345e-01,-2.661894472251823407e-01,-1.244678289624962852e+00,5.833490248978380199e-01
2.030999999999999872e+01,9.868571752227290883e-01,9.833168383886811137e-01,4.683422631693862082e-01,-2.902730090224679982e-01,-1.234253863384746186e+00,5.679257518940221683e-01
2.032000000000000028e+01,1.023237791406261366e+00,1.019995048529755977e+00,4.965403900117085212e-01,-3.151411569480392361e-01,-1.220960304082604253e+00,5.524942603625280224e-01
2.033000000000000185e+01,1.056316379089457413e+00,1.053610683553177108e+00,5.250278002420746271e-01,-3.407486172334595054e-01,-1.205102534994486607e+00,5.370585287127667140e-01
2.033999999999999986e+01,1.084332455784781546e+00,1.082462123446360946e+00,5.537899503391161549e-01,-3.670464541568665418e-01,-1.186926728163680167e+00,5.216225237028317974e-01
2.035000000000000142e+01,1.105437113710542762e+00,1.104676685197250485e+00,5.828160153331565230e-01,-3.939833220478080600e-01,-1.166633578760927881e+00,5.061901485388857758e-01
2.035999999999999943e+01,1.118364755343667305e+00,1.118850148831060487e+00,6.120982141669029097e-01,-4.215066332063586163e-01,-1.144388325061611589e+00,4.907652071935248994e-01
2.037000000000000099e+01,1.122923451030843900e+00,1.124610452910129954e+00,6.416309919760587732e-01,-4.495636145210948342e-01,-1.120328339350667779e+00,4.753513830572567711e-01
2.037999999999999901e+01,1.119852593692761467e+00,1.122578267920212980e+00,6.714099865235423348e-01,-4.781022343095412963e-01,-1.094568931533523859e+00,4.599522310568036065e-01
2.039000000000000057e+01,1.110313494107231680e+00,1.113880638652689825e+00,7.014306616665111349e-01,-5.070719874046215603e-01,-1.067207845005519573e+00,4.445711810192808366e-01
2.040000000000000213e+01,1.095482360026240221e+00,1.099709268695606257e+00,7.316864204307074182e-01,-5.364245349014791220e-01,-1.038328794585753556e+00,4.292115514292806910e-01
2.041000000000000014e+01,1.076373442074049835e+00,1.081109936107344183e+00,7.621658926561059033e-01,-5.661141998263354846e-01,-1.008004302303592503e+00,4.138765717978324377e-01
2.042000000000000171e+01,1.053806966053354000e+00,1.058934018289327650e+00,7.928489005502847853e-01,-5.960983261204947370e-01,-9.762980174677504674e-01,3.985694125391896492e-01
2.042999999999999972e+01,1.028433104029219836e+00,1.033857380453758745e+00,8.237002801842681077e-01,-6.263375115573356355e-01,-9.432666595439155310e-01,3.832932209826428460e-01
2.044000000000000128e+01,1.000767946482546300e+00,1.006415943330170260e+00,8.546601852919276654e-01,-6.567957278812528443e-01,-9.089616861370168888e-01,3.680511626321488761e-01
2.044999999999999929e+01,9.712260448583346362e-01,9.770392065734414544e-01,8.856285751312611421e-01,-6.874403425208952534e-01,-8.734307633320094189e-01,3.528464664373710535e-01
2.046000000000000085e+01,9.401460739096901831e-01,9.460770588217440880e-01,9.164400948154872717e-01,-7.182420565991756156e-01,-8.367190973932688847e-01,3.376824737675779842e-01
2.046999999999999886e+01,9.078100898118974804e-01,9.138200005207515186e-01,9.468234311049801288e-01,-7.491747729179690785e-01,-7.988706721408669331e-01,3.225626895817276241e-01
2.048000000000000043e+01,8.744577530625973205e-01,8.805140986425942229e-01,9.763372987133867031e-01,-7.802154064181334725e-01,-7.599294256361698308e-01,3.074908358252809171e-01
2.049000000000000199e+01,8.402968211258338149e-01,8.463720149399960313e-01,1.004277819148838846e+00,-8.113436475553249538e-01,-7.199403908958309506e-01,2.924709062108189483e-01
2.050000000000000000e+01,8.055109336066301751e-01,8.115811778600461324e-01,1.029572917033208412e+00,-8.425416865727120008e-01,-6.789508169614072441e-01,2.775072216739818964e-01
2.051000000000000156e+01,7.702654341984347397e-01,7.763098856055042907e-01,1.050742596602515455e+00,-8.737939038298895289e-01,-6.370112787682399302e-01,2.626044865353626134e-01
2.051999999999999957e+01,7.347117566918031084e-01,7.407118975658046889e-01,1.066092537929901773e+00,-9.050865291020593340e-01,-5.941767764388408146e-01,2.477678451786107239e-01
2.053000000000000114e+01,6.989907424147736581e-01,7.049299051743516120e-01,1.074237128566850830e+00,-9.364072681187211034e-01,-5.505078154814768698e-01,2.330029378224663938e-01
2.053999999999999915e+01,6.632351443586321782e-01,6.690981524733270458e-01,1.074650786013949144e+00,-9.677448926375672444e-01,-5.060714488447912718e-01,2.183159567563879300e-01
2.055000000000000071e+01,6.275714939273977500e-01,6.333443937846112703e-01,1.067748922788939847e+00,-9.990887832258352752e-01,-4.609422512920738901e-01,2.037137018411364631e-01
2.055999999999999872e+01,5.921214515839832160e-01,5.977913171571551665e-01,1.054506290272354097e+00,-1.030428412242185621e+00,-4.152031841585532845e-01,1.892036356868782576e-01
2.057000000000000028e+01,5.570027249463784802e-01,5.625575225997214712e-01,1.036032682469626653e+00,-1.061752743125088605e+00,-3.689462955850805748e-01,1.747939384396746121e-01
2.058000000000000185e+01,5.223296126506857817e-01,5.277581167633424997e-01,1.013338781416163625e+00,-1.093049517409807603e+00,-3.222731906605845742e-01,1.604935622051089084e-01
2.058999999999999986e+01,4.882132165904187748e-01,4.935049690130944300e-01,9.872648538126562734e-01,-1.124304381519726892e+00,-2.752951971772701345e-01,1.463122853446422456e-01
2.060000000000000142e+01,4.547613568243562554e-01,4.599066643282626599e-01,9.584865735141584464e-01,-1.155499796355623054e+00,-2.281331497569116518e-01,1.322607672314914939e-01
2.060999999999999943e+01,4.220782208940097036e-01,4.270681852290236780e-01,9.275443934787234168e-01,-1.186613636740337707e+00,-1.809167207994412663e-01,1.183506033708597860e-01
2.062000000000000099e+01,3.902637816353107247e-01,3.950903566169918779e-01,8.948743495931190672e-01,-1.217617357138973233e+00,-1.337832430848880372e-01,1.045943816372795210e-01
2.062999999999999901e+01,3.594130225047721394e-01,3.640690921979246042e-01,8.608336959113714881e-01,-1.248473539432924939e+00,-8.687599848879970499e-02,9.100574033702624188e-02
2.064000000000000057e+01,3.296150172317473537e-01,3.340944882293704898e-01,8.257205882064168057e-01,-1.279132558807122511e+00,-4.034198916440079330e-02,7.759942857668811200e-02
2.065000000000000213e+01,3.009519178353085023e-01,3.052498182425782414e-01,7.897887354920604119e-01,-1.309527975095555963e+00,5.670740726840928225e-03,6.439136955539093154e-02
2.066000000000000014e+01,2.734979105817999523e-01,2.776104880316611068e-01,7.532581879733493135e-01,-1.339570081454148465e+00,5.101610943316237101e-02,5.139872844470394497e-02
2.067000000000000171e+01,2.473182043937259822e-01,2.512430142200929861e-01,7.163232569226081203e-01,-1.369136767921016684e+00,9.555315488460508488e-02,3.863998502903254195e-02
2.067999999999999972e+01,2.224681133677411937e-01,2.262040901617161648e-01,6.791583192510164402e-01,-1.398060506500188094e+00,1.391491359950677853e-01,2.613501257464845295e-02
2.069000000000000128e+01,1.989922912250992049e-01,2.025397966548536655e-01,6.419220487865386904e-01,-1.426109827221945014e+00,1.816823570291921652e-01,1.390516448725331866e-02
2.069999999999999929e+01,1.769241653831521432e-01,1.802850071092151341e-01,6.047604577421336058e-01,-1.452963338772965685e+00,2.230445092995665957e-01,1.973369555579584933e-03
2.071000000000000085e+01,1.562856047481248067e-01,1.594630231566056544e-01,5.678090173790990569e-01,-1.478174754202508767e+00,2.631423662635173910e-01,-9.635763150702358892e-03
2.071999999999999886e+01,1.370868400238545171e-01,1.400854613778858004e-01,5.311940489194715287e-01,-1.501130168739921666e+00,3.018987304239341696e-01,-2.089582666711109482e-02
2.073000000000000043e+01,1.193266389601816968e-01,1.221523956271969302e-01,4.950335228331982362e-01,-1.521007481755404456e+00,3.392526021593733065e-01,-3.177848640274671954e-02
2.074000000000000199e+01,1.029927238133110379e-01,1.056527439771889343e-01,4.594373707979703125e-01,-1.536766729307603718e+00,3.751586104020026569e-01,-4.225333548538634520e-02
2.075000000000000000e+01,8.806240544688892502e-02,9.056487616639585791e-02,4.245073947543953619e-01,-1.547225242723323291e+00,4.095858023646354873e-01,-5.228773452573665104e-02
2.076000000000000156e+01,7.450339899574653924e-02,7.685740743080315962e-02,3.903368479169185834e-01,-1.551268777155744960e+00,4.425159274890545502e-01,-6.184663437905013605e-02
2.076999999999999957e+01,6.227478017038945435e-02,6.449013833070049717e-02,3.570097584358716825e-01,-1.548161037545449759e+00,4.739413675569851825e-01,-7.089238151976273716e-02
2.078000000000000114e+01,5.132803902594362810e-02,5.341509753792661463e-02,3.246000688671875078e-01,-1.537774992323068357e+00,5.038628617043265923e-01,-7.938450558736964702e-02
2.078999999999999915e+01,4.160818892906126276e-02,4.357764503938954537e-02,2.931706671143082810e-01,-1.520577500769510149e+00,5.322871571284160108e-01,-8.727949052938877017e-02
2.080000000000000071e+01,3.305489179980458658e-02,3.491759638946234645e-02,2.627723875963006162e-01,-1.497405335363586776e+00,5.592246882800926411e-01,-9.453053079544215809e-02
2.080999999999999872e+01,2.560356573687239123e-02,2.737033345665740303e-02,2.334430629618787778e-01,-1.469210852534362122e+00,5.846873556012288642e-01,-1.010872773289197557e-01
2.082000000000000028e+01,1.918644712137973496e-02,2.086787303880854871e-02,2.052067040447224100e-01,-1.436895463234474812e+00,6.086864428808780314e-01,-1.068955795933798081e-01
2.083000000000000185e+01,1.373358559174486793e-02,1.533987104726508566e-02,1.780728789640809717e-01,-1.401239262921302631e+00,6.312306828766146571e-01,-1.118972346161422049e-01
2.083999999999999986e+01,9.173756409335709350e-03,1.071454605874777588e-02,1.520363520001934976e-01,-1.362889631947410640e+00,6.523244553375622257e-01,-1.160297575768041156e-01
2.085000000000000142e+01,5.435280348129567507e-03,6.919511775887787763e-03,1.270770271608103741e-01,-1.322375374245644108e+00,6.719660824803452837e-01,-1.192261960631249007e-01
2.085999999999999943e+01,2.446746143178635258e-03,3.882512897329548629e-03,1.031602241517980412e-01,-1.280127829303740805e+00,6.901461617273041416e-01,-1.214150175240810148e-01
2.087000000000000099e+01,1.376346164700947838e-04,1.532063070004641148e-03,8.023729539147861356e-02,-1.236501064796832416e+00,7.068458674020230426e-01,-1.225201092551396753e-01
2.087999999999999901e+01,-1.561153129516212879e-03,-2.020130455795410285e-04,5.824657394357990459e-02,-1.191788651820261391e+00,7.220351262276021309e-01,-1.224609423165843314e-01
2.089000000000000057e+01,-2.716858579727587930e-03,-1.388129007718341690e-03,3.711462560782041731e-02,-1.146236758073462481e+00,7.356705528196371136e-01,-1.211529632086991715e-01
2.090000000000000213e+01,-3.394513086134143265e-03,-2.092570691052286769e-03,1.675776449057031492e-02,-1.100054042316856551e+00,7.476929996381513899e-01,-1.185082895120646018e-01
2.091000000000000014e+01,-3.656661696771590364e-03,-2.379207549058848237e-03,-2.916218696912498132e-03,-1.053418979757543283e+00,7.580245355431068921e-01,-1.144367960866179423e-01
2.092000000000000171e+01,-3.563155062536460527e-03,-2.309272675274587350e-03,-2.200617298918816633e-02,-1.006485186530162279e+00,7.665646066787450419e-01,-1.088476810779523962e-01
2.092999999999999972e+01,-3.171000607637974866e-03,-1.941202926538654339e-03,-4.061560696671218107e-02,-9.593851995528475118e-01,7.731850490257256014e-01,-1.016515925219373395e-01
2.094000000000000128e+01,-2.534264295509291998e-03,-1.330530464366819210e-03,-5.885067238160157643e-02,-9.122330641667601991e-01,7.777235141105400817e-01,-9.276336858648404071e-02
2.094999999999999929e+01,-1.704014479580129304e-03,-5.298172312356852487e-04,-7.681816617533621105e-02,-8.651259978284128183e-01,7.799747226348708873e-01,-8.210539053439525059e-02
2.096000000000000085e+01,-7.282999828591707470e-04,4.113755232330040812e-04,-9.462360424760851707e-02,-8.181453401272664738e-01,7.796788226084769846e-01,-6.961146364054082714e-02
2.096999999999999886e+01,3.478450670449939608e-04,1.446490167123948289e-03,-1.123694089074172009e-01,-7.713569612640558404e-01,7.765060898153639535e-01,-5.523102808425295329e-02
2.098000000000000043e+01,1.482376356026104958e-03,2.531954791250012882e-03,-1.301532526070220408e-01,-7.248112748991555332e-01,7.700376261276185019e-01,-3.893337276594688312e-02
2.099000000000000199e+01,2.636200458478454856e-03,3.627150593089045749e-03,-1.480665873193084403e-01,-6.785429927268922246e-01,7.597435652131994122e-01,-2.071140537316684682e-02
2.100000000000000000e+01,3.773127347033056189e-03,4.694370054267871240e-03,-1.661933854262639398e-01,-6.325707508296647408e-01,7.449661585161148070e-01,-5.844599447735188136e-04
2.101000000000000156e+01,4.859819008001919904e-03,5.698770554369403385e-03,-1.846091107021250455e-01,-5.868967369554544122e-01,7.249305899001813325e-01,2.140036156367686182e-02
2.101999999999999957e+01,5.865738044487867064e-03,6.608327559508464510e-03,-2.033799309603442351e-01,-5.415064475167611358e-01,6.988384141574341957e-01,4.516868850823518855e-02
2.103000000000000114e+01,6.763099937763694669e-03,7.393790880759087969e-03,-2.225621776710420274e-01,-4.963686968515684250e-01,6.661318950762400437e-01,7.062136010690500676e-02
2.103999999999999915e+01,7.526831589282134694e-03,8.028646811863771049e-03,-2.422020514666372026e-01,-4.514359930251899966e-01,6.269452371636212717e-01,9.763872247085003675e-02
2.105000000000000071e+01,8.134538495067067387e-03,8.489088470796990471e-03,-2.623355661182107390e-01,-4.066453713170149475e-01,5.824370390999535907e-01,1.260862955683186293e-01
2.105999999999999872e+01,8.566482190051960544e-03,8.753995995395502661e-03,-2.829887177739306425e-01,-3.619197573131969214e-01,5.345071461288122272e-01,1.558211628752808053e-01
2.107000000000000028e+01,8.805569067765750546e-03,8.804927705962417583e-03,-3.041778603342610854e-01,-3.171698863515381994e-01,4.850411888453982079e-01,1.866983754101351201e-01
2.108000000000000185e+01,8.837351316664521228e-03,8.626122966020277616e-03,-3.259102630566097503e-01,-2.722967709229642264e-01,4.354011826137059726e-01,2.185767428081781816e-01
2.108999999999999986e+01,8.650039866438863356e-03,8.204516571629349997e-03,-3.481848235765162558e-01,-2.271946570029550472e-01,3.863914065590964286e-01,2.513235659300872005e-01
2.110000000000000142e+01,8.234528876077451542e-03,7.529764155536300407e-03,-3.709929028331937495e-01,-1.817543679453192951e-01,3.384312916608202548e-01,2.848180884204545293e-01
2.110999999999999943e+01,7.584430622223470309e-03,6.594277388507374660e-03,-3.943192514740954113e-01,-1.358668915189197302e-01,2.917211056175362249e-01,3.189536500455232293e-01
2.112000000000000099e+01,6.696118984277354969e-03,5.393267090778697259e-03,-4.181429927255608803e-01,-8.942703763898640634e-02,2.463485390228241645e-01,3.536386765224937001e-01
2.112999999999999901e+01,5.568779073051199902e-03,3.924791700392504801e-03,-4.424386294718172241e-01,-4.233697688495818845e-02,2.023483100316733063e-01,3.887967252699137122e-01
2.114000000000000057e+01,4.204459809042604412e-03,2.189807811952548811e-03,-4.671770448720390378e-01,5.490528706258768210e-03,1.597337917018488707e-01,4.243658337432285599e-01
2.115000000000000213e+01,2.608125523658966216e-03,1.922187813147013813e-04,-4.923264690167741264e-01,5.412937379707460916e-02,1.185134975347360564e-01,4.602973984943959929e-01
2.116000000000000014e+01,7.877019092181747340e-04,-2.061083329650714724e-03,-5.178533883700759954e-01,1.036379740314087305e-01,7.869960764492378580e-02,4.965547731995385572e-01
2.117000000000000171e+01,-1.245889100128017013e-03,-4.560187899740886230e-03,-5.437233791927742477e-01,1.540578371501832855e-01,4.031230778199401676e-02,5.331117202843642655e-01
2.117999999999999972e+01,-3.478711585954807894e-03,-7.292154010489992899e-03,-5.699018510034110641e-01,2.054128782085351546e-01,3.381878536980020833e-03,5.699507966726153896e-01
2.119000000000000128e+01,-5.893821688012446103e-03,-1.024102330394438543e-02,-5.963546918429184496e-01,2.577094602508083199e-01,-3.205048137448962553e-02,6.070617033444736244e-01
2.119999999999999929e+01,-8.471304461187045831e-03,-1.338786426781068961e-02,-6.230488104262101867e-01,3.109370906141446511e-01,-6.593260993867766651e-02,6.444395702605597576e-01
2.121000000000000085e+01,-1.118834875325891431e-02,-1.671085475378586427e-02,-6.499525757750816979e-01,3.650696602781342559e-01,-9.820188526511930416e-02,6.820830978360309382e-01
2.121999999999999886e+01,-1.401936715508456111e-02,-2.018540934670987053e-02,-6.770361570143870189e-01,4.200670838268902862e-01,-1.287861835091822504e-01,7.199923930406324502e-01
2.123000000000000043e+01,-1.693616755704163701e-02,-2.378435745219198427e-02,-7.042717703927077189e-01,4.758771784272254335e-01,-1.576052681798565391e-01,7.581662244088461788e-01
2.124000000000000199e+01,-1.990818192659460362e-02,-2.747817705085708884e-02,-7.316338408392153436e-01,5.324376187118571302e-01,-1.845726159174380099e-01,7.965982421153026127e-01
2.125000000000000000e+01,-2.290275651657758260e-02,-3.123528747437509523e-02,-7.590990878597115854e-01,5.896778059925039672e-01,-2.095976904773988458e-01,8.352713734452305028e-01
2.126000000000000156e+01,-2.588550583233817370e-02,-3.502240274484336169e-02,-7.866465455587715594e-01,6.475205037232643068e-01,-2.325886634180035495e-01,8.741490226140317121e-01
2.126999999999999957e+01,-2.882073033270238227e-02,-3.880494459862127155e-02,-8.142575267393077354e-01,7.058831019137346008e-01,-2.534555515963999861e-01,9.131606065099753256e-01
2.128000000000000114e+01,-3.167189523136304530e-02,-4.254751188888306057e-02,-8.419155405401579362e-01,7.646783820473561644e-01,-2.721137046839195994e-01,9.521769049625192771e-01
2.128999999999999915e+01,-3.440216466228152026e-02,-4.621440013615962794e-02,-8.696061722542128836e-01,8.238146509708853538e-01,-2.884875287644974584e-01,9.909668135409863687e-01
2.130000000000000071e+01,-3.697498256222664370e-02,-4.977016231084840925e-02,-8.973169328703837211e-01,8.831950953352649680e-01,-3.025142873799004928e-01,1.029120215641369018e+00
2.130999999999999872e+01,-3.935468852013102037e-02,-5.318019930331474576e-02,-9.250370846320096208e-01,9.427161628983250496e-01,-3.141477755533746974e-01,1.065911709860192014e+00
2.132000000000000028e+01,-4.150715438244323430e-02,-5.641136636343757615e-02,-9.527574475311220148e-01,1.002264699108758261e+00,-3.233616409400267289e-01,1.100077162772994610e+00
2.133000000000000185e+01,-4.340042499194540770e-02,-5.943257988996430985e-02,-9.804701900364571898e-01,1.061713437476640154e+00,-3.301521091975382349e-01,1.129533107786449664e+00
2.133999999999999986e+01,-4.500534565169012069e-02,-6.221540853922968850e-02,-1.008168606404996837e+00,1.120914233151531603e+00,-3.345398954212822629e-01,1.151319333690993929e+00
2.135000000000000142e+01,-4.629615800019482030e-02,-6.473463205195029158e-02,-1.035846880150915084e+00,1.179688123435039149e+00,-3.365711227575975961e-01,1.162388663383263854e+00
2.135999999999999943e+01,-4.725104705648874859e-02,-6.696875256220224948e-02,-1.063499832939807321e+00,1.237810851509595356e+00,-3.363171412044005937e-01,1.161205282493128488e+00
2.137000000000000099e+01,-4.785262384038790895e-02,-6.890044471684475536e-02,-1.091122655597527080e+00,1.294991917354183286e+00,-3.338732242800818151e-01,1.148465599000542348e+00
2.137999999999999901e+01,-4.808833094758901971e-02,-7.051693403304060137e-02,-1.118710615397725761e+00,1.350844666092227975e+00,-3.293562138977759179e-01,1.126175012288314736e+00
2.139000000000000057e+01,-4.795076197307468480e-02,-7.181029597627475169e-02,-1.146258733278235686e+00,1.404844998511612486e+00,-3.229012699619436821e-01,1.096486895984528642e+00
2.140000000000000213e+01,-4.743789042005930323e-02,-7.277767266013790426e-02,-1.173761416763245968e+00,1.456278790617850927e+00,-3.146579499084420362e-01,1.061190089108070111e+00
2.141000000000000014e+01,-4.655320805914131554e-02,-7.342140784210604565e-02,-1.201212038588616471e+00,1.504187231910855793e+00,-3.047858866534386979e-01,1.021649237682928479e+00
2.142000000000000171e+01,-4.530577785951495073e-02,-7.374910544115209632e-02,-1.228602436211340354e+00,1.547341443408790651e+00,-2.934503469171579892e-01,9.788888409441338645e-01
2.142999999999999972e+01,-4.371021094941207608e-02,-7.377362039719281839e-02,-1.255922308810572208e+00,1.584311843586263535e+00,-2.808179383623333747e-01,9.336887374554790897e-01
2.144000000000000128e+01,-4.178658107507937647e-02,-7.351299447277848120e-02,-1.283158471886873819e+00,1.613705692639110456e+00,-2.670526965562703414e-01,8.866586090274962695e-01
2.144999999999999929e+01,-3.956029324095244881e-02,-7.299035180002799716e-02,-1.310293922196543281e+00,1.634546592230622597e+00,-2.523127312177809722e-01,8.382906211884455505e-01
2.146000000000000085e+01,-3.706192564414034774e-02,-7.223377169100542172e-02,-1.337306642776934451e+00,1.646582237269965887e+00,-2.367475522936035304e-01,7.889956515339562326e-01
2.146999999999999886e+01,-3.432706587404255050e-02,-7.127615724317148960e-02,-1.364168052657499741e+00,1.650288809873274865e+00,-2.204961372571417888e-01,7.391282168352926174e-01
2.148000000000000043e+01,-3.139616277103440822e-02,-7.015511926082207417e-02,-1.390840969351428313e+00,1.646602072227346891e+00,-2.036857506441332455e-01,6.890037558673796081e-01
2.149000000000000199e+01,-2.831441617394292454e-02,-6.891289524781674114e-02,-1.417276896362904992e+00,1.636602697559423447e+00,-1.864314826029657146e-01,6.389106752668920475e-01
2.150000000000000000e+01,-2.513172812343178464e-02,-6.759632507388857459e-02,-1.443412373183038611e+00,1.621311138392068640e+00,-1.688364432389949932e-01,5.891186882248398149e-01
2.151000000000000156e+01,-2.190273583264801260e-02,-6.625690180326349044e-02,-1.469164018780379610e+00,1.601602883759534190e+00,-1.509925283495426596e-01,5.398844001275634463e-01
2.151999999999999957e+01,-1.868695423770483366e-02,-6.495092258959289655e-02,-1.494421754188410612e+00,1.578196086506072904e+00,-1.329816615751895359e-01,4.914547272268777744e-01
2.153000000000000114e+01,-1.554905083542901245e-02,-6.373976095653688390e-02,-1.519039510302868656e+00,1.551669540106038969e+00,-1.148774139037577469e-01,4.440685085621248751e-01
2.153999999999999915e+01,-1.255928375385650941e-02,-6.269028775742613302e-02,-1.542822534828254266e+00,1.522488401189161067e+00,-9.674690313003138364e-02,3.979565448783990433e-01
2.155000000000000071e+01,-9.794136210817039334e-03,-6.187546964823753548e-02,-1.565510318362093756e+00,1.491028418817303747e+00,-7.865288113580536089e-02,3.533402454793045377e-01
2.155999999999999872e+01,-7.337188155816853907e-03,-6.137517962963057183e-02,-1.586754454948338555e+00,1.457595942960916657e+00,-6.065592262107158406e-02,3.104290697641081120e-01
2.157000000000000028e+01,-5.280272617067205410e-03,-6.127725708654230274e-02,-1.606092139074359215e+00,1.422443572962477809e+00,-4.281663597491525142e-02,2.694169915063118204e-01
2.158000000000000185e+01,-3.724972045056729186e-03,-6.167885371451942156e-02,-1.622919852323477130e+00,1.385782122653357318e+00,-2.519782262344899548e-02,2.304782853269332632e-01
2.158999999999999986e+01,-2.784512384799819884e-03,-6.268809569222999478e-02,-1.636479940684209211e+00,1.347789703362770597e+00,-7.866515803429452447e-03,1.937630013699717102e-01
2.160000000000000142e+01,-2.586098764919331217e-03,-6.442605187336258865e-02,-1.645885062248423125e+00,1.308618624109619155e+00,9.104167201038626533e-03,1.593925457325741091e-01
2.160999999999999943e+01,-3.273681411776419026e-03,-6.702890345456002930e-02,-1.650212640657991781e+00,1.268400660168854666e+00,2.563342373846128064e-02,1.274557941024677676e-01
2.162000000000000099e+01,-5.010979484882382984e-03,-7.064996845826965188e-02,-1.648679685275357576e+00,1.227251104283304084e+00,4.163147921525517381e-02,9.800612630986749174e-02
2.162999999999999901e+01,-7.984182795512551056e-03,-7.546067143534990196e-02,-1.640843212182117039e+00,1.185271906839449940e+00,5.699867852868822915e-02,7.105968243318960820e-02
2.164000000000000057e+01,-1.240276576575694012e-02,-8.164826665298136055e-02,-1.626714400886244194e+00,1.142554129135997076e+00,7.162501818487387872e-02,4.659501405774546523e-02
2.165000000000000213e+01,-1.849457577771157490e-02,-8.940531596542639070e-02,-1.606715387148217156e+00,1.099179873726860768e+00,8.539017858101127789e-02,2.455416452694447749e-02
2.166000000000000014e+01,-2.648643608701417573e-02,-9.890024312181125432e-02,-1.581522562020338807e+00,1.055223811909850262e+00,9.816410938918640472e-02,4.845077631025263010e-03
2.167000000000000171e+01,-3.655229727596295830e-02,-1.102089830964440020e-01,-1.551898255434682294e+00,1.010754396633986918e+00,1.098082097513594091e-01,-1.265487192516434600e-02
2.167999999999999972e+01,-4.870019113706061664e-02,-1.231818812331014201e-01,-1.518575611622325017e+00,9.658348249268280394e-01,1.201771263807509538e-01,-2.809450152209991280e-02
2.169000000000000128e+01,-6.258197201121536157e-02,-1.372530271767189725e-01,-1.482203734360256542e+00,9.205237980319923574e-01,1.291211668804908008e-01,-4.164389897149933795e-02
2.169999999999999929e+01,-7.731180236379145421e-02,-1.513303825929942503e-01,-1.443333352515444812e+00,8.748761135827770596e-01,1.364892911996321567e-01,-5.348924917236219656e-02
2.171000000000000085e+01,-9.155186917491531240e-02,-1.640263350762506955e-01,-1.402422631520271468e+00,8.289431145440236959e-01,1.421326029491933873e-01,-6.382766742740975108e-02
2.171999999999999886e+01,-1.039966646233292658e-01,-1.742010410366308382e-01,-1.359850259533790906e+00,7.827730141555742094e-01,1.459082161004005007e-01,-7.286224689563036705e-02
2.173000000000000043e+01,-1.138561320255161713e-01,-1.813231585417780789e-01,-1.315929453702036289e+00,7.364111091466474246e-01,1.476833258510940050e-01,-8.079747287524685628e-02
2.174000000000000199e+01,-1.209213893286848196e-01,-1.853969745275989012e-01,-1.270920349268884531e+00,6.898998916914036439e-01,1.473392723045905406e-01,-8.783510341336542293e-02
2.175000000000000000e+01,-1.253470725698030419e-01,-1.867086322250985919e-01,-1.225040076643678200e+00,6.432790678121115269e-01,1.447753568223695275e-01,-9.417057004352125116e-02
2.176000000000000156e+01,-1.274357521189076747e-01,-1.856324008097477996e-01,-1.178470593916230769e+00,5.965854906068076557e-01,1.399121618196051964e-01,-9.998991614647434467e-02
2.176999999999999957e+01,-1.275172156978028881e-01,-1.825361962637521152e-01,-1.131364596358237939e+00,5.498530171774064224e-01,1.326941413533319070e-01,-1.054672635699931416e-01
2.178000000000000114e+01,-1.258987311551628685e-01,-1.777483032218908909e-01,-1.083849865793079514e+00,5.031123009973614835e-01,1.230912900364090623e-01,-1.107627804341088096e-01
2.178999999999999915e+01,-1.228506207594969313e-01,-1.715515530420391732e-01,-1.036032388613452815e+00,4.563905361320137466e-01,1.110997643462320328e-01,-1.160211124189360898e-01
2.180000000000000071e+01,-1.186061493491852303e-01,-1.641874716475114626e-01,-9.879985189853927041e-01,4.097111741542832641e-01,9.674141183336504302e-02,-1.213702349266683189e-01
2.180999999999999872e+01,-1.133661433185380041e-01,-1.558630010200765525e-01,-9.398164169687018843e-01,3.630936406662268467e-01,8.006225247552278823e-02,-1.269206830877438463e-01
2.182000000000000028e+01,-1.073045004364880928e-01,-1.467570652251483088e-01,-8.915369540174699070e-01,3.165530831667461298e-01,6.113003980693820782e-02,-1.327651177390476445e-01
2.183000000000000185e+01,-1.005732335819171652e-01,-1.370261566665654795e-01,-8.431942536577005098e-01,2.701001863235786837e-01,4.003109527389636657e-02,-1.389781898172688379e-01
2.183999999999999986e+01,-9.330668056079693962e-02,-1.268088286551128929e-01,-7.948060177788065506e-01,2.237410909831378525e-01,1.686665215620930525e-02,-1.456166683015084340e-01
2.185000000000000142e+01,-8.562487525555506629e-02,-1.162292122023926844e-01,-7.463737779269187245e-01,1.774774507741187501e-01,-8.251040454378633093e-03,-1.527198030514421156e-01
2.185999999999999943e+01,-7.763618807538430477e-02,-1.053997256421712603e-01,-6.978832013316812466e-01,1.313066526122209365e-01,-3.520261525102497124e-02,-1.603098947091215476e-01
2.187000000000000099e+01,-6.943936295979646900e-02,-9.442313580709760235e-02,-6.493045724248687200e-01,8.522221509079777602e-02,-6.386528024073445664e-02,-1.683930490923927770e-01
2.187999999999999901e+01,-6.112506499975456364e-02,-8.339410034600081012e-02,-6.005935537497181231e-01,3.921436357200738798e-02,-9.411614931585754462e-02,-1.769600949401891610e-01
2.189000000000000057e+01,-5.277703273598055578e-02,-7.240029477678688874e-02,-5.516923132092623749e-01,-6.729237350821357100e-03,-1.258351026863310240e-01,-1.859876436946161227e-01
2.190000000000000213e+01,-4.447290922046565065e-02,-6.152320389294063663e-02,-5.025310758223962004e-01,-5.262262933724450031e-02,-1.589071199596807649e-01,-1.954392743314228853e-01
2.191000000000000014e+01,-3.628481066458910664e-02,-5.083863994084425464e-02,-4.530301247209959081e-01,-9.848063261437718652e-02,-1.932240718940233526e-01,-2.052668219180237563e-01
2.192000000000000171e+01,-2.827967990634294715e-02,-4.041703805409957440e-02,-4.031022357627174202e-01,-1.443179015781204111e-01,-2.286859882617511275e-01,-2.154117493711427966e-01
2.192999999999999972e+01,-2.051946320727615625e-02,-3.032357089292414543e-02,-3.526554908277577116e-01,-1.901480205199833351e-01,-2.652018404475661173e-01,-2.258065837696818789e-01
2.194000000000000128e+01,-1.306114421544668502e-02,-2.061811949708436398e-02,-3.015963726849274495e-01,-2.359826903904371220e-01,-3.026898860490996324e-01,-2.363763935935569993e-01
2.194999999999999929e+01,-5.956665998104626603e-03,-1.135513433250978643e-02,-2.498330104129881102e-01,-2.818310454626984929e-01,-3.410776186028768864e-01,-2.470402850509811066e-01
2.196000000000000085e+01,7.472305633682285730e-04,-2.583419343328507978e-03,-1.972784204996008706e-01,-3.276991238005405038e-01,-3.803013526679345224e-01,-2.577128944655491805e-01
2.196999999999999886e+01,7.009223328530600483e-03,5.654129746648806076e-03,-1.438535794824573610e-01,-3.735894994283542880e-01,-4.203054466642812126e-01,-2.683058537808243882e-01
2.198000000000000043e+01,1.279365266307319615e-02,1.332080180929873237e-02,-8.949016865981529456e-02,-4.195010693967788362e-01,-4.610411232020745209e-01,-2.787292068881331297e-01
2.199000000000000199e+01,1.807076572359722633e-02,2.038633196669004111e-02,-3.413285459557469093e-02,-4.654289777457329413e-01,-5.024647800585475554e-01,-2.888927557847276173e-01
2.200000000000000000e+01,2.281693512098625920e-02,2.682712163911449288e-02,2.225899508020501294e-02,-5.113646507277274100e-01,-5.445355784403888011e-01,-2.987073173876860221e-01
2.201000000000000156e+01,2.701482846402514237e-02,3.262639294838387549e-02,7.971021437478742477e-02,-5.572959142262506882e-01,-5.872119225672953746e-01,-3.080858745126758835e-01
2.201999999999999957e+01,3.065350853217396754e-02,3.777425826042857260e-02,1.382293617130124774e-01,-6.032071639965648213e-01,-6.304461482079524171e-01,-3.169446075500472748e-01
2.203000000000000114e+01,3.372844753408377194e-02,4.226769096767779565e-02,1.978088117046339356e-01,-6.490795619390581361e-01,-6.741762370752346634e-01,-3.252037964545874127e-01
2.203999999999999915e+01,3.624144441850574161e-02,4.611038944022938235e-02,2.584253166184864448e-01,-6.948912352049581020e-01,-7.183124782293183186e-01,-3.327885868991015128e-01
2.205000000000000071e+01,3.820043956971408416e-02,4.931253250963951729e-02,3.200408965553679375e-01,-7.406174592299750170e-01,-7.627154757161503928e-01,-3.396296175430312814e-01
2.205999999999999872e+01,3.961922667139128329e-02,5.189043075475741063e-02,3.826038831779915994e-01,-7.862308104788535701e-01,-8.071593868143082107e-01,-3.456635093044480023e-01
2.207000000000000028e+01,4.051706735052085229e-02,5.386608304622464427e-02,4.460499144641043023e-01,-8.317012777594730011e-01,-8.512708280436309671e-01,-3.508332206379651819e-01
2.208000000000000185e+01,4.091821872653200742e-02,5.526665233275618316e-02,5.103026491908483342e-01,-8.769963247137362305e-01,-8.944318698825400871e-01,-3.550882758073161116e-01
2.208999999999999986e+01,4.085138797701859392e-02,5.612387748856817460e-02,5.752739371874093788e-01,-9.220808965161324533e-01,-9.356460020744812311e-01,-3.583848754250230639e-01
2.210000000000000142e+01,4.034913078188906432e-02,5.647344000041021328e-02,6.408631249573089050e-01,-9.669173670867041714e-01,-9.734190832996620912e-01,-3.606859008603545691e-01
2.210999999999999943e+01,3.944721206532686431e-02,5.635430460842494327e-02,7.069550877047899862e-01,-1.011465420732144516e+00,-1.005829017212360288e+00,-3.619608247378979238e-01
2.212000000000000099e+01,3.818394760908749852e-02,5.580805234694719008e-02,7.734164270302203992e-01,-1.055681863516698904e+00,-1.031009021737040232e+00,-3.621855405890676005e-01
2.212999999999999901e+01,3.659954477031457376e-02,5.487822299426803330e-02,8.400890268973102426e-01,-1.099520356186182601e+00,-1.047892337500775373e+00,-3.613421264080335371e-01
2.214000000000000057e+01,3.473545852555037783e-02,5.360968148549072332e-02,9.067797783619803154e-01,-1.142931060100831342e+00,-1.056556554007607174e+00,-3.594185540012745927e-01
2.215000000000000213e+01,3.263377708356052231e-02,5.204802033029465314e-02,9.732447232328435005e-01,-1.185860182147679298e+00,-1.057894215189497000e+00,-3.564083578388138052e-01
2.216000000000000014e+01,3.033664857797657710e-02,5.023900717501417201e-02,1.039165156020855685e+00,-1.228249402191257555e+00,-1.053075470317793139e+00,-3.523102752581025454e-01
2.217000000000000171e+01,2.788575746597954375e-02,4.822808385678956089e-02,1.104112636633691302e+00,-1.270035158219296800e+00,-1.043208383361433622e+00,-3.471278679135950673e-01
2.217999999999999972e+01,2.532185645512419203e-02,4.605992067041386751e-02,1.167500454831287282e+00,-1.311147759973750215e+00,-1.029219896576385462e+00,-3.408691349014382199e-01
2.219000000000000128e+01,2.268435708618443680e-02,4.377802722530588220e-02,1.228523802493295403e+00,-1.351510287729659865e+00,-1.011849675076043953e+00,-3.335461254071880877e-01
2.219999999999999929e+01,2.001097968533849247e-02,4.142441928726703360e-02,1.286105875082118377e+00,-1.391037224138268691e+00,-9.916807809917270733e-01,-3.251745569782461542e-01
2.221000000000000085e+01,1.733746136214819877e-02,3.903933937967241086e-02,1.338898347423389090e+00,-1.429632742738776496e+00,-9.691748421372773370e-01,-3.157734455942745599e-01
2.221999999999999886e+01,1.469731904477766804e-02,3.666102769589230093e-02,1.385417136237112601e+00,-1.467188561263326196e+00,-9.447018220473468730e-01,-3.053647512773243200e-01
2.223000000000000043e+01,1.212166328374686408e-02,3.432553897391710240e-02,1.424358939805629998e+00,-1.503581229092571636e+00,-9.185629160279514815e-01,-2.939730415207336689e-01
2.224000000000000199e+01,9.639057670034922864e-03,3.206660042339770644e-02,1.454978768657650523e+00,-1.538668679243403670e+00,-8.910075673217224823e-01,-2.816251754488335868e-01
2.225000000000000000e+01,7.275418130897159941e-03,2.991550551299659855e-02,1.477268233301888056e+00,-1.572285827315263118e+00,-8.622459993177503668e-01,-2.683500086435454124e-01
2.226000000000000156e+01,5.053946152219102039e-03,2.790103831289292291e-02,1.491818030158279740e+00,-1.604238924463633253e+00,-8.324584672185456613e-01,-2.541781185804662391e-01
2.226999999999999957e+01,2.995089926024707694e-03,2.604942324404835308e-02,1.499520923210576395e+00,-1.634298313783728140e+00,-8.018021412941274129e-01,-2.391415501090851103e-01
2.228000000000000114e+01,1.116527676320644424e-03,2.438429529083641079e-02,1.501319638241101817e+00,-1.662189175920476991e+00,-7.704162763853396045e-01,-2.232735793210809394e-01
2.228999999999999915e+01,-5.668323321540436055e-04,2.292668612912363013e-02,1.498071353717747911e+00,-1.687579871886344840e+00,-7.384261311131830041e-01,-2.066084934265440820e-01
2.230000000000000071e+01,-2.042840047692062733e-03,2.169502197439954205e-02,1.490502298659454716e+00,-1.710067718023787098e+00,-7.059459603836897301e-01,-1.891813844826828461e-01
2.230999999999999872e+01,-3.302084657138215640e-03,2.070512950426151022e-02,1.479208543168370804e+00,-1.729162772295422368e+00,-6.730813074694868003e-01,-1.710279538666222843e-01
2.232000000000000028e+01,-4.337872271321541184e-03,1.997024661500979015e-02,1.464673917559131677e+00,-1.744272080482324405e+00,-6.399307530027664725e-01,-1.521843240070200887e-01
2.233000000000000185e+01,-5.146203583996866726e-03,1.950103539474123959e-02,1.447291129555644762e+00,-1.754690838449698642e+00,-6.065872305408572807e-01,-1.326868541372830945e-01
2.233999999999999986e+01,-5.725754286918238734e-03,1.930559503685413958e-02,1.427380797147442593e+00,-1.759614096899379643e+00,-5.731389838222147315e-01,-1.125719564192392275e-01
2.235000000000000142e+01,-6.077860331363371671e-03,1.938947311034300292e-02,1.405207024583304598e+00,-1.758191759967316248e+00,-5.396702175792933431e-01,-9.187590853768790033e-02
2.235999999999999943e+01,-6.206509658173597899e-03,1.975567396085109451e-02,1.380989638394102714e+00,-1.749651674071273755e+00,-5.062614777254437204e-01,-7.063465935185464506e-02
2.237000000000000099e+01,-6.118341380638270266e-03,2.040466357289671961e-02,1.354913642985609235e+00,-1.733489762737373763e+00,-4.729897869155530454e-01,-4.888362436526960675e-02
2.237999999999999901e+01,-5.822652890770885215e-03,2.133437072105981436e-02,1.327136497240627655e+00,-1.709660897818628067e+00,-4.399285566014335402e-01,-2.665746754112696681e-02
2.239000000000000057e+01,-5.331414808496970359e-03,2.254018466327123438e-02,1.297793728698392490e+00,-1.678650528931775465e+00,-4.071472967011687816e-01,-3.989867429708970903e-03
2.240000000000000213e+01,-4.659293073005721375e-03,2.401495016858179454e-02,1.267003292018953786e+00,-1.641360094466042918e+00,-3.747111470769325381e-01,1.908673412482342346e-02
2.241000000000000014e+01,-3.823677008602754945e-03,2.574896113478231108e-02,1.234868981721252368e+00,-1.598876653526137170e+00,-3.426802621402431637e-01,4.254140157925423438e-02
2.242000000000000171e+01,-2.844711532560939560e-03,2.772995447834591953e-02,1.201483131155054895e+00,-1.552261330447967769e+00,-3.111090881266926900e-01,6.634499205997257398e-02
2.242999999999999972e+01,-1.745331125864613142e-03,2.994310655821097455e-02,1.166928770219631595e+00,-1.502430733472666535e+00,-2.800455824545504679e-01,9.047045616880977636e-02
2.244000000000000128e+01,-5.512925490751552360e-04,3.237103478404723678e-02,1.131281371708929839e+00,-1.450123936484567944e+00,-2.495304329642025198e-01,1.148931482351863709e-01
2.244999999999999929e+01,7.087974178870970476e-04,3.499380746289026956e-02,1.094610282577888727e+00,-1.395916942122082949e+00,-2.195963401609001275e-01,1.395911377900511674e-01
2.246000000000000085e+01,2.003463534577698546e-03,3.778896554313815326e-02,1.056979914773517493e+00,-1.340253710845749957e+00,-1.902674276222994232e-01,1.645455113609464171e-01
2.246999999999999886e+01,3.298357838258936248e-03,4.073156010455258880e-02,1.018450751630252782e+00,-1.283477790059767365e+00,-1.615588401172840527e-01,1.897406503260956612e-01
2.248000000000000043e+01,4.556275419344668620e-03,4.379420990353877219e-02,9.790802139012269034e-01,-1.225858755585675031e+00,-1.334765787996123887e-01,2.151644644595112066e-01
2.249000000000000199e+01,5.737196344645201229e-03,4.694718343201997879e-02,9.389234205501393316e-01,-1.167612512819613979e+00,-1.060176060830032574e-01,2.408085584209264107e-01
2.250000000000000000e+01,6.798360627777499943e-03,5.015851014258554397e-02,8.980338718192359959e-01,-1.108916243684721081e+00,-7.917023210570295344e-02,2.666683025438266741e-01
2.251000000000000156e+01,7.694383428731632613e-03,5.339412544258670401e-02,8.564640772479541475e-01,-1.049919156991079738e+00,-5.291477236518338234e-02,2.927427748377944283e-01
2.251999999999999957e+01,8.377418003622461029e-03,5.661805384437379463e-02,8.142661472293004632e-01,-9.907500856980449022e-01,-2.722444464925022345e-02,3.190345370196375763e-01
2.253000000000000114e+01,8.797373863529966975e-03,5.979263428131553759e-02,7.714923629799728122e-01,-9.315227451884595666e-01,-2.066455612597328795e-03,3.455492038210317141e-01
2.253999999999999915e+01,8.902197365532771300e-03,6.287879091056847169e-02,7.281957368463509717e-01,-8.723392520535105943e-01,2.259678491291383651e-02,3.722947644837922843e-01
2.255000000000000071e+01,8.638221179450678022e-03,6.583635178862734527e-02,6.844305716366507752e-01,-8.132923370879034941e-01,4.680638918508617241e-02,3.992806153444922179e-01
2.255999999999999872e+01,7.950587993181268409e-03,6.862441658297524505e-02,6.402530241310598891e-01,-7.544665692442054095e-01,7.060572253009533839e-02,4.265162667033086108e-01
2.257000000000000028e+01,6.783752058268865959e-03,7.120177293805574070e-02,5.957216738233827025e-01,-6.959388302525554293e-01,9.403919908681834805e-02,4.540096977836635128e-01
2.258000000000000185e+01,5.082059887799195153e-03,7.352735931668241687e-02,5.508980925136855999e-01,-6.377782309436446084e-01,1.171511899226437281e-01,4.817653434999906725e-01
2.258999999999999986e+01,2.790408504506958209e-03,7.556077008403228046e-02,5.058474045340692893e-01,-5.800456329102474662e-01,1.399850774961087785e-01,5.097817234420380927e-01
2.260000000000000142e+01,-1.450239049353152510e-04,7.726279636415278596e-02,4.606388191897055617e-01,-5.227929238505825138e-01,1.625824760541061398e-01,5.380487429191169735e-01
2.260999999999999943e+01,-3.775984108973839959e-03,7.859599396476624200e-02,4.153461084436961825e-01,-4.660621861995200566e-01,1.849826243826704353e-01,5.665447349991917791e-01
2.262000000000000099e+01,-8.151300321855292630e-03,7.952526741467558224e-02,3.700479930833910358e-01,-4.098848932091659347e-01,2.072219461855856482e-01,5.952333453987359579e-01
2.262999999999999901e+01,-1.331600721097525586e-02,8.001845721964029323e-02,3.248283905722228471e-01,-3.542812577544800501e-01,2.293337648090860714e-01,6.240604086037147002e-01
2.264000000000000057e+01,-1.931046187992346841e-02,8.004691590776691346e-02,2.797764696429768660e-01,-2.992598462715160279e-01,2.513481537015661571e-01,6.529509986890399409e-01
2.265000000000000213e+01,-2.616947697934213224e-02,7.958605755402592408e-02,2.349864514436671714e-01,-2.448175497911617704e-01,2.732919007985711302e-01,6.818068749250726368e-01
2.266000000000000014e+01,-3.392149984379044803e-02,7.861586519353813696e-02,1.905570977659549192e-01,-1.909399818193225906e-01,2.951885642125844367e-01,7.105045643706848768e-01
2.267000000000000171e+01,-4.258786742686904159e-02,7.712134161950257027e-02,1.465908363755517585e-01,-1.376023361704977743e-01,3.170585977608231243e-01,7.388943240450330796e-01
2.267999999999999972e+01,-5.218216618932836059e-02,7.509289052494294570e-02,1.031924934581706643e-01,-8.477070737822245405e-02,3.389195263938721281e-01,7.668002019285040660e-01
2.269000000000000128e+01,-6.270972285774989441e-02,7.252661795759962615e-02,6.046763512476899249e-02,-3.240383969145843590e-02,3.607861547162005689e-01,7.940213631754005075e-01
2.269999999999999929e+01,-7.416724666150875667e-02,6.942454762058536399e-02,1.852056208219737821e-02,1.954476057441223436e-02,3.826707939653137824e-01,8.203347602382735637e-01
2.271000000000000085e+01,-8.654263618872148900e-02,6.579474784799044240e-02,-2.254795019877181561e-02,7.112443904865317634e-02,4.045834962383256794e-01,8.454991156708239197e-01
2.271999999999999886e+01,-9.981495489140301824e-02,6.165137300011724886e-02,-6.264302681136779682e-02,1.223848388129935572e-01,4.265322872660474163e-01,8.692600566843182719e-01
2.273000000000000043e+01,-1.139545692564329915e-01,5.701462660889922152e-02,-1.016780090028059913e-01,1.733732869125977905e-01,4.485233907979643275e-01,8.913561119962437607e-01
2.274000000000000199e+01,-1.289234333771820395e-01,5.191065849180975800e-02,-1.395765185939983333e-01,2.241322243354763044e-01,4.705614403103332566e-01,9.115251691668981859e-01
2.275000000000000000e+01,-1.446754945301915729e-01,4.637141203979899817e-02,-1.762740893217635274e-01,2.746967636344820329e-01,4.926496747683598576e-01,9.295109154190070999e-01
2.276000000000000156e+01,-1.611571863938007221e-01,4.043444135914964210e-02,-2.117192195922329989e-01,3.250924338994525264e-01,5.147901166713120258e-01,9.450687564044957245e-01
2.276999999999999957e+01,-1.783079707756857202e-01,3.414272052904454569e-02,-2.458737592136592820e-01,3.753331390534813128e-01,5.369837314126209016e-01,9.579707361515182873e-01
2.278000000000000114e+01,-1.960608856994072724e-01,2.754446943712451912e-02,-2.787126119613287933e-01,4.254193206725331855e-01,5.592305676777485912e-01,9.680090575656024043e-01
2.278999999999999915e+01,-2.143430561324889405e-01,2.069302132640848946e-02,-3.102228039229563139e-01,4.753362800354709039e-01,5.815298790716770805e-01,9.749979156835755223e-01
2.280000000000000071e+01,-2.330761240749600338e-01,1.364675925180258709e-02,-3.404020228090708367e-01,5.250525765805642564e-01,6.038802274576551277e-01,9.787734835275674339e-01
2.280999999999999872e+01,-2.521765570357854536e-01,6.469148919208023152e-03,-3.692567681880846164e-01,5.745183837082592504e-01,6.262795686444220244e-01,9.791920088780537990e-01
2.282000000000000028e+01,-2.715557935326518013e-01,-7.711023846207476495e-04,-3.968002644771192466e-01,6.236636460357616318e-01,6.487253211574409706e-01,9.761260697987235169e-01
2.283000000000000185e+01,-2.911201867511078456e-01,-7.999728568184316657e-03,-4.230502797804232551e-01,6.723958400523930568e-01,6.712144187840249909e-01,9.694590781113067157e-01
2.283999999999999986e+01,-3.107707026571486786e-01,-1.513639162664148774e-02,-4.480269697124051875e-01,7.205970956364562419e-01,6.937433476549860201e-01,9.590781029693961068e-01
2.285000000000000142e+01,-3.304023278858498891e-01,-2.209392939158760782e-02,-4.717508329866680894e-01,7.681203800186927610e-01,7.163081683519431087e-01,9.448650144951015184e-01
2.285999999999999943e+01,-3.499031249362023477e-01,-2.877731145141637636e-02,-4.942408308109136894e-01,8.147843844092035326e-01,7.389045236820971363e-01,9.266858140706856206e-01
2.287000000000000099e+01,-3.691528627846119015e-01,-3.508223759475481707e-02,-5.155126892217493095e-01,8.603666989646099328e-01,7.615276324380869655e-01,9.043778098359955830e-01
2.287999999999999901e+01,-3.880211187924480498e-01,-4.089330128203849668e-02,-5.355773757364137300e-01,9.045948539876896843e-01,7.841722694925750137e-01,8.777341493043169240e-01
2.289000000000000057e+01,-4.063647116142177773e-01,-4.608163124078523687e-02,-5.544397198727398779e-01,9.471349596238342050e-01,8.068327325935192862e-01,8.464850833309408573e-01
2.290000000000000213e+01,-4.240242700743745430e-01,-5.050192694995403464e-02,-5.720971267265734239e-01,9.875782607267284963e-01,8.295027956935365765e-01,8.102757756793831367e-01
2.291000000000000014e+01,-4.408196687551593773e-01,-5.398885830696931176e-02,-5.885383234112826489e-01,1.025427526855750671e+00,8.521756493120220544e-01,7.686424208110217426e-01
2.292000000000000171e+01,-4.565439664373481810e-01,-5.635296614737200782e-02,-6.037420607060020039e-01,1.060088916187974073e+00,8.748438275694612187e-01,7.209949391685172015e-01
2.292999999999999972e+01,-4.709553773868587201e-01,-5.737667049910638584e-02,-6.176756797169627999e-01,1.090882193077526097e+00,8.974991222983956796e-01,6.666326943763127844e-01
2.294000000000000128e+01,-4.837667382291042650e-01,-5.681216426493473914e-02,-6.302934379465816583e-01,1.117092471447688418e+00,9.201324842811695603e-01,6.048610048323962429e-01
2.294999999999999929e+01,-4.946320470569894878e-01,-5.438575272362422552e-02,-6.415344613394355910e-01,1.138090641660582936e+00,9.427339113997756925e-01,5.353299334158758693e-01
2.296000000000000085e+01,-5.031304002222666272e-01,-4.981926282243276383e-02,-6.513201537378034978e-01,1.153521569433075156e+00,9.652923236401301788e-01,4.586390920209411637e-01
2.296999999999999886e+01,-5.087501935184057800e-01,-4.289015286367792168e-02,-6.595508468619273312e-01,1.163481711017663178e+00,9.877954266521705717e-01,3.767730804308950243e-01
2.298000000000000043e+01,-5.108836068867481650e-01,-3.356250672716146188e-02,-6.661013977553160714e-01,1.168549296783746749e+00,1.010229562769518141e+00,2.925868394156420083e-01
2.299000000000000199e+01,-5.088582968602287648e-01,-2.219583642263026763e-02,-6.708153440943560586e-01,1.169615603393185044e+00,1.032579550619325826e+00,2.086342693155433525e-01
2.300000000000000000e+01,-5.020618430895831263e-01,-9.707953325083540017e-03,-6.734971047455207138e-01,1.167634594987406516e+00,1.054828514679020390e+00,1.265435859324450796e-01
2.301000000000000156e+01,-4.902215982852956566e-01,2.582005937229375769e-03,-6.739015848889116089e-01,1.163442117252161179e+00,1.076957705244284247e+00,4.714501621251554475e-02
2.301999999999999957e+01,-4.737713203857501498e-01,1.346117969756188693e-02,-6.717205133415299345e-01,1.157689254587005445e+00,1.098946309959407008e+00,-2.919358736805616195e-02
2.303000000000000114e+01,-4.539480738784654190e-01,2.222423013624805210e-02,-6.665651891222016401e-01,1.150850871756803118e+00,1.120771259737622927e+00,-1.023228975583967970e-01
2.303999999999999915e+01,-4.323429376277775904e-01,2.867520630470110632e-02,-6.579469054408473294e-01,1.143261898487544226e+00,1.142407029142259889e+00,-1.721822037712937292e-01
2.305000000000000071e+01,-4.102929194054334427e-01,3.292382097375851080e-02,-6.452613782315276270e-01,1.135155144948625461e+00,1.163825434410713289e+00,-2.387391995800480227e-01
2.305999999999999872e+01,-3.886324083553249764e-01,3.520664577886906121e-02,-6.277970723632446681e-01,1.126691728015875249e+00,1.184995431312356740e+00,-3.019652173937979467e-01
2.307000000000000028e+01,-3.677755839819616401e-01,3.578915720370678955e-02,-6.048164673126019686e-01,1.117983194414652326e+00,1.205882913217345198e+00,-3.618275700945765561e-01
2.308000000000000185e+01,-3.478794065880557729e-01,3.492415588818853500e-02,-5.757941263928376685e-01,1.109106924107106318e+00,1.226450513783304608e+00,-4.182901631941216003e-01
2.308999999999999986e+01,-3.289661953218799284e-01,3.283828834383251127e-02,-5.408429335426198081e-01,1.100116681130988372e+00,1.246657414722113888e+00,-4.713181941971122946e-01
2.310000000000000142e+01,-3.109946585092321913e-01,2.973041439093415672e-02,-5.010617247522114459e-01,1.091049820868560838e+00,1.266459159407457236e+00,-5.208848654116853272e-01
2.310999999999999943e+01,-2.938968953631055370e-01,2.577425230440810733e-02,-4.582961744186073161e-01,1.081932234485873279e+00,1.285807474558971153e+00,-5.669789378068188501e-01
2.312000000000000099e+01,-2.775967136419234538e-01,2.112212933461532494e-02,-4.143877310926942226e-01,1.072781766798357683e+00,1.304650097520817509e+00,-6.096123103150100642e-01
2.312999999999999901e+01,-2.620183737471415419e-01,1.590862394311631789e-02,-3.706417459441710416e-01,1.063610599853004102e+00,1.322930608707909572e+00,-6.488269166363427320e-01
2.314000000000000057e+01,-2.470905649988631714e-01,1.025370474943565480e-02,-3.277921156017856164e-01,1.054426929707152016e+00,1.340588266248345040e+00,-6.847002984057987129e-01
2.315000000000000213e+01,-2.327480480142383179e-01,4.265293780292833681e-03,-2.861867398234478332e-01,1.045236155056558980e+00,1.357557835714692462e+00,-7.173492552903134589e-01
2.316000000000000014e+01,-2.189321831095100146e-01,-1.958702332863548889e-03,-2.459617727990051628e-01,1.036041724873316250e+00,1.373769408913942502e+00,-7.469311037459859248e-01
2.317000000000000171e+01,-2.055909533821331792e-01,-8.328817690596568291e-03,-2.071504178728265644e-01,1.026845745074770555e+00,1.389148198954077928e+00,-7.736422657958605953e-01
2.317999999999999972e+01,-1.926787871177991773e-01,-1.476283209824313936e-02,-1.697415442035684618e-01,1.017649413171264339e+00,1.403614299481741323e+00,-7.977141592423372396e-01
2.319000000000000128e+01,-1.801563285416193372e-01,-2.118488926665718086e-02,-1.337094599637634884e-01,1.008453328658098336e+00,1.417082387560460788e+00,-8.194066459109451417e-01
2.319999999999999929e+01,-1.679902278548258687e-01,-2.752487192780694869e-02,-9.902865962450391191e-02,9.992577133214863849e-01,1.429461348761829509e+00,-8.389995590205314713e-01
2.321000000000000085e+01,-1.561529801293877195e-01,-3.371798777730528052e-02,-6.568101103998935653e-02,9.900625655673064296e-01,1.440653794064646220e+00,-8.567830378526594126e-01
2.321999999999999886e+01,-1.446228217525384885e-01,-3.970452780438715745e-02,-3.365917648304295184e-02,9.808677664325768930e-01,1.450555433783444759e+00,-8.730475050678342397e-01
2.323000000000000043e+01,-1.333836807956357839e-01,-4.542976350802419017e-02,-2.968155769344726913e-03,9.716731503111998292e-01,1.459054265134771100e+00,-8.880741207308014973e-01
2.324000000000000199e+01,-1.224251709219638107e-01,-5.084395321876444829e-02,2.637412093727664608e-02,9.624785500236211488e-01,1.466029519059352193e+00,-9.021264378845033072e-01
2.325000000000000000e+01,-1.117426142618404006e-01,-5.590243002700756580e-02,5.433670592715889036e-02,9.532838235258024318e-01,1.471350302270900245e+00,-9.154437943315909543e-01
2.326000000000000156e+01,-1.013370749163227114e-01,-6.056574522089186452e-02,8.087585536711816570e-02,9.440888677452611288e-01,1.474873856713472708e+00,-9.282367447697843499e-01
2.326999999999999957e+01,-9.121538226401382232e-02,-6.479984158202800604e-02,1.059354914664920599e-01,9.348936238354126349e-01,1.476443343069349989e+00,-9.406845995823811535e-01
2.328000000000000114e+01,-8.139012123541811139e-02,-6.857623321846662012e-02,1.294479057935539190e-01,9.256980770161451488e-01,1.475885043513790684e+00,-9.529349300563465519e-01
2.328999999999999915e+01,-7.187956471491130372e-02,-7.187216860973222321e-02,1.513347414850931827e-01,9.165022534440193658e-01,1.473004869983085996e+00,-9.651047459759145575e-01
2.330000000000000071e+01,-6.270752350586794588e-02,-7.467075668613720740e-02,1.715083076014487506e-01,9.073062160295101153e-01,1.467584076209809352e+00,-9.772829545205525825e-01
2.330999999999999872e+01,-5.390308899119033992e-02,-7.696103812332499849e-02,1.898732822066319104e-01,8.981100605161379535e-01,1.459374126285446049e+00,-9.895336822976119606e-01
2.332000000000000028e+01,-4.550024756700998818e-02,-7.873798760308248212e-02,2.063288515174210858e-01,8.889139128391808642e-01,1.448090823375407954e+00,-1.001900054190859812e+00
2.333000000000000185e+01,-3.753734872699310277e-02,-8.000243696194109244e-02,2.207713110033072690e-01,8.797179284664400356e-01,1.433408149613426108e+00,-1.014408080412867896e+00
2.333999999999999986e+01,-3.005641935678726728e-02,-8.076091386763872837e-02,2.330971221966592344e-01,8.705222941469763498e-01,1.414952994920020135e+00,-1.027070377576459359e+00
2.335000000000000142e+01,-2.310232084895524896e-02,-8.102539487392090845e-02,2.432063763050708038e-01,8.613272323364437044e-01,1.392303348901674065e+00,-1.039889531442808490e+00
2.335999999999999943e+01,-1.672176257762281182e-02,-8.081297666028508520e-02,2.510065663231875188e-01,8.521330083940260591e-01,1.364994934593858567e+00,-1.052860988103440976e+00
2.337000000000000099e+01,-1.096219358786476583e-02,-8.014547287746798254e-02,2.564165135534252071e-01,8.429399405183968241e-01,1.332544668918681507e+00,-1.065975426268677584e+00
2.337999999999999901e+01,-5.870608315490466467e-03,-7.904894743548840363e-02,2.593702523362868551e-01,8.337484123207699049e-01,1.294502197179627334e+00,-1.079220617097147006e+00
2.339000000000000057e+01,-1.492312269080198206e-03,-7.755319740895161296e-02,2.598206347849226772e-01,8.245588878294967117e-01,1.250537913688216207e+00,-1.092582812746873522e+00
2.340000000000000213e+01,2.130298881206416084e-03,-7.569120020760122802e-02,2.577424088252121548e-01,8.153719286923626353e-01,1.200558659297875863e+00,-1.106047725069911447e+00
2.341000000000000014e+01,4.958890171039898043e-03,-7.349854001785904867e-02,2.531345338850272686e-01,8.061882132121289679e-01,1.144809149906816703e+00,-1.119601168893401111e+00
2.342000000000000171e+01,6.960213429772266203e-03,-7.101282839898348520e-02,2.460215437256927373e-01,7.970085569774526535e-01,1.083894306770402327e+00,-1.133229440674293986e+00
2.342999999999999972e+01,8.106960743755942111e-03,-6.827313264617596023e-02,2.364538377543081715e-01,7.878339345623980305e-01,1.018688243923770997e+00,-1.146919498540314386e+00
2.344000000000000128e+01,8.378409048740209641e-03,-6.531942389763478740e-02,2.245068721396825673e-01,7.786655020408890238e-01,9.501709279902319505e-01,-1.160659003304315595e+00
2.344999999999999929e+01,7.760833960544721855e-03,-6.219205518904247221e-02,2.102793211446889465e-01,7.695046196008610284e-01,8.792757064739402662e-01,-1.174436265488723485e+00
2.346000000000000085e+01,6.247686847577149649e-03,-5.893127727286462392e-02,1.938903695392629745e-01,7.603528739374014744e-01,8.068009899750556713e-01,-1.188240136130759961e+00
2.346999999999999886e+01,3.839544400221162057e-03,-5.557679786864500038e-02,1.754763678578058483e-01,7.512120997929871979e-01,7.333861087716222471e-01,-1.202059868390549013e+00
2.348000000000000043e+01,5.438530611784342383e-04,-5.216738789881258942e-02,1.551871251262965101e-01,7.420843999088454490e-01,6.595252034903361649e-01,-1.215884969406229477e+00
2.349000000000000199e+01,-3.625499563071565845e-03,-4.874053629591135195e-02,1.331821233032023377e-01,7.329721627793264194e-01,5.855948456811174152e-01,-1.229705055372297684e+00
2.350000000000000000e+01,-8.648748308534348617e-03,-4.533215323485040305e-02,1.096269177045446352e-01,7.238780773702712112e-01,5.118817994455272524e-01,-1.243509717973046325e+00
2.351000000000000156e+01,-1.450090907756540481e-02,-4.197632023520847522e-02,8.468994357919884530e-02,7.148051439679036223e-01,4.386057830127182977e-01,-1.257288406708890527e+00
2.351999999999999957e+01,-2.115249383675976702e-02,-3.870508441848785619e-02,5.853988970397944192e-02,7.057566802213224300e-01,3.659364337595596983e-01,-1.271030329327590858e+00
2.353000000000000114e+01,-2.857024727974499800e-02,-3.554829334837794619e-02,3.134373462714035163e-02,6.967363213975343861e-01,2.940053212543249916e-01,-1.284724370834865015e+00
2.353999999999999915e+01,-3.671787598353626336e-02,-3.253346631024622848e-02,3.265477402149441488e-03,6.877480137628804169e-01,2.229142151195964705e-01,-1.298359030854687957e+00
2.355000000000000071e+01,-4.555674735463977054e-02,-2.968569749243277212e-02,-2.553446188110325421e-02,6.787960000427607499e-01,1.527407040553416806e-01,-1.311922378746249507e+00
2.355999999999999872e+01,-5.504654192549474079e-02,-2.702758642664893074e-02,-5.489924306896359907e-02,6.698847958681950487e-01,8.354203395322740144e-02,-1.325402025739986334e+00
2.357000000000000028e+01,-6.514584863954686611e-02,-2.457919104652628306e-02,-8.467511441225043789e-02,6.610191559943108253e-01,1.535781409234560080e-02,-1.338785113747703148e+00
2.358000000000000185e+01,-7.581269775117804866e-02,-2.235799889239353799e-02,-1.147105593122520611e-01,6.522040293717062953e-01,-5.178793681359850076e-02,-1.352058321070146674e+00
2.358999999999999986e+01,-8.700503017361049807e-02,-2.037891225431609499e-02,-1.448552262165708482e-01,6.434445020345418431e-01,-1.178850690870130724e-01,-1.365207885505609786e+00
2.360000000000000142e+01,-9.868110520126305296e-02,-1.865424340337173970e-02,-1.749587926604550536e-01,6.347457269509253486e-01,-1.829356740113281532e-01,-1.378219646223823869e+00
2.360999999999999943e+01,-1.107998507029871460e-01,-1.719371646113887486e-02,-2.048699127658789587e-01,6.261128402115573310e-01,-2.469523992688649194e-01,-1.391079106397122622e+00
2.362000000000000099e+01,-1.233211613035690712e-01,-1.600447292563500490e-02,-2.344353880316325800e-01,6.175508632410368071e-01,-3.099566227167516730e-01,-1.403771519083423236e+00
2.362999999999999901e+01,-1.362061506665339650e-01,-1.509107826507749550e-02,-2.634996857296384998e-01,6.090645909025239613e-01,-3.719764497720765561e-01,-1.416281999684735338e+00
2.364000000000000057e+01,-1.494173643674865382e-01,-1.445552758936596849e-02,-2.919049045368238837e-01,6.006584657722244813e-01,-4.330445392387222703e-01,-1.428595668044494671e+00
2.365000000000000213e+01,-1.629189593722432106e-01,-1.409724877868578918e-02,-3.194912560789362477e-01,5.923364395463481813e-01,-4.931957894579980795e-01,-1.440697823857377102e+00
2.366000000000000014e+01,-1.766768557813759299e-01,-1.401310200979144494e-02,-3.460980922427487338e-01,5.841018228182288663e-01,-5.524649337178582087e-01,-1.452574158691177342e+00
2.367000000000000171e+01,-1.906588658645829160e-01,-1.419737511832819266e-02,-3.715654639084934874e-01,5.759571251868176311e-01,-6.108840980990339897e-01,-1.464211005333678539e+00
2.367999999999999972e+01,-2.048348042493753907e-01,-1.464177467223881646e-02,-3.957361495291130127e-01,5.679038882869864580e-01,-6.684803727599636369e-01,-1.475595626128006543e+00
2.369000000000000128e+01,-2.191765825554826685e-01,-1.533541316107411845e-02,-4.184580459140471165e-01,5.599425150934940199e-01,-7.252734328825969357e-01,-1.486716535878119583e+00
2.369999999999999929e+01,-2.336582908896652766e-01,-1.626479328520857859e-02,-4.395867733853185411e-01,5.520720994314346486e-01,-7.812732265955752986e-01,-1.497563853484622509e+00
2.371000000000000085e+01,-2.482562666451216815e-01,-1.741379075672055965e-02,-4.589883181988910210e-01,5.442902604683435008e-01,-8.364777243882768332e-01,-1.508129670173920189e+00
2.371999999999999886e+01,-2.629491513733938080e-01,-1.876363746433851176e-02,-4.765415219748017073e-01,5.365929875864606791e-01,-8.908706963452754923e-01,-1.518408417688713818e+00
2.373000000000000043e+01,-2.777179345434613866e-01,-2.029290761355162509e-02,-4.921402317087880673e-01,5.289745015560353147e-01,-9.444194579095485098e-01,-1.528397214030054130e+00
2.374000000000000199e+01,-2.925459819642795001e-01,-2.197751004936243646e-02,-5.056949473371336046e-01,5.214271386352327120e-01,-9.970724991000193826e-01,-1.538096159334572999e+00
2.375000000000000000e+01,-3.074190457855044967e-01,-2.379069024640312335e-02,-5.171338443424110531e-01,5.139412642551512977e-01,-1.048756891513089817e+00,-1.547508553998675040e+00
2.376000000000000156e+01,-3.223252521303093254e-01,-2.570304552272362208e-02,-5.264030964336798846e-01,5.065052233746827337e-01,-1.099375355215588268e+00,-1.556641009629526229e+00
2.376999999999999957e+01,-3.372550612976522033e-01,-2.768255920405704451e-02,-5.334664816354780514e-01,4.991053341187011716e-01,-1.148802873642645439e+00,-1.565503428923115781e+00
2.378000000000000114e+01,-3.522011932685909508e-01,-2.969465793416681265e-02,-5.383043060395575896e-01,4.917259312885554623e-01,-1.196882785545386962e+00,-1.574108840046777757e+00
2.378999999999999915e+01,-3.671585126304456326e-01,-3.170229794176038229e-02,-5.409117234772493621e-01,4.843494651231317616e-01,-1.243422392418277456e+00,-1.582473081648665625e+00
2.380000000000000071e+01,-3.821238647457562698e-01,-3.366608584999153386e-02,-5.412965614697021755e-01,4.769566600248856814e-01,-1.288188357016391894e+00,-1.590614348806592915e+00
2.380999999999999872e+01,-3.970958546512965426e-01,-3.554443986652588983e-02,-5.394767783697576036e-01,4.695267357956108834e-01,-1.330902630345923265e+00,-1.598552623626342761e+00
2.382000000000000028e+01,-4.120745600469767345e-01,-3.729379696984069792e-02,-5.354776777945816635e-01,4.620376931615640670e-01,-1.371240462178892505e+00,-1.606309024292412513e+00
2.383000000000000185e+01,-4.270611702429966128e-01,-3.886887144168060804e-02,-5.293289935420921744e-01,4.544666615667337650e-01,-1.408833329883767416e+00,-1.613905113261839830e+00
2.383999999999999986e+01,-4.420575437802429786e-01,-4.022296924939072760e-02,-5.210619367335578289e-01,4.467903075977874838e-01,-1.443281231822247879e+00,-1.621362206079807411e+00
2.385000000000000142e+01,-4.570656774380783549e-01,-4.130836188244368934e-02,-5.107062633653789430e-01,4.389852958366197155e-01,-1.474179899947429817e+00,-1.628700719019816390e+00
2.385999999999999943e+01,-4.720870816429266759e-01,-4.207672166399356595e-02,-4.982873944746857298e-01,4.310287950402488244e-01,-1.501166991834262276e+00,-1.635939586388990286e+00
2.387000000000000099e+01,-4.871220622956003998e-01,-4.247961870738614643e-02,-4.838235828807128658e-01,4.228990203907266876e-01,-1.523984326794504351e+00,-1.643095768977312021e+00
2.387999999999999901e+01,-5.021689095014063575e-01,-4.246907735327598576e-02,-4.673230834910945264e-01,4.145757967077550177e-01,-1.542540509490939682e+00,-1.650183865291635188e+00
2.389000000000000057e+01,-5.172230003243145635e-01,-4.199818718452197341e-02,-4.487812667741051254e-01,4.060411308672642328e-01,-1.556947654569227790e+00,-1.657215828292410542e+00
2.390000000000000213e+01,-5.322758271872847224e-01,-4.102176070204432978e-02,-4.281775735542352468e-01,3.972797785779373925e-01,-1.567510902520660387e+00,-1.664200783117373295e+00
2.391000000000000014e+01,-5.473139720305258971e-01,-3.949702651505093698e-02,-4.054722021737320325e-01,3.882797916872677835e-01,-1.574672665867637100e+00,-1.671144936258152303e+00
2.392000000000000171e+01,-5.623180504697797844e-01,-3.738434370463050715e-02,-3.806024223314226629e-01,3.790330333539733143e-01,-1.578936833555771635e+00,-1.678051563618375930e+00
2.392999999999999972e+01,-5.772616612203654851e-01,-3.464792009787542870e-02,-3.534784697776033324e-01,3.695356506593934220e-01,-1.580801926661127066e+00,-1.684921063725541845e+00
2.394000000000000128e+01,-5.921103801049569793e-01,-3.125651479330193716e-02,-3.239791756005358514e-01,3.597884973767307981e-01,-1.580718486949646007e+00,-1.691751062459246002e+00
2.394999999999999929e+01,-6.068208485538857389e-01,-2.718410370927781816e-02,-2.919480089677832790e-01,3.497975033094288255e-01,-1.579070600876485653e+00,-1.698536556767914707e+00
2.396000000000000085e+01,-6.213400084751363739e-01,-2.241048662053568563e-02,-2.571915166732538505e-01,3.395739910778978743e-01,-1.576173984183605548e+00,-1.705270086333558588e+00
2.396999999999999886e+01,-6.356045413255115850e-01,-1.692181504966616679e-02,-2.194852208425436269e-01,3.291349459291212920e-01,-1.572282658837035996e+00,-1.711941924071830767e+00
2.398000000000000043e+01,-6.495405666527670485e-01,-1.071102291040459953e-02,-1.785988254476717496e-01,3.185032488792435279e-01,-1.567598717472023839e+00,-1.718540277998635402e+00
2.399000000000000199e+01,-6.630636521072015288e-01,-3.778145889444028960e-03,-1.343654241681469241e-01,3.077078883178688828e-01,-1.562282196282319235e+00,-1.725051498794150318e+00
2.400000000000000000e+01,-6.760791795053908704e-01,3.869479175979573249e-03,-8.683415911509059781e-02,2.967841698161991504e-01,-1.556459775535892653e+00,-1.731460288779401280e+00
2.401000000000000156e+01,-6.884830930825988071e-01,1.221713712165406474e-02,-3.652549705538778169e-02,2.857739473961573573e-01,-1.550231950021908833e+00,-1.737749909292535921e+00
2.401999999999999957e+01,-7.001630410186929776e-01,2.124277476735536574e-02,1.533751264334307432e-02,2.747259042056109379e-01,-1.543678732528116271e+00,-1.743902384443122733e+00
2.403000000000000114e+01,-7.109998939232536896e-01,3.091714688099778119e-02,6.696740935980963205e-02,2.636959128880348446e-01,-1.536864106869380908e+00,-1.749898699970159788e+00
2.403999999999999915e+01,-7.208696023994878299e-01,4.120404929764287516e-02,1.166415482561820316e-01,2.527475071912270721e-01,-1.529839473934309302e+00,-1.755718996532003473e+00
2.405000000000000071e+01,-7.296453237586585372e-01,5.206061520406168874e-02,1.632729474321283070e-01,2.419524972613273928e-01,-1.522646310469976783e+00,-1.761342757132667636e+00
2.406000000000000227e+01,-7.371997277269772830e-01,6.343764607030921709e-02,2.064604136199051643e-01,2.313917536851417545e-01,-1.515318221980131774e+00,-1.766748988623191075e+00
2.407000000000000028e+01,-7.434073689124132134e-01,7.527994549136363123e-02,2.462281436591795547e-01,2.211561686946242888e-01,-1.507882532456522373e+00,-1.771916397348232142e+00
2.408000000000000185e+01,-7.481470023971467098e-01,8.752662300163793763e-02,2.827809586480043991e-01,2.113477586857170909e-01,-1.500361520934963888e+00,-1.776823558947499659e+00
2.408999999999999986e+01,-7.513037151316313000e-01,1.001113330554277425e-01,3.163671760482111295e-01,2.020807766673174966e-01,-1.492773388276089186e+00,-1.781449082201622236e+00
2.410000000000000142e+01,-7.527707534756402641e-01,1.129624148539554174e-01,3.472194395326645977e-01,1.934824870052841983e-01,-1.485133017393450272e+00,-1.785771766871004917e+00
2.410999999999999943e+01,-7.524509422176197670e-01,1.260028981657256297e-01,3.755347348242630834e-01,1.856927961043203235e-01,-1.477452574484865000e+00,-1.789770754556816446e+00
2.412000000000000099e+01,-7.502576154727444990e-01,1.391503365078241572e-01,4.014710147988641009e-01,1.788609682760363140e-01,-1.469741987302492170e+00,-1.793425672074048904e+00
2.412999999999999901e+01,-7.461150082497838287e-01,1.523164282772530020e-01,4.251499553308241697e-01,1.731357110698379387e-01,-1.462009327751607524e+00,-1.796716765728145759e+00
2.414000000000000057e+01,-7.399580870125105347e-01,1.654063783896581041e-01,4.466614812175666582e-01,1.686413433448196719e-01,-1.454261119564482785e+00,-1.799625025147499002e+00
2.415000000000000213e+01,-7.317318268076642429e-01,1.783179413423762183e-01,4.660684115898593438e-01,1.654276585196902682e-01,-1.446502586966474269e+00,-1.802132293715650757e+00
2.416000000000000014e+01,-7.213899638187823982e-01,1.909400726773597956e-01,4.834107005303586169e-01,1.633794786920190756e-01,-1.438737856605987631e+00,-1.804221363046560223e+00
2.417000000000000171e+01,-7.088932685156503766e-01,2.031510917153958040e-01,4.987091924886654648e-01,1.620933097481778440e-01,-1.430970122094970876e+00,-1.805876048981147175e+00
2.417999999999999972e+01,-6.942073902043128797e-01,2.148162274709194408e-01,5.119689709365691233e-01,1.608017262431645777e-01,-1.423201778749803692e+00,-1.807081243613274157e+00
2.419000000000000128e+01,-6.773003184242185615e-01,2.257843815619473560e-01,5.231824220825910254e-01,1.584984817425055259e-01,-1.415434534199242922e+00,-1.807822940356230923e+00
2.419999999999999929e+01,-6.581394980353664215e-01,2.358838998455595748e-01,5.323321322811618295e-01,1.542834763250721941e-01,-1.407669499548049430e+00,-1.808088226165535994e+00
2.421000000000000085e+01,-6.366886112270426779e-01,2.449171154670277684e-01,5.393937171136631292e-01,1.476574311743054646e-01,-1.399907264791250938e+00,-1.807865235408644411e+00
2.421999999999999886e+01,-6.129040178812800166e-01,2.526534650283163153e-01,5.443386507178558098e-01,1.385434144756894081e-01,-1.392147961474722306e+00,-1.807143060414377445e+00
2.423000000000000043e+01,-5.867308189023452414e-01,2.588212229896034722e-01,5.471371342961699469e-01,1.271304282740628455e-01,-1.384391315085949259e+00,-1.805911610546318879e+00
2.424000000000000199e+01,-5.580985014636126174e-01,2.630987169264762393e-01,5.477610077337213834e-01,1.137169305692220522e-01,-1.376636689137837211e+00,-1.804161414625446547e+00
2.425000000000000000e+01,-5.269161385504814721e-01,2.651081726755805668e-01,5.461866757585291943e-01,9.861876767171057212e-02,-1.368883122761842763e+00,-1.801883357088050364e+00
2.426000000000000156e+01,-4.930672343742930064e-01,2.644210770418317091e-01,5.423979867060044757e-01,8.212921028010428115e-02,-1.361129363152122851e+00,-1.799068340691555745e+00
2.426999999999999957e+01,-4.564046271773454788e-01,2.605964078742530332e-01,5.363889781406860902e-01,6.450673832615250181e-02,-1.353373894212499540e+00,-1.795706866243233168e+00
2.428000000000000114e+01,-4.167466787691579411e-01,2.532923127020735854e-01,5.281663691638396330e-01,4.597473722666856055e-02,-1.345614962266415748e+00,-1.791788516971078327e+00
2.428999999999999915e+01,-3.738779026974292652e-01,2.424916874282694035e-01,5.177516878345422846e-01,2.672533720007308489e-02,-1.337850600063194451e+00,-1.787301335188332452e+00
2.430000000000000071e+01,-3.275614321845076171e-01,2.287765227921695621e-01,5.051829026267207201e-01,6.924095838499400024e-03,-1.330078649552346670e+00,-1.782231073330025062e+00
2.431000000000000227e+01,-2.775791332206726247e-01,2.133616596922924546e-01,4.905154575654946392e-01,-1.328570705606568758e-02,-1.322296784359196842e+00,-1.776560299019043221e+00
2.432000000000000028e+01,-2.238276796299621951e-01,1.976679734023311097e-01,4.738226356506209935e-01,-3.377952103271086859e-02,-1.314502532562992210e+00,-1.770267325202817155e+00
2.433000000000000185e+01,-1.665016103760726951e-01,1.827834103516775832e-01,4.551952207287278673e-01,-5.444874280885680928e-02,-1.306693299895835825e+00,-1.763324929714701117e+00
2.433999999999999986e+01,-1.063358058177062276e-01,1.692791602335069201e-01,4.347404790682799502e-01,-7.519860463621552693e-02,-1.298866394354535103e+00,-1.755698816533438844e+00
2.435000000000000142e+01,-4.471270746282697550e-02,1.573343048134515643e-01,4.125805374513644708e-01,-9.594660984935998727e-02,-1.291019052213506324e+00,-1.747345757620818452e+00
2.435999999999999943e+01,1.663274618039835284e-02,1.469149243235159941e-01,3.888502806812902390e-01,-1.166213977534442670e-01,-1.283148465644575076e+00,-1.738211338661467042e+00
2.437000000000000099e+01,7.619103063682677868e-02,1.378951686166665636e-01,3.636949315597869381e-01,-1.371619331773997752e-01,-1.275251812246319449e+00,-1.728227214717903859e+00
2.437999999999999901e+01,1.330366502378629856e-01,1.301200516761319426e-01,3.372674961900911095e-01,-1.575169302477623656e-01,-1.267326286459141693e+00,-1.717307770538502476e+00
2.439000000000000057e+01,1.867860817973102661e-01,1.234336736356621556e-01,3.097262605015774217e-01,-1.776444346507374261e-01,-1.259369132810448599e+00,-1.705346080663157071e+00
2.440000000000000213e+01,2.373862179017893759e-01,1.176903268265971914e-01,2.812325095816651244e-01,-1.975114978357621620e-01,-1.251377680858841490e+00,-1.692209099940808148e+00
2.441000000000000014e+01,2.849354229356111379e-01,1.127578473218020516e-01,2.519486107406660458e-01,-2.170938870735020787e-01,-1.243349381564333278e+00,-1.677732119466239791e+00
2.442000000000000171e+01,3.295810643678487306e-01,1.085176960533752455e-01,2.220365606760938970e-01,-2.363757851955275990e-01,-1.235281844725647282e+00,-1.661712760480190676e+00
2.442999999999999972e+01,3.714714964356495286e-01,1.048638098857478385e-01,1.916570505875892783e-01,-2.553494414942203417e-01,-1.227172876953177783e+00,-1.643905240034805981e+00
2.444000000000000128e+01,4.107371013511304514e-01,1.017011180049705033e-01,1.609690556302070807e-01,-2.740147453454587767e-01,-1.219020519568002614e+00,-1.624016431406862360e+00
2.444999999999999929e+01,4.474849618527393380e-01,9.894409720847041623e-02,1.301299108370737034e-01,-2.923787038329257459e-01,-1.210823085847349656e+00,-1.601706380951303910e+00
2.446000000000000085e+01,4.817994318666647957e-01,9.651550654187535105e-02,9.929579692002349356e-02,-3.104548139113921801e-01,-1.202579196555700003e+00,-1.576597155612375012e+00
2.446999999999999886e+01,5.137450468857780450e-01,9.434533876704942479e-02,6.862252799206808307e-02,-3.282623295782128858e-01,-1.194287812976322360e+00,-1.548294270324819255e+00
2.448000000000000043e+01,5.433702224615742926e-01,9.236998512667782268e-02,3.826650996539832095e-02,-3.458254334897308269e-01,-1.185948266431054776e+00,-1.516422852818743561e+00
2.449000000000000199e+01,5.707111009814247460e-01,9.053159250550435466e-02,8.385722952175767020e-03,-3.631723300639927432e-01,-1.177560283192079282e+00,-1.480674830209416371e+00
2.450000000000000000e+01,5.957953032305214336e-01,8.877758843075045370e-02,-2.085942604059159988e-02,-3.803342834459344513e-01,-1.169124003659276934e+00,-1.440855286424029158e+00
2.451000000000000156e+01,6.186455006678706070e-01,8.706034958498221066e-02,-4.930553236507273507e-02,-3.973446280991790314e-01,-1.160639994703801969e+00,-1.396911551366645909e+00
2.451999999999999957e+01,6.392827793225095423e-01,8.533699064166089254e-02,-7.678604668727079252e-02,-4.142377820096690977e-01,-1.152109254218427470e+00,-1.348933484903372282e+00
2.453000000000000114e+01,6.577297716154362206e-01,8.356925228412992457e-02,-1.031316723408109426e-01,-4.310482924168276275e-01,-1.143533206760855681e+00,-1.297126188114958723e+00
2.453999999999999915e+01,6.740135213920247503e-01,8.172346849125367019e-02,-1.281713958662797914e-01,-4.478099428480066813e-01,-1.134913689622318422e+00,-1.241767595176475725e+00
2.455000000000000071e+01,6.881680309560129771e-01,7.977059394421304184e-02,-1.517341956145647486e-01,-4.645549460922344664e-01,-1.126252928811616982e+00,-1.183165728102112402e+00
2.456000000000000227e+01,7.002364233898867862e-01,7.768627261396199302e-02,-1.736514186726990649e-01,-4.813132442247238796e-01,-1.117553504231563632e+00,-1.121625190271153372e+00
2.457000000000000028e+01,7.102726482561818599e-01,7.545092902014194358e-02,-1.937597528073867759e-01,-4.981119295232601663e-01,-1.108818304846856950e+00,-1.057425690775626315e+00
2.458000000000000185e+01,7.183426588046128991e-01,7.304986330233975700e-02,-2.119046546424506738e-01,-5.149747970837115219e-01,-1.100050473592736111e+00,-9.908110229342348418e-01
2.458999999999999986e+01,7.245250023881807389e-01,7.047333164865865474e-02,-2.279440318993900538e-01,-5.319220309704031369e-01,-1.091253343461084269e+00,-9.219854365355367731e-01
2.460000000000000142e+01,7.289107880524549055e-01,6.771659438127075603e-02,-2.417519284278142333e-01,-5.489700232000471747e-01,-1.082430365948370943e+00,-8.511145698662883063e-01
2.460999999999999943e+01,7.316030256872361193e-01,6.477991504409574830e-02,-2.532219332634627618e-01,-5.661313178554043812e-01,-1.073585033754550722e+00,-7.783289092653040697e-01
2.462000000000000099e+01,7.327153668509106543e-01,6.166849579696476180e-02,-2.622700354860506566e-01,-5.834146687152366173e-01,-1.064720800649813004e+00,-7.037285210548693826e-01
2.462999999999999901e+01,7.323703143550929218e-01,5.839233787878239657e-02,-2.688366809063921226e-01,-6.008251988665863630e-01,-1.055841000813108055e+00,-6.273883621314034764e-01
2.464000000000000057e+01,7.306970010427196183e-01,5.496601816226442949e-02,-2.728878492430902858e-01,-6.183646430636189351e-01,-1.046948771807663991e+00,-5.493638226410875181e-01
2.465000000000000213e+01,7.278286647807820087e-01,5.140837856516933257e-02,-2.744150566761346388e-01,-6.360316577046378761e-01,-1.038046983538932988e+00,-4.696963439182158528e-01
2.466000000000000014e+01,7.238999627143346549e-01,4.774212861153381837e-02,-2.734342856224176721e-01,-6.538221795999662467e-01,-1.029138178765733436e+00,-3.884190488792942930e-01
2.467000000000000171e+01,7.190442721397656278e-01,4.399336688228605574e-02,-2.699839347693082647e-01,-6.717298167174685641e-01,-1.020224527093831046e+00,-3.055623634190056670e-01
2.467999999999999972e+01,7.133911178299049416e-01,4.019103125200096382e-02,-2.641219606205968962e-01,-6.897462551849671275e-01,-1.011307797592518876e+00,-2.211596319745350869e-01
2.469000000000000128e+01,7.070638475304095172e-01,3.636629232308541404e-02,-2.559224323884469188e-01,-7.078616673795279368e-01,-1.002389352230955044e+00,-1.352527561551529200e-01
2.469999999999999929e+01,7.001776516644393489e-01,3.255190723346446102e-02,-2.454717423461589831e-01,-7.260651093996961514e-01,-9.934701614181163931e-01,-4.789792855779484437e-02
2.471000000000000085e+01,6.928379927891580303e-01,2.878155337449450624e-02,-2.328647087986709385e-01,-7.443448969262154158e-01,-9.845508465895623784e-01,4.082839235395629984e-02
2.471999999999999886e+01,6.851394789446186850e-01,2.508916227842927782e-02,-2.182007773723793065e-01,-7.626889519945279083e-01,-9.756317462031628418e-01,1.308230196708606297e-01
2.473000000000000043e+01,6.771651843885908573e-01,2.150827346093375780e-02,-2.015804827899040363e-01,-7.810851146118540367e-01,-9.667130066608584649e-01,2.219487048495785153e-01
2.474000000000000199e+01,6.689863982608459381e-01,1.807142617071455515e-02,-1.831022816264654685e-01,-7.995214153210604691e-01,-9.577946947688315005e-01,3.140254009448193440e-01
2.475000000000000000e+01,6.606627556684216973e-01,1.480960465273273297e-02,-1.628598155399181291e-01,-8.179863071924303730e-01,-9.488769279713972216e-01,4.068194631071634926e-01
2.476000000000000156e+01,6.522426980480087177e-01,1.175174866206873947e-02,-1.409396212528524206e-01,-8.364688564102229495e-01,-9.399600163118511098e-01,5.000301271535393388e-01
2.476999999999999957e+01,6.437641985903166386e-01,8.924337420370243024e-03,-1.174192674796368241e-01,-8.549588930771491180e-01,-9.310446080884670073e-01,5.932729495237929473e-01
2.478000000000000114e+01,6.352556840037877350e-01,6.351051106440519511e-03,-9.236587457422462677e-02,-8.734471240904460032e-01,-9.221318292859673749e-01,6.860609833380943989e-01
2.478999999999999915e+01,6.267370900405527800e-01,4.052510288409583161e-03,-6.583496124824661511e-02,-8.919252109314829147e-01,-9.132234035989676979e-01,7.777869035184150626e-01
2.480000000000000071e+01,6.182209881172318067e-01,2.046090363664543332e-03,-3.786955939283054295e-02,-9.103858160195339444e-01,-9.043217357890176444e-01,8.677135385435620352e-01
2.481000000000000227e+01,6.097137349150405505e-01,3.458053928352411432e-04,-8.499550145980250271e-03,-9.288226211583221481e-01,-8.954299368145197668e-01,9.549854695862314280e-01
2.482000000000000028e+01,6.012165974790807388e-01,-1.037746305721287676e-03,2.225879569576683092e-02,-9.472303220326958595e-01,-8.865517601120682656e-01,1.038676414484830612e+00
2.483000000000000185e+01,5.927268223191662910e-01,-2.097383758015491928e-03,5.440303305377036658e-02,-9.656046025886397821e-01,-8.776914062926621796e-01,1.117878579939404426e+00
2.483999999999999986e+01,5.842386213823544949e-01,-2.829301713122678308e-03,8.794436184451959182e-02,-9.839420927525435179e-01,-8.688531352520189044e-01,1.191817604072077597e+00
2.485000000000000142e+01,5.757440596062460836e-01,-3.232995473731126168e-03,1.229066798877478384e-01,-1.002240312958134982e+00,-8.600405923679989018e-01,1.259952989589842698e+00
2.485999999999999943e+01,5.672338328252425343e-01,-3.311161464824574630e-03,1.593240704886990100e-01,-1.020497608405191770e+00,-8.512557083474898700e-01,1.322023727308462737e+00
2.487000000000000099e+01,5.586979334619077697e-01,-3.069582079773147676e-03,1.972350552980687288e-01,-1.038713075675749442e+00,-8.424969517788222229e-01,1.378028221941501652e+00
2.487999999999999901e+01,5.501262047993316084e-01,-2.517002402252499493e-03,2.366701931497618983e-01,-1.056886483950350897e+00,-8.337565892304285020e-01,1.428160749795723827e+00
2.489000000000000057e+01,5.415087889550557199e-01,-1.665005286686782604e-03,2.776261539834502523e-01,-1.075018192590192045e+00,-8.250164072576045005e-01,1.472737396787814568e+00
2.490000000000000213e+01,5.328364769205198304e-01,-5.278901804186553193e-04,3.200131761098258809e-01,-1.093109066443891164e+00,-8.162410452787575155e-01,1.512134049411245407e+00
2.491000000000000014e+01,5.241009694402157804e-01,8.774401060512859729e-04,3.635544799034898800e-01,-1.111160390045507151e+00,-8.073676503313017561e-01,1.546743913175932628e+00
2.492000000000000171e+01,5.152950599033279122e-01,2.531581472906108132e-03,4.076176195760903287e-01,-1.129173781179896974e+00,-7.982900447688821011e-01,1.576952554561995345e+00
2.492999999999999972e+01,5.064127498647152947e-01,4.412717241755514941e-03,4.510147287489874035e-01,-1.147151103923227611e+00,-7.888353185762080333e-01,1.603125334182409656e+00
2.494000000000000128e+01,4.974493076932176017e-01,6.496692178346585855e-03,4.919795148023794473e-01,-1.165094381658816625e+00,-7.787318213945387813e-01,1.625602417109829778e+00
2.494999999999999929e+01,4.884012810051951980e-01,8.757071254550941042e-03,5.286250753096812804e-01,-1.183005708840049630e+00,-7.675726307865535780e-01,1.644697912092234926e+00
2.496000000000000085e+01,4.792664716953488613e-01,1.116518322449500111e-02,5.597054325671543262e-01,-1.200887161282739868e+00,-7.547917804042850731e-01,1.660700991705835516e+00
2.496999999999999886e+01,4.700438821690571811e-01,1.369014975271931611e-02,5.849491046357333524e-01,-1.218740703897037037e+00,-7.396905480309983183e-01,1.673877777689308566e+00
2.498000000000000043e+01,4.607336400137485022e-01,1.629890125433608450e-02,6.047728794483573367e-01,-1.236568093053760586e+00,-7.215538663642693251e-01,1.684473362829725263e+00
2.499000000000000199e+01,4.513369073590871583e-01,1.895618118176778388e-02,6.198546833641526144e-01,-1.254370773489223545e+00,-6.998400399610444911e-01,1.692713680963393585e+00
2.500000000000000000e+01,4.418557800586959683e-01,2.162454076525799351e-02,6.308756456315339767e-01,-1.272149765522424536e+00,-6.743353538779686129e-01,1.698807123848248946e+00
