t_s,x2_control_m,x2_delta_theta2_1e-08_m,x2_delta_theta2_1e-06_m,x2_delta_theta2_0.0001_m,x2_delta_theta2_0.01_m,x2_delta_theta2_2_m
0.000000000000000000e+00,5.903017667099742516e-01,5.903017761037013811e-01,5.903027060825156713e-01,5.903957022666134202e-01,5.996781925296128524e-01,9.588773120453673027e-01
1.000000000000000021e-02,5.901412228708984298e-01,5.901412322607045846e-01,5.901421618513414957e-01,5.902351192220379739e-01,5.995137719777914320e-01,9.589751029954522998e-01
2.000000000000000042e-02,5.896596465506505069e-01,5.896596559286979566e-01,5.896605843552285009e-01,5.897534253282255001e-01,5.990205693950820809e-01,9.592681656014989677e-01
2.999999999999999889e-02,5.888572034701151647e-01,5.888572128285791685e-01,5.888581393163513367e-01,5.889507864349438071e-01,5.981987621427622415e-01,9.597555656806957547e-01
4.000000000000000083e-02,5.877341702643787968e-01,5.877341795954561521e-01,5.877351033719490081e-01,5.878274793923434771e-01,5.970486462992979915e-01,9.604357347746749207e-01
5.000000000000000278e-02,5.862909351298536409e-01,5.862909444257711211e-01,5.862918647214527823e-01,5.863838926984743516e-01,5.955706373715987656e-01,9.613064530228663251e-01
5.999999999999999778e-02,5.845279987260707522e-01,5.845280079790944328e-01,5.845289240282853793e-01,5.846205274016240683e-01,5.937652712855873149e-01,9.623648253369896377e-01
7.000000000000000666e-02,5.824459753306047149e-01,5.824459845330480778e-01,5.824468955747906795e-01,5.825379982559085734e-01,5.916332056514238547e-01,9.636072510538093994e-01
8.000000000000000167e-02,5.800455942361663064e-01,5.800456033803994549e-01,5.800465086593357134e-01,5.801370351191746932e-01,5.891752212940433164e-01,9.650293873572762804e-01
8.999999999999999667e-02,5.773277013857575080e-01,5.773277104642159374e-01,5.773286092314747764e-01,5.774184845891012774e-01,5.863922240425658572e-01,9.666261067691565012e-01
1.000000000000000056e-01,5.742932612429381134e-01,5.742932702481322593e-01,5.742941617622262518e-01,5.743833118744836597e-01,5.832852467690881060e-01,9.683914489416991511e-01
1.100000000000000006e-01,5.709433588821031247e-01,5.709433678066269113e-01,5.709442513343602199e-01,5.710326028866050674e-01,5.798554516629352840e-01,9.703185674383791870e-01
1.199999999999999956e-01,5.672792022855059901e-01,5.672792111220463784e-01,5.672800859394346862e-01,5.673675665374631194e-01,5.761041327273209722e-01,9.723996718457982302e-01
1.300000000000000044e-01,5.633021248405037928e-01,5.633021335818503283e-01,5.633029989750523159e-01,5.633895372382776712e-01,5.720327184856880409e-01,9.746259660162288618e-01
1.400000000000000133e-01,5.590135880299472726e-01,5.590135966690014113e-01,5.590144519352637786e-01,5.590999775911412728e-01,5.676427748838730469e-01,9.769875830586080001e-01
1.499999999999999944e-01,5.544151843064119012e-01,5.544151928361966686e-01,5.544160372848099261e-01,5.545004812644184211e-01,5.629360083671779424e-01,9.794735177839415385e-01
1.600000000000000033e-01,5.495086401012078126e-01,5.495086485148779065e-01,5.495094814681429352e-01,5.495927760028944675e-01,5.579142691048635250e-01,9.820715578977750049e-01
1.700000000000000122e-01,5.442958189848864370e-01,5.442958272757377758e-01,5.442966480699470422e-01,5.443787267896286197e-01,5.525795543622172845e-01,9.847682146032162853e-01
1.799999999999999933e-01,5.387787249645553667e-01,5.387787331260350809e-01,5.387795411124612910e-01,5.388603391441503243e-01,5.469340119796617383e-01,9.875486537339112081e-01
1.900000000000000022e-01,5.329595058799339036e-01,5.329595139056506614e-01,5.329603084515444067e-01,5.330397625194102096e-01,5.409799439446698610e-01,9.903966288338585944e-01
2.000000000000000111e-01,5.268404568883636729e-01,5.268404647720974499e-01,5.268412452616919595e-01,5.269192937874993543e-01,5.347198100306822521e-01,9.932944171132926936e-01
2.099999999999999922e-01,5.204240240172635090e-01,5.204240317529762461e-01,5.204247975884973565e-01,5.205013807926082148e-01,5.281562314760791521e-01,9.962227592458480219e-01
2.200000000000000011e-01,5.137128077644480539e-01,5.137128153462935387e-01,5.137135659489708850e-01,5.137886259515640486e-01,5.212919946752128109e-01,9.991608050545359720e-01
2.300000000000000100e-01,5.067095667259551295e-01,5.067095741482894322e-01,5.067103089593671950e-01,5.067837898815150677e-01,5.141300548565121975e-01,1.002086065163264594e+00
2.399999999999999911e-01,4.994172212214643691e-01,4.994172284788558347e-01,4.994179469605974919e-01,4.994897950248124996e-01,5.066735397213377734e-01,1.004974370123365546e+00
2.500000000000000000e-01,4.918388568917235748e-01,4.918388639789628702e-01,4.918395656156490103e-01,4.919097292457461634e-01,4.989257530056477874e-01,1.007799838119047831e+00
2.600000000000000089e-01,4.839777282570431605e-01,4.839777351691533225e-01,4.839784194680653018e-01,4.840468493875960121e-01,4.908901779388680220e-01,1.010534851065105988e+00
2.700000000000000178e-01,4.758372621944401137e-01,4.758372689266863187e-01,4.758379354190725996e-01,4.759045847479841385e-01,4.825704805719755464e-01,1.013150039574941763e+00
2.800000000000000266e-01,4.674210613175936446e-01,4.674210678654926454e-01,4.674217161075111537e-01,4.674865404564956251e-01,4.739705129414031326e-01,1.015614277858278180e+00
2.899999999999999800e-01,4.587329072295224242e-01,4.587329135888518206e-01,4.587335431624837145e-01,4.587965007244224624e-01,4.650943160318857794e-01,1.017894686137066351e+00
2.999999999999999889e-01,4.497767636168851224e-01,4.497767697836921874e-01,4.497773802976202662e-01,4.498384319354736816e-01,4.559461225048185851e-01,1.019956641089107219e+00
3.099999999999999978e-01,4.405567791559074076e-01,4.405567851265175805e-01,4.405573762169624485e-01,4.406164855474559161e-01,4.465303591825444673e-01,1.021763792266994653e+00
3.200000000000000067e-01,4.310772902163720888e-01,4.310772959873971355e-01,4.310778673189055166e-01,4.311350007914704907e-01,4.368516492291649178e-01,1.023278081608020695e+00
3.300000000000000155e-01,4.213428233188523109e-01,4.213428288871970961e-01,4.213433801533745249e-01,4.213985071234279678e-01,4.269148140073568132e-01,1.024459764935053085e+00
3.400000000000000244e-01,4.113580973181629741e-01,4.113581026810330110e-01,4.113586336052128534e-01,4.114117264011559749e-01,4.167248745859829517e-01,1.025267430093392829e+00
3.500000000000000333e-01,4.011280252910064958e-01,4.011280304459134971e-01,4.011285407817565263e-01,4.011795747649818944e-01,4.062870528697575256e-01,1.025658008696152201e+00
3.599999999999999867e-01,3.906577161009967547e-01,3.906577210457641280e-01,3.906582105777807179e-01,3.907071641949191321e-01,3.956067723152021376e-01,1.025586775779908866e+00
3.699999999999999956e-01,3.799524756057514052e-01,3.799524803385184168e-01,3.799529488825048595e-01,3.799998037091202319e-01,3.846896581984376451e-01,1.025007331947707101e+00
3.800000000000000044e-01,3.690178074702644695e-01,3.690178119894900743e-01,3.690182593928721944e-01,3.690630001678497640e-01,3.735415374377148989e-01,1.023871561027369870e+00
3.900000000000000133e-01,3.578594135817543265e-01,3.578594178862192221e-01,3.578598440282987903e-01,3.579024586785005679e-01,3.621684379335288750e-01,1.022129555750101115e+00
4.000000000000000222e-01,3.464831940387415044e-01,3.464831981275500183e-01,3.464836029196429745e-01,3.465240825737926911e-01,3.505765873900258400e-01,1.019729502586833814e+00
4.100000000000000311e-01,3.348952466628932756e-01,3.348952505354731990e-01,3.348956339209369637e-01,3.349339729123062548e-01,3.387724116179380851e-01,1.016617516175460922e+00
4.199999999999999845e-01,3.231018660355541861e-01,3.231018696916561073e-01,3.231022316457982657e-01,3.231384275031217723e-01,3.267625323072765875e-01,1.012737411957087552e+00
4.299999999999999933e-01,3.111095420397737010e-01,3.111095454794688409e-01,3.111098860093337581e-01,3.111439394354575394e-01,3.145537642508499099e-01,1.008030404328845497e+00
4.400000000000000022e-01,2.989249578819309638e-01,2.989249611056075673e-01,2.989252802496358274e-01,2.989571950874172490e-01,3.021531119979461444e-01,1.002434715776404417e+00
4.500000000000000111e-01,2.865549875633370824e-01,2.865549905716957002e-01,2.865552883992516509e-01,2.865850715843368812e-01,2.895677659255451175e-01,9.958850801056957636e-01
4.600000000000000200e-01,2.740066927937289121e-01,2.740066955877765720e-01,2.740069721985444184e-01,2.740346336989446518e-01,2.768050977833181880e-01,9.883121204487990141e-01
4.700000000000000289e-01,2.612873193835324459e-01,2.612873219645748257e-01,2.612875774878206658e-01,2.613131302300673031e-01,2.638726556459411454e-01,9.796415800145847896e-01
4.799999999999999822e-01,2.484042930260548232e-01,2.484042953956875910e-01,2.484045299893861969e-01,2.484279897711857421e-01,2.507781582955109223e-01,9.697933807358034564e-01
4.899999999999999911e-01,2.353652145120420092e-01,2.353652166721407202e-01,2.353654305219690657e-01,2.353868159115370395e-01,2.375294890546005289e-01,9.586804834359790028e-01
5.000000000000000000e-01,2.221778543732061961e-01,2.221778563259147465e-01,2.221780496441149166e-01,2.221973818663945388e-01,2.241346890818579074e-01,9.462075235633942150e-01
5.100000000000000089e-01,2.088501469588067150e-01,2.088501487065244633e-01,2.088503217306386384e-01,2.088676245407677379e-01,2.106019501404144123e-01,9.322692030921693185e-01
5.200000000000000178e-01,1.953901839363954007e-01,1.953901854817633454e-01,1.953903384732466886e-01,1.954056380178041397e-01,1.969396068489956408e-01,9.167484378059913563e-01
5.300000000000000266e-01,1.818062072102396287e-01,1.818062085561250596e-01,1.818063417988436403e-01,1.818196664655800654e-01,1.831561284298723613e-01,8.995143008910791993e-01
5.400000000000000355e-01,1.681066013058500341e-01,1.681066024553303784e-01,1.681067162539449655e-01,1.681180965101466973e-01,1.692601100284932825e-01,8.804198924589172748e-01
5.500000000000000444e-01,1.542998852659017150e-01,1.542998862222470513e-01,1.542999809005029532e-01,1.543094491219209052e-01,1.552602635977351486e-01,8.593004367599188509e-01
5.600000000000000533e-01,1.403947039763273619e-01,1.403947047429824346e-01,1.403947806419061917e-01,1.404023709323922176e-01,1.411654083592406850e-01,8.359722321727197647e-01
5.700000000000000622e-01,1.263998190363228025e-01,1.263998196168878985e-01,1.263998770929057325e-01,1.264056250962332095e-01,1.269844609174629602e-01,8.102336504930994776e-01
5.799999999999999600e-01,1.123240991741992212e-01,1.123240995724105185e-01,1.123241389953993086e-01,1.123280817003142196e-01,1.127264250440054294e-01,7.818703130190145512e-01
5.899999999999999689e-01,9.817651024206570931e-02,9.817651046177497398e-02,9.817653221305863709e-02,9.817870775291234753e-02,9.840038117513491556e-02,7.506678719071733230e-01
5.999999999999999778e-01,8.396610481416294514e-02,8.396610485931690904e-02,8.396610932962414453e-02,8.396655677811476481e-02,8.401547566273384615e-02,7.164370563945072767e-01
6.099999999999999867e-01,6.970201142450649368e-02,6.970201129912599602e-02,6.970199888652252318e-02,6.970075805091223431e-02,6.958090982023856785e-02,6.790552133405638457e-01
6.199999999999999956e-01,5.539342353258720764e-02,5.539342324074612162e-02,5.539339434855194977e-02,5.539050556139143988e-02,5.510592881206830690e-02,6.385231789124289348e-01
6.300000000000000044e-01,4.104958819670664893e-02,4.104958774251100950e-02,4.104954277722500100e-02,4.104504668880647189e-02,4.059981043320338989e-02,5.950229816558814111e-01
6.400000000000000133e-01,2.667979453615638291e-02,2.667979392372360481e-02,2.667973329296555174e-02,2.667367066554262103e-02,2.607185381254456535e-02,5.489456648172172937e-01
6.500000000000000222e-01,1.229336202687165980e-02,1.229336126031003312e-02,1.229328537079663226e-02,1.228569687618196252e-02,1.153136810180011018e-02,5.008587695093505987e-01
6.600000000000000311e-01,-2.100371322197795536e-03,-2.100372238809081540e-03,-2.100462983240692413e-03,-2.109536961300770286e-03,-3.012338820052659714e-03,4.514150004492515911e-01
6.700000000000000400e-01,-1.649206086333947913e-02,-1.649206192596967130e-02,-1.649216712627582515e-02,-1.650268668346981105e-02,-1.754997157759712045e-02,4.012442543386835481e-01
6.800000000000000488e-01,-3.087236722652464405e-02,-3.087236843121001634e-02,-3.087248769497681622e-02,-3.088441359004635497e-02,-3.207225841414437784e-02,3.508770661328358131e-01
6.900000000000000577e-01,-4.523196819816651532e-02,-4.523196954102788603e-02,-4.523210248422075697e-02,-4.524539631388160843e-02,-4.656996214493497321e-02,3.007168480259900800e-01
7.000000000000000666e-01,-5.956157051634476673e-02,-5.956157199360422039e-02,-5.956171824221663524e-02,-5.957634260601137044e-02,-6.103389094128833237e-02,2.510484207474319995e-01
7.099999999999999645e-01,-7.385192153690740835e-02,-7.385192314490394982e-02,-7.385208233649523391e-02,-7.386800099054750823e-02,-7.545490887209599373e-02,2.020623422611927400e-01
7.199999999999999734e-01,-8.809382071405594261e-02,-8.809382244925978434e-02,-8.809399423437200283e-02,-8.811117223305865720e-02,-8.982394617043762408e-02,1.538808257176347283e-01
7.299999999999999822e-01,-1.022781308565534342e-01,-1.022781327155789649e-01,-1.022783167590257669e-01,-1.022967205838259119e-01,-1.041320092032200773e-01,1.065791218624887460e-01
7.399999999999999911e-01,-1.163957891091512015e-01,-1.163957910887685465e-01,-1.163959870707896027e-01,-1.164155847456994630e-01,-1.183701901165820081e-01,6.020116816964715678e-02
7.500000000000000000e-01,-1.304378176112021559e-01,-1.304378197083473911e-01,-1.304380273256221801e-01,-1.304587885185254093e-01,-1.325296761169058035e-01,1.477031190610683664e-02
7.600000000000000089e-01,-1.443953338062813341e-01,-1.443953360180653678e-01,-1.443955549845800101e-01,-1.444174510939176259e-01,-1.466017583473997465e-01,-2.970363353614685620e-02
7.700000000000000178e-01,-1.582595603623619396e-01,-1.582595626860778815e-01,-1.582597927338483812e-01,-1.582827969609251206e-01,-1.605778403462520543e-01,-7.321987943940616583e-02
7.800000000000000266e-01,-1.720218346560593026e-01,-1.720218370891881676e-01,-1.720220779688353963e-01,-1.720461653753255771e-01,-1.744494461246369199e-01,-1.157838580912019522e-01
7.900000000000000355e-01,-1.856736178023025152e-01,-1.856736203425175258e-01,-1.856738718236937979e-01,-1.856990193742785733e-01,-1.882082277400072834e-01,-1.574055362142721681e-01
8.000000000000000444e-01,-1.992065032090620802e-01,-1.992065058542315525e-01,-1.992067677259004577e-01,-1.992329543162682792e-01,-2.018459724209847594e-01,-1.980984471643473244e-01
8.100000000000000533e-01,-2.126122246249772529e-01,-2.126122273731659573e-01,-2.126124994437413318e-01,-2.126397059144927160e-01,-2.153546092207140328e-01,-2.378791752897712608e-01
8.200000000000000622e-01,-2.258826636480021355e-01,-2.258826664974713794e-01,-2.258829485948217752e-01,-2.259111577319086739e-01,-2.287262151912052288e-01,-2.767671138420001453e-01
8.300000000000000711e-01,-2.390098566923258283e-01,-2.390098596415320409e-01,-2.390101516128418924e-01,-2.390393481337449999e-01,-2.419530210584248386e-01,-3.147843758008141424e-01
8.399999999999999689e-01,-2.519860014375999713e-01,-2.519860044851920944e-01,-2.519863061967028139e-01,-2.520164767245192117e-01,-2.550274163814064687e-01,-3.519557753044089687e-01
8.499999999999999778e-01,-2.648034626792973856e-01,-2.648034658241129047e-01,-2.648037771607429924e-01,-2.648349101862469412e-01,-2.679419542458758019e-01,-3.883088231668678225e-01
8.599999999999999867e-01,-2.774547776246550912e-01,-2.774547808657153447e-01,-2.774551017305674216e-01,-2.774871875629292828e-01,-2.806893554669540602e-01,-4.238736977417336127e-01
8.699999999999999956e-01,-2.899326606298177067e-01,-2.899326639663215577e-01,-2.899329942800817905e-01,-2.899660249868545869e-01,-2.932625122738790058e-01,-4.586831656260014767e-01
8.800000000000000044e-01,-3.022300073791618913e-01,-3.022300108104787331e-01,-3.022303505107210020e-01,-3.022643198482806159e-01,-3.056544915211202862e-01,-4.927724358979713171e-01
8.900000000000000133e-01,-3.143398984975886989e-01,-3.143399020232506835e-01,-3.143402510636579827e-01,-3.143751543993724695e-01,-3.178585374312102863e-01,-5.261789405387855556e-01
9.000000000000000222e-01,-3.262556025923641911e-01,-3.262556062120574030e-01,-3.262559645615680792e-01,-3.262917987884481619e-01,-3.298680738742748586e-01,-5.589420389507140374e-01
9.100000000000000311e-01,-3.379705787958827701e-01,-3.379705825094382332e-01,-3.379709501513040171e-01,-3.380077135938727162e-01,-3.416767061838559827e-01,-5.911026508517565059e-01
9.200000000000000400e-01,-3.494784787765562450e-01,-3.494784825839393760e-01,-3.494788595147433341e-01,-3.495165518308360753e-01,-3.532782225109488694e-01,-6.227028254941573415e-01
9.300000000000000488e-01,-3.607731482208376139e-01,-3.607731521221381188e-01,-3.607735383507556515e-01,-3.608121604276336436e-01,-3.646665947844170974e-01,-6.537852593501514153e-01
9.400000000000000577e-01,-3.718486278339211415e-01,-3.718486318293418025e-01,-3.718490273758576770e-01,-3.718885812219362430e-01,-3.758359792692108625e-01,-6.843927761190115033e-01
9.500000000000000666e-01,-3.826991538810571303e-01,-3.826991579709028146e-01,-3.826995628654901171e-01,-3.827400514982922664e-01,-3.867807166950603670e-01,-7.145677849293643469e-01
9.599999999999999645e-01,-3.933191582841645273e-01,-3.933191624688302523e-01,-3.933195767506043050e-01,-3.933610040821339249e-01,-3.974953320317007321e-01,-7.443517327269295603e-01
9.699999999999999734e-01,-4.037032682835856034e-01,-4.037032725635451569e-01,-4.037036962794038342e-01,-4.037460670001619123e-01,-4.079745339101612522e-01,-7.737845667079381595e-01
9.799999999999999822e-01,-4.138463056759920655e-01,-4.138463100517860149e-01,-4.138467432552465075e-01,-4.138900627179767366e-01,-4.182132137119964899e-01,-8.029042210127519397e-01
9.899999999999999911e-01,-4.237432857046716794e-01,-4.237432901768952154e-01,-4.237437329268906039e-01,-4.237880070262038945e-01,-4.282064443418044375e-01,-8.317461401143676492e-01
1.000000000000000000e+00,-4.333894156289296307e-01,-4.333894201982209093e-01,-4.333898725579322653e-01,-4.334351076135072312e-01,-4.379494786989007182e-01,-8.603428486545640075e-01
1.010000000000000009e+00,-4.427800929104342975e-01,-4.427800975774626724e-01,-4.427805596131413890e-01,-4.428267622519485025e-01,-4.474377478895948945e-01,-8.887235750529758338e-01
1.020000000000000018e+00,-4.519109031343047089e-01,-4.519109078997586293e-01,-4.519113796795622418e-01,-4.519585567194293052e-01,-4.566668592069278443e-01,-9.169139326312155669e-01
1.030000000000000027e+00,-4.607776176603666785e-01,-4.607776225249421431e-01,-4.607781041177821946e-01,-4.608262624521456408e-01,-4.656325938602261516e-01,-9.449356599125197098e-01
1.040000000000000036e+00,-4.693761910360237932e-01,-4.693761960004130263e-01,-4.693766874748200868e-01,-4.694258339592233265e-01,-4.743309045196686946e-01,-9.728064176087245496e-01
1.050000000000000044e+00,-4.777027581913200205e-01,-4.777027632562004245e-01,-4.777032646792130355e-01,-4.777534060201538146e-01,-4.827579126798006715e-01,-1.000539639844761464e+00
1.060000000000000053e+00,-4.857536314365252794e-01,-4.857536366025477781e-01,-4.857541480386316501e-01,-4.858052906854087860e-01,-4.909099058685373329e-01,-1.028144432188206281e+00
1.070000000000000062e+00,-4.935252973058399939e-01,-4.935253025736190402e-01,-4.935258240835980192e-01,-4.935779741214768590e-01,-4.987833347254978511e-01,-1.055625510107553566e+00
1.080000000000000071e+00,-5.010144132917873083e-01,-5.010144186618898932e-01,-5.010149503019158956e-01,-5.010681133489534034e-01,-5.063748099732079400e-01,-1.082983168154030729e+00
1.090000000000000080e+00,-5.082178044363986347e-01,-5.082178099093348500e-01,-5.082183517298837216e-01,-5.082725328365502726e-01,-5.136810993013281035e-01,-1.110213271156450521e+00
1.100000000000000089e+00,-5.151324598596209725e-01,-5.151324654358334643e-01,-5.151330174807322582e-01,-5.151882210325717804e-01,-5.206991241876672838e-01,-1.137307257020714779e+00
1.110000000000000098e+00,-5.217555292276712109e-01,-5.217555349075260196e-01,-5.217560972130115271e-01,-5.218123268364265321e-01,-5.274259566806887012e-01,-1.164252140952314107e+00
1.120000000000000107e+00,-5.280843191889181831e-01,-5.280843249726954181e-01,-5.280848975665040079e-01,-5.281421560377066449e-01,-5.338588161629312934e-01,-1.191030510998953407e+00
1.130000000000000115e+00,-5.341162898002331794e-01,-5.341162956881182478e-01,-5.341168785886081238e-01,-5.341751677458309588e-01,-5.399950661132242313e-01,-1.217620504542983317e+00
1.140000000000000124e+00,-5.398490509662577930e-01,-5.398490569583329624e-01,-5.398496501736403941e-01,-5.399089708326900716e-01,-5.458322108922987193e-01,-1.243995755969050210e+00
1.150000000000000133e+00,-5.452803589163727205e-01,-5.452803650126085699e-01,-5.452809685398344319e-01,-5.453413204127088854e-01,-5.513678925766345440e-01,-1.270125305258455572e+00
1.159999999999999920e+00,-5.504081127365916259e-01,-5.504081189368397187e-01,-5.504087327612694480e-01,-5.504701143781087769e-01,-5.565998878560827201e-01,-1.295973457452449296e+00
1.169999999999999929e+00,-5.552303509792493319e-01,-5.552303572832339995e-01,-5.552309813775885283e-01,-5.552933900117533739e-01,-5.615261049973448992e-01,-1.321499583384418530e+00
1.179999999999999938e+00,-5.597452483688138969e-01,-5.597452547761253561e-01,-5.597458890998447956e-01,-5.598093206962465596e-01,-5.661445809227338977e-01,-1.346657850688955493e+00
1.189999999999999947e+00,-5.639511126197778168e-01,-5.639511191298653969e-01,-5.639517636284239188e-01,-5.640162127349921395e-01,-5.704534784010536486e-01,-1.371396875415594740e+00
1.199999999999999956e+00,-5.678463813869634169e-01,-5.678463879991286767e-01,-5.678470426033794816e-01,-5.679125023055386912e-01,-5.744510833679032924e-01,-1.395659283538009943e+00
1.209999999999999964e+00,-5.714296193677211866e-01,-5.714296260811116968e-01,-5.714302907066612924e-01,-5.714967525647831614e-01,-5.781358023916739475e-01,-1.419381173260381823e+00
1.219999999999999973e+00,-5.746995155629599505e-01,-5.746995223765631877e-01,-5.747001969231806395e-01,-5.747676509134582723e-01,-5.815061603064750617e-01,-1.442491469760143197e+00
1.229999999999999982e+00,-5.776548807122168228e-01,-5.776548876248547293e-01,-5.776555719759062235e-01,-5.777240064338504677e-01,-5.845607980296558814e-01,-1.464911168901084526e+00
1.239999999999999991e+00,-5.802946449256458639e-01,-5.802946519359694078e-01,-5.802953459578843454e-01,-5.803647475248896459e-01,-5.872984705484274315e-01,-1.486552473093986304e+00
1.250000000000000000e+00,-5.826178555156373839e-01,-5.826178626221208967e-01,-5.826185661638868529e-01,-5.826889197368275708e-01,-5.897180451164807380e-01,-1.507317835720575427e+00
1.260000000000000009e+00,-5.846236750384719016e-01,-5.846236822394090815e-01,-5.846243951320985177e-01,-5.846956838159336201e-01,-5.918184996656525865e-01,-1.527098953202230547e+00
1.270000000000000018e+00,-5.863113795592489463e-01,-5.863113868527480843e-01,-5.863121089090718163e-01,-5.863843139722888509e-01,-5.935989214330165131e-01,-1.545775779481080026e+00
1.280000000000000027e+00,-5.876803571542028592e-01,-5.876803645381825092e-01,-5.876810955520713753e-01,-5.877541963848544881e-01,-5.950585058129891358e-01,-1.563215694612487550e+00
1.290000000000000036e+00,-5.887301066489825097e-01,-5.887301141211674915e-01,-5.887308538673892144e-01,-5.888048279433690801e-01,-5.961965554480408436e-01,-1.579273043189250103e+00
1.300000000000000044e+00,-5.894602365933949706e-01,-5.894602441513130398e-01,-5.894609923851142907e-01,-5.895358152256001683e-01,-5.970124795716945654e-01,-1.593789373598756498e+00
1.310000000000000053e+00,-5.898704644988911339e-01,-5.898704721398695394e-01,-5.898712285966496438e-01,-5.899468737380277883e-01,-5.975057935895129457e-01,-1.606594855575072422e+00
1.320000000000000062e+00,-5.899606163257696823e-01,-5.899606240469323915e-01,-5.899613884419473431e-01,-5.900378274062035855e-01,-5.976761189061592372e-01,-1.617511503213315383e+00
1.330000000000000071e+00,-5.897306262249759623e-01,-5.897306340232403299e-01,-5.897314060513402234e-01,-5.898086083198040841e-01,-5.975231830222442753e-01,-1.626358923634892317e+00
1.340000000000000080e+00,-5.891805365392398519e-01,-5.891805444113152879e-01,-5.891813237467122821e-01,-5.892592567369010492e-01,-5.970468198862751708e-01,-1.632963224881299080e+00
1.350000000000000089e+00,-5.883104980701617803e-01,-5.883105060125470853e-01,-5.883112923086128987e-01,-5.883899213541173845e-01,-5.962469704998276665e-01,-1.637169282240251045e+00
1.360000000000000098e+00,-5.871207706004509808e-01,-5.871207786094327918e-01,-5.871215714985373868e-01,-5.872008598328937179e-01,-5.951236837797504453e-01,-1.638855639192330793e+00
1.370000000000000107e+00,-5.856117236657436553e-01,-5.856117317373947806e-01,-5.856125308307749133e-01,-5.856924395743414724e-01,-5.936771176848228970e-01,-1.637949977060162210e+00
1.380000000000000115e+00,-5.837838375920454403e-01,-5.837838457222247479e-01,-5.837846506098882671e-01,-5.838651387604214538e-01,-5.919075406134785000e-01,-1.634441804028920142e+00
1.390000000000000124e+00,-5.816377047781953191e-01,-5.816377129625464049e-01,-5.816385232132174066e-01,-5.817195476403741461e-01,-5.898153330386748383e-01,-1.628388639882557332e+00
1.400000000000000133e+00,-5.791740312208732977e-01,-5.791740394548247073e-01,-5.791748546159269928e-01,-5.792563700596882192e-01,-5.874009893809043481e-01,-1.619913209193560188e+00
1.409999999999999920e+00,-5.763936382788289459e-01,-5.763936465575941748e-01,-5.763944661552717896e-01,-5.764764252280869528e-01,-5.846651201578553225e-01,-1.609191796849138711e+00
1.419999999999999929e+00,-5.732974646736568314e-01,-5.732974729922353241e-01,-5.732982965314143975e-01,-5.733806497243398859e-01,-5.816084543589805644e-01,-1.596436682392553319e+00
1.429999999999999938e+00,-5.698865687055694185e-01,-5.698865770587472346e-01,-5.698874040232546623e-01,-5.699700997179513173e-01,-5.782318420533189007e-01,-1.581876978507869680e+00
1.439999999999999947e+00,-5.661621306801418729e-01,-5.661621390624934635e-01,-5.661629689152098965e-01,-5.662459533991966998e-01,-5.745362572223443598e-01,-1.565741737676052070e+00
1.449999999999999956e+00,-5.621254555416346221e-01,-5.621254639475250503e-01,-5.621262961305872885e-01,-5.622095136175646601e-01,-5.705228008146846497e-01,-1.548247530542791184e+00
1.459999999999999964e+00,-5.577779756950598244e-01,-5.577779841186472076e-01,-5.577788180537037732e-01,-5.578622107090795978e-01,-5.661927040159351332e-01,-1.529590928678721928e+00
1.469999999999999973e+00,-5.531212539992973465e-01,-5.531212624345358542e-01,-5.531220975230601855e-01,-5.532056054953209401e-01,-5.615473316956770544e-01,-1.509945151698164123e+00
1.479999999999999982e+00,-5.481569869195324074e-01,-5.481569953601764800e-01,-5.481578309838378571e-01,-5.482413924415827644e-01,-5.565881860523496094e-01,-1.489459682545578811e+00
1.489999999999999991e+00,-5.428870078282076461e-01,-5.428870162678155475e-01,-5.428878517889026423e-01,-5.429714029632718431e-01,-5.513169104293825784e-01,-1.468261695147269563e+00
1.500000000000000000e+00,-5.373132904430016898e-01,-5.373132988749409478e-01,-5.373141336368356669e-01,-5.373976088689529362e-01,-5.457352932857625349e-01,-1.446458399064850964e+00
1.510000000000000009e+00,-5.314379523761623147e-01,-5.314379607936152716e-01,-5.314387941213559730e-01,-5.315221259182654201e-01,-5.398452723082343141e-01,-1.424139702657171158e+00
1.520000000000000018e+00,-5.252632587470831282e-01,-5.252632671430529365e-01,-5.252640983439600397e-01,-5.253472174415962925e-01,-5.336489386480934849e-01,-1.401380839374239518e+00
1.530000000000000027e+00,-5.187916259047168355e-01,-5.187916342720345630e-01,-5.187924626363934477e-01,-5.188752980675672699e-01,-5.271485412653114100e-01,-1.378244773846312166e+00
1.540000000000000036e+00,-5.120256251834172101e-01,-5.120256335147498339e-01,-5.120264583165775596e-01,-5.121089374877059175e-01,-5.203464913587193541e-01,-1.354784312269791569e+00
1.550000000000000044e+00,-5.049679866915270932e-01,-5.049679949793854927e-01,-5.049688154772722370e-01,-5.050508642524368375e-01,-5.132453668581378192e-01,-1.331043903527765915e+00
1.560000000000000053e+00,-4.976216031071736268e-01,-4.976216113439224653e-01,-4.976224267819527869e-01,-4.977039695749611026e-01,-5.058479169628783412e-01,-1.307061149163699199e+00
1.570000000000000062e+00,-4.899895334567034855e-01,-4.899895416345707577e-01,-4.899903512433276820e-01,-4.900713111180403092e-01,-4.981570666932777502e-01,-1.282868054546757897e+00
1.580000000000000071e+00,-4.820750068505627040e-01,-4.820750149616510605e-01,-4.820758179593033765e-01,-4.821561167383571211e-01,-4.901759214378733631e-01,-1.258492057010362153e+00
1.590000000000000080e+00,-4.738814261517274584e-01,-4.738814341880260850e-01,-4.738822297815016849e-01,-4.739617881634882179e-01,-4.819077714651687216e-01,-1.233956865856440377e+00
1.600000000000000089e+00,-4.654123715503035719e-01,-4.654123795037009570e-01,-4.654131668899493812e-01,-4.654919045756994445e-01,-4.733560963649995346e-01,-1.209283145262405990e+00
1.610000000000000098e+00,-4.566716040154930045e-01,-4.566716118777903732e-01,-4.566723902451373940e-01,-4.567502260729962571e-01,-4.645245693891362215e-01,-1.184489067036250010e+00
1.620000000000000107e+00,-4.476630685951041855e-01,-4.476630763580302652e-01,-4.476638448876204546e-01,-4.477406969777068535e-01,-4.554170616789944281e-01,-1.159590755935340223e+00
1.630000000000000115e+00,-4.383908975404579023e-01,-4.383909051956842440e-01,-4.383916630630122491e-01,-4.384674489702364841e-01,-4.460376463153367110e-01,-1.134602646497756773e+00
1.640000000000000124e+00,-4.288594132240192147e-01,-4.288594207631768462e-01,-4.288601671397107573e-01,-4.289348040160387288e-01,-4.363906021693475523e-01,-1.109537767220365900e+00
1.650000000000000133e+00,-4.190731308138431199e-01,-4.190731382285395878e-01,-4.190738722834401742e-01,-4.191472770497344791e-01,-4.264804175231087235e-01,-1.084407965321332323e+00
1.660000000000000142e+00,-4.090367606745316520e-01,-4.090367679563697290e-01,-4.090374888582904989e-01,-4.091095783843773370e-01,-4.163117934183368507e-01,-1.059224083206118383e+00
1.669999999999999929e+00,-3.987552104900554673e-01,-3.987552176306515261e-01,-3.987559245496174465e-01,-3.988266158419315754e-01,-4.058896466815792858e-01,-1.033996096217965732e+00
1.679999999999999938e+00,-3.882335870423220814e-01,-3.882335940333263569e-01,-3.882342861427066083e-01,-3.883034965416113371e-01,-3.952191125861506671e-01,-1.008733219913767520e+00
1.689999999999999947e+00,-3.774771976322691680e-01,-3.774772044653861292e-01,-3.774778809439389704e-01,-3.775455283281362040e-01,-3.843055471517570765e-01,-9.834439941072476987e-01
1.699999999999999956e+00,-3.664915511189005271e-01,-3.664915577859106932e-01,-3.664922178198924962e-01,-3.665582208173725487e-01,-3.731545289789703901e-01,-9.581363504030808720e-01
1.709999999999999964e+00,-3.552823585467639322e-01,-3.552823650395452448e-01,-3.552830078248861434e-01,-3.553472860303656389e-01,-3.617718606115987168e-01,-9.328176684905860050e-01
1.719999999999999973e+00,-3.438555333228094923e-01,-3.438555396333604630e-01,-3.438561643779045607e-01,-3.439186385768470688e-01,-3.501635693902354629e-01,-9.074948274622671729e-01
1.729999999999999982e+00,-3.322171909085332997e-01,-3.322171970289957699e-01,-3.322178029547901978e-01,-3.322783953524192091e-01,-3.383359077523007685e-01,-8.821742570577078002e-01
1.739999999999999991e+00,-3.203736480464035030e-01,-3.203736539690860141e-01,-3.203742403146813134e-01,-3.204328747659287435e-01,-3.262953529216470194e-01,-8.568619906096495153e-01
1.750000000000000000e+00,-3.083314214517326457e-01,-3.083314271691344199e-01,-3.083319931919414891e-01,-3.083885954371894389e-01,-3.140486059609580161e-01,-8.315637272590444828e-01
1.760000000000000009e+00,-2.960972259559063180e-01,-2.960972314607406841e-01,-2.960977764393938338e-01,-2.961522743407871694e-01,-3.016025902004031423e-01,-8.062849050997290545e-01
1.770000000000000018e+00,-2.836779720970283858e-01,-2.836779773822471484e-01,-2.836785006189612712e-01,-2.837308243962207710e-01,-2.889644489279770134e-01,-7.810307865224513924e-01
1.780000000000000027e+00,-2.710807631416780605e-01,-2.710807682004948149e-01,-2.710812690234096212e-01,-2.711313514882429110e-01,-2.761415423670756097e-01,-7.558065599450600747e-01
1.790000000000000036e+00,-2.583128915102731460e-01,-2.583128963361867592e-01,-2.583133741016937490e-01,-2.583611508905172549e-01,-2.631414439176247289e-01,-7.306174573308752418e-01
1.800000000000000044e+00,-2.453818345796404676e-01,-2.453818391664583931e-01,-2.453822932614991292e-01,-2.454277030654445080e-01,-2.499719356338073184e-01,-7.054688890781137811e-01
1.810000000000000053e+00,-2.322952498993842430e-01,-2.322952542412447530e-01,-2.322956840855069371e-01,-2.323386688700253000e-01,-2.366410029007037785e-01,-6.803665949118047340e-01
1.820000000000000062e+00,-2.190609698066006139e-01,-2.190609738979945320e-01,-2.190613789460739980e-01,-2.191018841671984463e-01,-2.231568283141022735e-01,-6.553168091991200539e-01
1.830000000000000071e+00,-2.056869953972526865e-01,-2.056869992330443986e-01,-2.056873789765090721e-01,-2.057253537873290350e-01,-2.095277848251450303e-01,-6.303264379297079945e-01
1.840000000000000080e+00,-1.921814898976606234e-01,-1.921814934731076174e-01,-1.921818474424517587e-01,-1.922172448886441121e-01,-1.957624280395133254e-01,-6.054032427487556767e-01
1.850000000000000089e+00,-1.785527714469501981e-01,-1.785527747577216329e-01,-1.785531025241897662e-01,-1.785858797264786302e-01,-1.818694877515952268e-01,-5.805560255174819773e-01
1.860000000000000098e+00,-1.648093052946285608e-01,-1.648093083368222800e-01,-1.648096095141000639e-01,-1.648397278373578967e-01,-1.678578587276405854e-01,-5.557948043308434949e-01
1.870000000000000107e+00,-1.509596954127578328e-01,-1.509596981829160467e-01,-1.509599724286856126e-01,-1.509873976374942195e-01,-1.537365907599926862e-01,-5.311309679448543708e-01
1.880000000000000115e+00,-1.370126755313351985e-01,-1.370126780264586397e-01,-1.370129250437930879e-01,-1.370376274422154261e-01,-1.395148780003518385e-01,-5.065773897744252352e-01
1.890000000000000124e+00,-1.229770997100899099e-01,-1.229771019276495042e-01,-1.229773214661640246e-01,-1.229992760126601137e-01,-1.252020475887614115e-01,-4.821484744399046063e-01
1.900000000000000133e+00,-1.088619323897393187e-01,-1.088619343276865381e-01,-1.088621261845739430e-01,-1.088813125956745870e-01,-1.108075477119518787e-01,-4.578600970815281945e-01
1.910000000000000142e+00,-9.467623796389730562e-02,-9.467623962067224508e-02,-9.467640364150467502e-02,-9.469280647202726886e-02,-9.634093508166655107e-02,-4.337293772332682096e-01
1.919999999999999929e+00,-8.042916994482338100e-02,-8.042917131936083708e-02,-8.042930739868310586e-02,-8.044291610111342639e-02,-8.181186185294891944e-02,-4.097742023860264649e-01
1.929999999999999938e+00,-6.612995975293969875e-02,-6.612996084467281932e-02,-6.613006892637414424e-02,-6.614087788805332602e-02,-6.723006211092547035e-02,-3.860123793701997208e-01
1.939999999999999947e+00,-5.178790517049258746e-02,-5.178790597935455098e-02,-5.178798605682073675e-02,-5.179599461514737546e-02,-5.260533796608635182e-02,-3.624602446162406011e-01
1.949999999999999956e+00,-3.741235849659013679e-02,-3.741235902301349309e-02,-3.741241113906475235e-02,-3.741762357525099669e-02,-3.794754532631340604e-02,-3.391305121033115766e-01
1.959999999999999964e+00,-2.301271445342490188e-02,-2.301271469833857802e-02,-2.301273894493523209e-02,-2.301516445472597677e-02,-2.326657940976447486e-02,-3.160291020105986948e-01
1.969999999999999973e+00,-8.598397953613369504e-03,-8.598397918437151663e-03,-8.598394436137119998e-03,-8.598047075341667955e-03,-8.572360095213246364e-03,-2.931507223159394715e-01
1.979999999999999982e+00,5.821148302996528856e-03,5.821148616359401833e-03,5.821179639135233563e-03,5.824281028037130506e-03,6.125182809560429827e-03,-2.704731691862939380e-01
1.989999999999999991e+00,2.023647629467066611e-02,2.023647688384328999e-02,2.023653521177977768e-02,2.024236709655976782e-02,2.081612433383607519e-02,-2.479508141763006046e-01
2.000000000000000000e+00,3.463814515963220542e-02,3.463814602177583968e-02,3.463823137384022116e-02,3.464676565023080274e-02,3.549055903447195098e-02,-2.255086720607603068e-01
2.010000000000000231e+00,4.901673364096981178e-02,4.901673477279787361e-02,4.901684682361917567e-02,4.902805095330975416e-02,5.013861555011193960e-02,-2.030396331306282276e-01
2.020000000000000018e+00,6.336285243711373139e-02,6.336285383490766754e-02,6.336299221634769663e-02,6.337682938415994949e-02,6.475047093716754243e-02,-1.804081274712904803e-01
2.030000000000000249e+00,7.766715640261137588e-02,7.766715806223831176e-02,7.766732236514080345e-02,7.768375165400187576e-02,7.931636471141761957e-02,-1.574623441102758203e-01
2.040000000000000036e+00,9.192035654659355681e-02,9.192035846352555883e-02,9.192054823963191623e-02,9.193952482218581412e-02,9.382661253965252079e-02,-1.340535165207785429e-01
2.049999999999999822e+00,1.061132317778338552e-01,1.061132339471689834e-01,1.061134487111844715e-01,1.061349240564819774e-01,1.082716195053476521e-01,-1.100564938200257054e-01
2.060000000000000053e+00,1.202366403419811575e-01,1.202366427584656144e-01,1.202368819902605995e-01,1.202608040839652226e-01,1.226418928847461537e-01,-8.538444198575428912e-02
2.069999999999999840e+00,1.342815309122787903e-01,1.342815335703302915e-01,1.342817967172554305e-01,1.343081102932061066e-01,1.369280543922812010e-01,-5.999361934397592910e-02
2.080000000000000071e+00,1.482389532904595242e-01,1.482389561841916947e-01,1.482392426634938087e-01,1.482678894453394458e-01,1.511208518456173544e-01,-3.387912572607421069e-02
2.089999999999999858e+00,1.621000686687207593e-01,1.621000717919683365e-01,1.621003809932936579e-01,1.621312999448512038e-01,1.652111701909033947e-01,-7.065591327505449382e-03
2.100000000000000089e+00,1.758561594129683658e-01,1.758561627593133170e-01,1.758564940472701066e-01,1.758896216289217440e-01,1.791900418496344960e-01,2.040315818921406565e-02
2.109999999999999876e+00,1.894986383683321951e-01,1.894986419311297798e-01,1.894989946478876364e-01,1.895342650764416659e-01,1.930486564120025839e-01,4.847298691507090362e-02
2.120000000000000107e+00,2.030190576202607899e-01,2.030190613926662890e-01,2.030194348605966481e-01,2.030567803733921983e-01,2.067783695787325793e-01,7.708601404104725718e-02
2.129999999999999893e+00,2.164091166995545656e-01,2.164091206745499263e-01,2.164095141988716942e-01,2.164488653183790912e-01,2.203707113722828126e-01,1.061849601129192244e-01
2.140000000000000124e+00,2.296606702223915053e-01,2.296606743928120142e-01,2.296610872642246282e-01,2.297023730613635961e-01,2.338173936140483522e-01,1.357157536032118084e-01
2.149999999999999911e+00,2.427657349499925954e-01,2.427657393085532744e-01,2.427661708058472256e-01,2.428093191610038448e-01,2.471103166564148079e-01,1.656289158963056840e-01
2.160000000000000142e+00,2.557164962427800892e-01,2.557165007821017300e-01,2.557169501747392770e-01,2.557618880358171198e-01,2.602415753477912430e-01,1.958801481879299256e-01
2.169999999999999929e+00,2.685053138909341275e-01,2.685053186035690764e-01,2.685057851542162477e-01,2.685524387899395071e-01,2.732034642463143093e-01,2.264304235951338229e-01
2.180000000000000160e+00,2.811247273729181595e-01,2.811247322513745206e-01,2.811252152183403297e-01,2.811735104620161629e-01,2.859884821549977807e-01,2.572457869878110870e-01
2.189999999999999947e+00,2.935674604975914148e-01,2.935674655343574191e-01,2.935679641739854517e-01,2.936178266626587319e-01,2.985893358900370553e-01,2.882969907512437646e-01
2.200000000000000178e+00,3.058264254306580776e-01,3.058264306182254533e-01,3.058269441871903638e-01,3.058782995912739944e-01,3.109989433664103187e-01,3.195590453916512530e-01
2.209999999999999964e+00,3.178947261380140055e-01,3.178947314688999048e-01,3.178952592264027155e-01,3.179480334691769938e-01,3.232104360220666717e-01,3.510107322281080244e-01
2.220000000000000195e+00,3.297656612592593239e-01,3.297656667260276953e-01,3.297662079358844034e-01,3.298203274022682985e-01,3.352171606008304550e-01,3.826341060934330129e-01
2.229999999999999982e+00,3.414327264132488438e-01,3.414327320085300821e-01,3.414332859411557952e-01,3.414886776760414633e-01,3.470126802990541881e-01,4.144140045250566673e-01
2.240000000000000213e+00,3.528896159360235818e-01,3.528896216525337359e-01,3.528901875868257765e-01,3.529467794833542893e-01,3.585907753031991607e-01,4.463375732818063435e-01
2.250000000000000000e+00,3.641302240831905124e-01,3.641302299137490484e-01,3.641308071388246193e-01,3.641885281122645424e-01,3.699454428427275676e-01,4.783938144566582951e-01
2.260000000000000231e+00,3.751486457845059075e-01,3.751486517220516959e-01,3.751492395388703049e-01,3.752080196885085872e-01,3.810708966638668427e-01,5.105731612950512588e-01
2.270000000000000018e+00,3.859391768521935884e-01,3.859391828898006138e-01,3.859397806126755315e-01,3.859995513730918315e-01,3.919615660242949939e-01,5.428670826274560879e-01
2.280000000000000249e+00,3.964963137483558664e-01,3.964963198792468280e-01,3.964969268372274813e-01,3.965576211164330012e-01,4.026120942434888716e-01,5.752677193909385700e-01
2.290000000000000036e+00,4.068147529232066795e-01,4.068147591407657027e-01,4.068153746788903957e-01,4.068769269835778579e-01,4.130173368435512415e-01,6.077675542939661169e-01
2.300000000000000266e+00,4.168893897566631201e-01,4.168893960544473032e-01,4.168900195348722582e-01,4.169523660832432643e-01,4.231723592986650906e-01,6.403591156618401170e-01
2.310000000000000053e+00,4.267153171185236182e-01,4.267153234902733017e-01,4.267159542932861815e-01,4.267790331163610063e-01,4.330724344099191603e-01,6.730347151144093765e-01
2.319999999999999840e+00,4.362878235624348400e-01,4.362878300020825439e-01,4.362884675270106705e-01,4.363522185594070901e-01,4.427130393912340756e-01,7.057862178298126565e-01
2.330000000000000071e+00,4.456023911876053067e-01,4.456023976892840022e-01,4.456030413552741765e-01,4.456674065133282570e-01,4.520898526930614558e-01,7.386048430568437073e-01
2.339999999999999858e+00,4.546546932812273178e-01,4.546546998392765326e-01,4.546553490859479574e-01,4.547202723327324891e-01,4.611987505300835233e-01,7.714809911028807088e-01
2.350000000000000089e+00,4.634405916287824834e-01,4.634405982377544087e-01,4.634412525257765036e-01,4.635066799290186168e-01,4.700358032133258313e-01,8.044040919726777039e-01
2.359999999999999876e+00,4.719561336139360685e-01,4.719561402686001661e-01,4.719567990801507573e-01,4.720226788580340616e-01,4.785972712949931318e-01,8.373624689440034574e-01
2.370000000000000107e+00,4.801975491172870703e-01,4.801975558126337917e-01,4.801982186517605444e-01,4.802645012090537291e-01,4.868796015538130462e-01,8.703432097269228063e-01
2.379999999999999893e+00,4.881612472420796545e-01,4.881612539733229394e-01,4.881619203662098117e-01,4.882285583209468594e-01,4.948794228400842932e-01,9.033320356201096635e-01
2.390000000000000124e+00,4.958438128905862108e-01,4.958438196531653741e-01,4.958444891483124728e-01,4.959114373497505168e-01,5.025935418131011190e-01,9.363131581998683783e-01
2.399999999999999911e+00,5.032420032126072584e-01,5.032420100021881559e-01,5.032426821705108244e-01,5.033098977091285953e-01,5.100189386276532399e-01,9.692691110912841079e-01
2.410000000000000142e+00,5.103527439617998596e-01,5.103527507742748881e-01,5.103534252091147527e-01,5.104208674177246330e-01,5.171527625378882220e-01,1.002180542370063376e+00
2.419999999999999929e+00,5.171731258043434920e-01,5.171731326358308678e-01,5.171738089528958859e-01,5.172414394006472627e-01,5.239923274850740720e-01,1.035025951749177997e+00
2.430000000000000160e+00,5.237004005593389744e-01,5.237004074061816228e-01,5.237010852434150765e-01,5.237688677228015122e-01,5.305351076778385133e-01,1.067781352853116150e+00
2.439999999999999947e+00,5.299319774341375577e-01,5.299319842929008928e-01,5.299326633102833251e-01,5.300005638173297395e-01,5.367787331882583057e-01,1.100419838600463773e+00
2.450000000000000178e+00,5.358654192625613710e-01,5.358654261300307420e-01,5.358661060093186101e-01,5.359340927175193503e-01,5.427209855840993136e-01,1.132911023169988152e+00
2.459999999999999964e+00,5.414984387707515445e-01,5.414984456439291272e-01,5.414991260883346147e-01,5.415671693166790313e-01,5.483597936177431187e-01,1.165220329075444594e+00
2.470000000000000195e+00,5.468288948923860637e-01,5.468289017684869746e-01,5.468295825023021806e-01,5.468976546777655212e-01,5.536932289942797514e-01,1.197308082339337165e+00
2.479999999999999982e+00,5.518547891540406258e-01,5.518547960304883704e-01,5.518554767986582066e-01,5.519235524135363002e-01,5.587195022314388471e-01,1.229128372082878506e+00
2.490000000000000213e+00,5.565742621499176757e-01,5.565742690243399293e-01,5.565749495919861678e-01,5.566430051563177051e-01,5.634369586352188097e-01,1.260627624937862512e+00
2.500000000000000000e+00,5.609855901242363219e-01,5.609855969944592680e-01,5.609862771463580700e-01,5.610542911357772056e-01,5.678440744025536890e-01,1.291742840502090317e+00
2.510000000000000231e+00,5.650871816811567916e-01,5.650871885451990151e-01,5.650878680852161606e-01,5.651558208844751352e-01,5.719394528684973444e-01,1.322399435742782847e+00
2.520000000000000018e+00,5.688775746357076502e-01,5.688775814917749196e-01,5.688782602422606249e-01,5.689461340848118720e-01,5.757218209178409651e-01,1.352508659966841220e+00
2.530000000000000249e+00,5.723554330208375784e-01,5.723554398673155186e-01,5.723561176684622831e-01,5.724238965722404648e-01,5.791900255744708570e-01,1.381964579603153442e+00
2.540000000000000036e+00,5.755195442687955909e-01,5.755195511042432432e-01,5.755202278134065041e-01,5.755878975129302688e-01,5.823430307682787577e-01,1.410640710640164386e+00
2.550000000000000266e+00,5.783688165829277139e-01,5.783688234060705424e-01,5.783694988970553563e-01,5.784370467721651199e-01,5.851799143145093307e-01,1.438386523190574806e+00
2.560000000000000053e+00,5.809022764984177467e-01,5.809022833081397552e-01,5.809029574704603904e-01,5.809703724722574680e-01,5.876998651046704270e-01,1.465024285457434461e+00
2.569999999999999840e+00,5.831190666564346481e-01,5.831190734517706087e-01,5.831197461898760537e-01,5.831870187633053648e-01,5.899021805184927469e-01,1.490347074896139157e+00
2.580000000000000071e+00,5.850184438006751364e-01,5.850184505808028179e-01,5.850191218132756443e-01,5.850862438170573165e-01,5.917862640696704979e-01,1.514119232218064326e+00
2.589999999999999858e+00,5.865997769994686362e-01,5.865997837637000334e-01,5.866004534224310563e-01,5.866674180464729327e-01,5.933516233022773090e-01,1.536080934698526246e+00
2.600000000000000089e+00,5.878625461017403797e-01,5.878625528495131647e-01,5.878632208788509006e-01,5.879300225592151152e-01,5.945978679399392952e-01,1.555958600418860360e+00
2.609999999999999876e+00,5.888063404386728594e-01,5.888063471695420548e-01,5.888070135254172000e-01,5.888736478568372679e-01,5.955247082791605973e-01,1.573482048652726561e+00
2.620000000000000107e+00,5.894308577810024596e-01,5.894308644946306686e-01,5.894315291436609261e-01,5.894979927898494898e-01,5.961319538648983674e-01,1.588407402700858562e+00
2.629999999999999893e+00,5.897359035372273794e-01,5.897359102333763481e-01,5.897365731519529364e-01,5.898028637543991648e-01,5.964195124309028539e-01,1.600541976021562673e+00
2.640000000000000124e+00,5.897213902135161057e-01,5.897213968920365090e-01,5.897220580653895761e-01,5.897881741497557062e-01,5.963873891105783143e-01,1.609765195617681943e+00
2.649999999999999911e+00,5.893873371364670710e-01,5.893873437972894092e-01,5.893880032185362383e-01,5.894539440995238966e-01,5.960356859253495010e-01,1.616039744755028762e+00
2.660000000000000142e+00,5.887338704317794935e-01,5.887338770749042105e-01,5.887345347440835486e-01,5.888003004287819531e-01,5.953646015607069186e-01,1.619410118114171571e+00
2.669999999999999929e+00,5.877612232604745302e-01,5.877612298859619111e-01,5.877618858090531972e-01,5.878274768988223098e-01,5.943744314145960050e-01,1.619990123115076841e+00
2.680000000000000160e+00,5.864697363167468147e-01,5.864697429247073268e-01,5.864703971126346005e-01,5.865358147034950287e-01,5.930655679174245964e-01,1.617944008325055805e+00
2.689999999999999947e+00,5.848598585882690548e-01,5.848598651788528002e-01,5.848605176464780619e-01,5.849257632283219044e-01,5.914385011416564142e-01,1.613466477159516632e+00
2.700000000000000178e+00,5.829321483548730587e-01,5.829321549282595605e-01,5.829328056933672508e-01,5.829978810484508500e-01,5.894938196778005679e-01,1.606765379308793706e+00
2.709999999999999964e+00,5.806872744438906775e-01,5.806872810002787766e-01,5.806879300825481538e-01,5.807528371826026214e-01,5.872322117770382155e-01,1.598048785419004414e+00
2.720000000000000195e+00,5.781260177285850732e-01,5.781260242681821593e-01,5.781266716881521273e-01,5.781914125908516056e-01,5.846544667611766055e-01,1.587516516136356692e+00
2.729999999999999982e+00,5.752492728583415982e-01,5.752492793813533956e-01,5.752499251593820029e-01,5.753145019042353869e-01,5.817614766940342186e-01,1.575355339757162021e+00
2.740000000000000213e+00,5.720580502129553047e-01,5.720580567195749921e-01,5.720587008747931579e-01,5.721231153784754886e-01,5.785542382886321722e-01,1.561736815837208914e+00
2.750000000000000000e+00,5.685534780773597863e-01,5.685534845677575611e-01,5.685541271170173605e-01,5.686183810681120221e-01,5.750338550611875377e-01,1.546816861285947420e+00
2.760000000000000231e+00,5.647368050315143551e-01,5.647368115058268856e-01,5.647374524626458392e-01,5.648015472160539119e-01,5.712015397213342505e-01,1.530736334071450599e+00
2.770000000000000018e+00,5.606094025229295674e-01,5.606094089812488912e-01,5.606100483547599156e-01,5.606739848266788506e-01,5.670586167745816919e-01,1.513622148853601246e+00
2.780000000000000249e+00,5.561727676251002617e-01,5.561727740674639042e-01,5.561734118613591571e-01,5.562371904235948739e-01,5.626065253223020424e-01,1.495588615367198448e+00
2.790000000000000036e+00,5.514285259720796972e-01,5.514285323984592369e-01,5.514291686099374035e-01,5.514927889846193976e-01,5.578468220562280422e-01,1.476738813961036012e+00
2.800000000000000266e+00,5.463784348463716078e-01,5.463784412566625726e-01,5.463790758753817034e-01,5.464425370301577711e-01,5.527811844441297140e-01,1.457165907046007014e+00
2.810000000000000053e+00,5.410243864018622340e-01,5.410243927958735544e-01,5.410250258029094539e-01,5.410883258468561774e-01,5.474114140973825871e-01,1.436954335530286064e+00
2.819999999999999840e+00,5.353684110077050473e-01,5.353684173851482875e-01,5.353690487519617847e-01,5.354321848322465272e-01,5.417394402281128230e-01,1.416180880602766257e+00
2.830000000000000071e+00,5.294126807002976776e-01,5.294126870607772650e-01,5.294133167481887003e-01,5.294762849475582733e-01,5.357673232703953348e-01,1.394915588501797421e+00
2.839999999999999858e+00,5.231595127299156767e-01,5.231595190729181333e-01,5.231601470300927259e-01,5.232229422652986406e-01,5.294972586234905076e-01,1.373222564609761553e+00
2.850000000000000089e+00,5.166113731726653668e-01,5.166113794975493168e-01,5.166120056610065125e-01,5.166746215837960676e-01,5.229315804774860021e-01,1.351160647746714627e+00
2.859999999999999876e+00,5.097708805600326132e-01,5.097708868660193460e-01,5.097715111586539338e-01,5.098339400579687819e-01,5.160727657101397137e-01,1.328783976531897837e+00
2.870000000000000107e+00,5.026408095709392621e-01,5.026408158571026297e-01,5.026414381872270631e-01,5.027036708933491083e-01,5.089234378365704581e-01,1.306142459656544963e+00
2.879999999999999893e+00,4.952240947067491073e-01,4.952241009720061982e-01,4.952247212324195624e-01,4.952867470239333825e-01,5.014863709982529949e-01,1.283282161016446876e+00
2.890000000000000124e+00,4.875238339488721095e-01,4.875238401919742559e-01,4.875244582590593234e-01,4.875862647725739407e-01,4.937644939776473230e-01,1.260245609334428973e+00
2.899999999999999911e+00,4.795432923719037399e-01,4.795432985914277468e-01,4.795439143242802849e-01,4.796054874674059443e-01,4.857608941913448275e-01,1.237072040732637435e+00
2.910000000000000142e+00,4.712859056869594387e-01,4.712859118812990911e-01,4.712865251208944728e-01,4.713478489889356693e-01,4.774788216295045573e-01,1.213797581569717288e+00
2.919999999999999929e+00,4.627552836894036625e-01,4.627552898567614537e-01,4.627559004251635133e-01,4.628169572220300898e-01,4.689216927808593782e-01,1.190455377399511239e+00
2.930000000000000160e+00,4.539552135861130155e-01,4.539552197244931531e-01,4.539558274241090041e-01,4.540165973878487748e-01,4.600930944567283021e-01,1.167075674859153978e+00
2.939999999999999947e+00,4.448896631758713083e-01,4.448896692830722754e-01,4.448902738959587544e-01,4.449507352294684859e-01,4.509967875179136110e-01,1.143685859433809959e+00
2.950000000000000178e+00,4.355627838539032348e-01,4.355627899275117398e-01,4.355633912147413578e-01,4.356235200223883552e-01,4.416367104751538486e-01,1.120310455323518362e+00
2.959999999999999964e+00,4.259789134119238430e-01,4.259789194493086573e-01,4.259795171503982791e-01,4.260392873809406011e-01,4.320169829377246695e-01,1.096971091023860589e+00
2.970000000000000195e+00,4.161425786125241277e-01,4.161425846108313120e-01,4.161431784432394476e-01,4.162025618395940318e-01,4.221419088845961287e-01,1.073686435234615377e+00
2.979999999999999982e+00,4.060584975061797275e-01,4.060585034623281908e-01,4.060590931210293908e-01,4.061180591777442950e-01,4.120159797337795693e-01,1.050472107543017231e+00
2.990000000000000213e+00,3.957315814563600043e-01,3.957315873670380624e-01,3.957321725241829125e-01,3.957906884535014047e-01,4.016438771834418553e-01,1.027340569018841743e+00
3.000000000000000000e+00,3.851669368446941633e-01,3.851669427063572626e-01,3.851675230110193082e-01,3.852255537176542677e-01,3.910304757942713594e-01,1.004300998173276227e+00
3.010000000000000231e+00,3.743698664550739741e-01,3.743698722639425824e-01,3.743704473419587342e-01,3.744279554070779614e-01,3.801808452908103098e-01,9.813591578701006402e-01
3.020000000000000018e+00,3.633458704709576770e-01,3.633458762230171724e-01,3.633464456769367468e-01,3.634033913531365956e-01,3.691002525587596672e-01,9.585172605243855726e-01
3.030000000000000249e+00,3.521006470772188313e-01,3.521006527682198906e-01,3.521012161773608984e-01,3.521575573943436788e-01,3.577941633033279722e-01,9.357738383155064232e-01
3.040000000000000036e+00,3.406400926451395583e-01,3.406400982705999336e-01,3.406406551912191105e-01,3.406963475727862178e-01,3.462682433332349707e-01,9.131236252429902889e-01
3.050000000000000266e+00,3.289703014751039767e-01,3.289703070303114929e-01,3.289708569958961215e-01,3.290258538891338569e-01,3.345283594667207705e-01,8.905574617275162641e-01
3.060000000000000053e+00,3.170975650618880204e-01,3.170975705419046831e-01,3.170981130635960321e-01,3.171523655812232834e-01,3.225805800262915302e-01,8.680622271996970563e-01
3.070000000000000284e+00,3.050283708517077530e-01,3.050283762513754660e-01,3.050289108185257891e-01,3.050823678946699147e-01,3.104311748737312859e-01,8.456208107401114171e-01
3.080000000000000071e+00,2.927694005154105050e-01,2.927694058293580093e-01,2.927699319102118336e-01,2.928225403684335260e-01,2.980866149827210432e-01,8.232121276078133709e-01
3.089999999999999858e+00,2.803275276777698610e-01,2.803275329004211724e-01,2.803280499429506856e-01,2.803797545797970248e-01,2.855535715270286490e-01,8.008111870715436398e-01
3.100000000000000089e+00,2.677098150875784066e-01,2.677098202131625304e-01,2.677103276460423009e-01,2.677610713285123456e-01,2.728389144491699669e-01,7.783892201764808227e-01
3.109999999999999876e+00,2.549235112334060083e-01,2.549235162559682633e-01,2.549240134896917920e-01,2.549737372668872126e-01,2.599497104707756412e-01,7.559138694254096125e-01
3.120000000000000107e+00,2.419760463952557172e-01,2.419760513086705866e-01,2.419765377368117143e-01,2.420251809659917930e-01,2.468932205564873528e-01,7.333494435136602707e-01
3.129999999999999893e+00,2.288750281112544305e-01,2.288750329092397728e-01,2.288755079098622469e-01,2.289230083973608498e-01,2.336768968183897954e-01,7.106572374158186545e-01
3.140000000000000124e+00,2.156282360379142005e-01,2.156282407140469592e-01,2.156287036512635757e-01,2.156749978085078234e-01,2.203083787918667102e-01,6.877959132393700603e-01
3.149999999999999911e+00,2.022436162339694699e-01,2.022436207817025489e-01,2.022440710073565295e-01,2.022890940187789810e-01,2.067954891128495065e-01,6.647219384222852190e-01
3.160000000000000142e+00,1.887292748898162786e-01,1.887292793024972215e-01,1.887297161579926663e-01,1.887734021641437054e-01,1.931462285857968864e-01,6.413900709501997310e-01
3.169999999999999929e+00,1.750934714343710952e-01,1.750934757052617363e-01,1.750938985235202527e-01,1.751361808166698730e-01,1.793687706216882949e-01,6.177538810276648196e-01
3.180000000000000160e+00,1.613446110843791137e-01,1.613446152066766448e-01,1.613450233142155188e-01,1.613858345461623989e-01,1.654714550190115596e-01,5.937662956780257462e-01
3.189999999999999947e+00,1.474912368474710911e-01,1.474912408143299603e-01,1.474916335334494621e-01,1.475309059341803342e-01,1.514627811125882073e-01,5.693801503870381531e-01
3.200000000000000178e+00,1.335420209936929725e-01,1.335420247982483100e-01,1.335424014493218070e-01,1.335800670559504633e-01,1.373514003387354410e-01,5.445487319705002438e-01
3.209999999999999964e+00,1.195057560009238073e-01,1.195057596363153229e-01,1.195061195401740245e-01,1.195421104354265768e-01,1.231461081193356011e-01,5.192262949126265070e-01
3.220000000000000195e+00,1.053913449835685023e-01,1.053913484429654379e-01,1.053916909233658106e-01,1.054259394824622331e-01,1.088558351508325528e-01,4.933685351784626860e-01
3.229999999999999982e+00,9.120779169712887879e-02,9.120779497375540446e-02,9.120811935988901165e-02,9.124055850124745959e-02,9.448963810840405042e-02,4.669330058419395302e-01
3.240000000000000213e+00,7.696419013415012333e-02,7.696419322131133056e-02,7.696449885038239569e-02,7.699506229351604780e-02,8.005668978083309295e-02,4.398794616760273168e-01
3.250000000000000000e+00,6.266971368040712143e-02,6.266971657151532149e-02,6.267000279134234131e-02,6.269862531700191866e-02,6.556626863970196895e-02,4.121701219438135277e-01
3.260000000000000231e+00,4.833360395050025071e-02,4.833360663910138411e-02,4.833387281073348030e-02,4.836049052256016778e-02,5.102774786596159240e-02,3.837698444841666223e-01
3.270000000000000018e+00,3.396515932067532828e-02,3.396516180047539496e-02,3.396540730080492565e-02,3.398995788657785400e-02,3.645058397082766299e-02,3.546462073538527715e-01
3.280000000000000249e+00,1.957372320551025932e-02,1.957372547040149569e-02,1.957394969475654070e-02,1.959637268565873891e-02,2.184430491942783090e-02,3.247694987792091315e-01
3.290000000000000036e+00,5.168672118047046120e-03,5.168674162133705605e-03,5.168876526833666302e-03,5.189113553076574528e-03,7.218497868767229965e-03,2.941126197166480383e-01
3.300000000000000266e+00,-9.240596439030534376e-03,-9.240594621407005257e-03,-9.240414676554573395e-03,-9.222419635959972981e-03,-7.417203429321075035e-03,2.626509081098261644e-01
3.310000000000000053e+00,-2.364467615210656334e-02,-2.364467456634294223e-02,-2.364451757562394119e-02,-2.362881795110934741e-02,-2.205313151781573139e-02,2.303618975065034880e-01
3.320000000000000284e+00,-3.803416415376048576e-02,-3.803416280496833141e-02,-3.803402927442917081e-02,-3.802067567244651891e-02,-3.667959837006452839e-02,1.972250287396550839e-01
3.330000000000000071e+00,-5.239967327204637232e-02,-5.239967216502958852e-02,-5.239956257025672748e-02,-5.238860255119024562e-02,-5.128690869131592028e-02,1.632213385619233348e-01
3.339999999999999858e+00,-6.673184421971335711e-02,-6.673184335894706554e-02,-6.673175814296949948e-02,-6.672323601134240445e-02,-6.586537332988798288e-02,1.283331583263099818e-01
3.350000000000000089e+00,-8.102135767411933198e-02,-8.102135706372994017e-02,-8.102129663506009438e-02,-8.101525324355815516e-02,-8.040532274726500117e-02,9.254386709197637284e-02
3.359999999999999876e+00,-9.525894619315064538e-02,-9.525894583689761830e-02,-9.525891056772384236e-02,-9.525538313640675991e-02,-9.489712046577265803e-02,5.583776284879726770e-02
3.370000000000000107e+00,-1.094354059153742342e-01,-1.094354058166334964e-01,-1.094353960411769688e-01,-1.094344179930982347e-01,-1.093311764339154196e-01,1.820014798066549311e-02
3.379999999999999893e+00,-1.235416079965121483e-01,-1.235416081582612624e-01,-1.235416241713050700e-01,-1.235432249853768844e-01,-1.236979602471115908e-01,-2.038222938505451776e-02
3.390000000000000124e+00,-1.375685097343463115e-01,-1.375685101591514747e-01,-1.375685522147523654e-01,-1.375727572968764023e-01,-1.379880141561520557e-01,-5.992015293459435066e-02
3.399999999999999911e+00,-1.515071653328056989e-01,-1.515071660228106964e-01,-1.515072343331999583e-01,-1.515140649063290712e-01,-1.521919657950307481e-01,-1.004199825578495076e-01
3.410000000000000142e+00,-1.653487362717864229e-01,-1.653487372287034129e-01,-1.653488319633807102e-01,-1.653583049768541091e-01,-1.663005405778550938e-01,-1.418802088472064238e-01
3.419999999999999929e+00,-1.790845012436689809e-01,-1.790845024687713893e-01,-1.790846237537950802e-01,-1.790967518123378899e-01,-1.803045736969215440e-01,-1.842856499592773756e-01
3.430000000000000160e+00,-1.927058656130198888e-01,-1.927058671071370521e-01,-1.927060150246136527e-01,-1.927208063372753966e-01,-1.941950216748976610e-01,-2.275979848884295276e-01
3.439999999999999947e+00,-2.062043703647612192e-01,-2.062043721282752484e-01,-2.062045467160468493e-01,-2.062220050649684056e-01,-2.079629734159624266e-01,-2.717408083918459449e-01
3.450000000000000178e+00,-2.195717005472871963e-01,-2.195717025801320610e-01,-2.195719038316563121e-01,-2.195920285600295729e-01,-2.215996607044426470e-01,-3.165771255624857394e-01
3.459999999999999964e+00,-2.327996931494720756e-01,-2.327996954511341310e-01,-2.327999233155582659e-01,-2.328227093350451748e-01,-2.350964681213419394e-01,-3.618781308043407252e-01
3.470000000000000195e+00,-2.458803444044009856e-01,-2.458803469739215819e-01,-2.458806013563414605e-01,-2.459060391730428785e-01,-2.484449423386705935e-01,-4.072863191728168797e-01
3.479999999999999982e+00,-2.588058165156544854e-01,-2.588058193516344363e-01,-2.588061001135326111e-01,-2.588341758717902508e-01,-2.616368007502353210e-01,-4.522860970974010297e-01
3.490000000000000213e+00,-2.715684437965926734e-01,-2.715684468971985011e-01,-2.715687538570527026e-01,-2.715994494003314275e-01,-2.746639394255245836e-01,-4.962094605217383103e-01
3.500000000000000000e+00,-2.841607382035388207e-01,-2.841607415665103886e-01,-2.841610745005645478e-01,-2.841943674486123173e-01,-2.875184403709494241e-01,-5.383074677550366838e-01
3.510000000000000231e+00,-2.965753942485147565e-01,-2.965753978711745953e-01,-2.965757565143620211e-01,-2.966116203556663500e-01,-3.001925780731116711e-01,-5.778854466101953635e-01
3.520000000000000018e+00,-3.088052933396716604e-01,-3.088052972189357370e-01,-3.088056812659408790e-01,-3.088440854638441202e-01,-3.126788253048729538e-01,-6.144417096809695611e-01
3.530000000000000249e+00,-3.208435075271864889e-01,-3.208435116595763081e-01,-3.208439207660264136e-01,-3.208848308780200553e-01,-3.249698582314013429e-01,-6.477335617461581485e-01
3.540000000000000036e+00,-3.326833026426906370e-01,-3.326833070243463975e-01,-3.326837408081197989e-01,-3.327271186167640726e-01,-3.370585607909474257e-01,-6.777511770651574174e-01
3.550000000000000266e+00,-3.443181408735652704e-01,-3.443181455002600755e-01,-3.443186035428982272e-01,-3.443644071971368459e-01,-3.489380283488168200e-01,-7.046413423715660596e-01
3.560000000000000053e+00,-3.557416827896082712e-01,-3.557416876567635056e-01,-3.557421695049755028e-01,-3.557903536705717684e-01,-3.606015706598819093e-01,-7.286304838525443639e-01
3.570000000000000284e+00,-3.669477888301131974e-01,-3.669477939328142924e-01,-3.669482991000594385e-01,-3.669988151179496283e-01,-3.720427141584482511e-01,-7.499702250324757902e-01
3.580000000000000071e+00,-3.779305202560785393e-01,-3.779305255890917370e-01,-3.779310535572287244e-01,-3.779838496085831112e-01,-3.832552035827693215e-01,-7.689065513989248313e-01
3.589999999999999858e+00,-3.886841395845682667e-01,-3.886841451423577176e-01,-3.886846953633487090e-01,-3.887397166401073134e-01,-3.942330029424977456e-01,-7.856655433551870127e-01
3.600000000000000089e+00,-3.992031106095006443e-01,-3.992031163862464482e-01,-3.992036882839044010e-01,-3.992608771634254539e-01,-4.049702958978710354e-01,-8.004486693243201278e-01
3.609999999999999876e+00,-4.094820979320870635e-01,-4.094821039217028114e-01,-4.094826968934687228e-01,-4.095419931164001603e-01,-4.154614855830413012e-01,-8.134328921926464728e-01
3.620000000000000107e+00,-4.195159660684114611e-01,-4.195159722645623868e-01,-4.195165856833034113e-01,-4.195779265334788066e-01,-4.257011938519582595e-01,-8.247728716911241209e-01
3.629999999999999893e+00,-4.292997781696832882e-01,-4.292997845658047540e-01,-4.293004177816225342e-01,-4.293637382669575064e-01,-4.356842600270713350e-01,-8.346038585256186915e-01
3.640000000000000124e+00,-4.388287943868882102e-01,-4.388288009762039144e-01,-4.388294533182449109e-01,-4.388946863517547703e-01,-4.454057391903772922e-01,-8.430446155870183755e-01
3.649999999999999911e+00,-4.480984699009553651e-01,-4.480984766764954941e-01,-4.480991474547534326e-01,-4.481662240348325277e-01,-4.548609000490720922e-01,-8.502000862688874339e-01
3.660000000000000142e+00,-4.571044526365806715e-01,-4.571044595912002184e-01,-4.571051480983026050e-01,-4.571739974874317602e-01,-4.640452223988096314e-01,-8.561637185307703346e-01
3.669999999999999929e+00,-4.658425806789296963e-01,-4.658425878053256697e-01,-4.658432933182950486e-01,-4.659138432193641322e-01,-4.729543942082748975e-01,-8.610194394619052893e-01
3.680000000000000160e+00,-4.743088794827713395e-01,-4.743088867735009151e-01,-4.743096085554918684e-01,-4.743817852851990313e-01,-4.815843084234835425e-01,-8.648433107367017314e-01
3.689999999999999947e+00,-4.824995588711372685e-01,-4.824995663186346651e-01,-4.825003036206331197e-01,-4.825740322795919468e-01,-4.899310595260731871e-01,-8.677049063421157227e-01
3.700000000000000178e+00,-4.904110098055909361e-01,-4.904110174021842905e-01,-4.904117694646679126e-01,-4.904869741034169617e-01,-4.979909397963281359e-01,-8.696684541119876766e-01
3.709999999999999964e+00,-4.980398010250394192e-01,-4.980398087629668291e-01,-4.980405748175219527e-01,-4.981171785981861611e-01,-5.057604354112210654e-01,-8.707937784820906080e-01
3.720000000000000195e+00,-5.053826755532138115e-01,-5.053826834246395450e-01,-5.053834626955313603e-01,-5.054613880488081357e-01,-5.132362223839723736e-01,-8.711370763793946370e-01
3.729999999999999982e+00,-5.124365471055145616e-01,-5.124365551025444887e-01,-5.124373468082379368e-01,-5.125165155854556343e-01,-5.204151623828124906e-01,-8.707515527732901939e-01
3.740000000000000213e+00,-5.191984964179126028e-01,-5.191985045326086290e-01,-5.191993078872380041e-01,-5.192796415072502558e-01,-5.272942984545551104e-01,-8.696879379188091619e-01
3.750000000000000000e+00,-5.256657675217136783e-01,-5.256657757461081770e-01,-5.256665899608922166e-01,-5.257480095515780771e-01,-5.338708506796110420e-01,-8.679949039055891991e-01
3.760000000000000231e+00,-5.318357640117233887e-01,-5.318357723378333013e-01,-5.318365966224378738e-01,-5.319190231568586835e-01,-5.401422118326343336e-01,-8.657193958304818526e-01
3.770000000000000018e+00,-5.377060453066333512e-01,-5.377060537264729545e-01,-5.377068872903192354e-01,-5.377902417174850180e-01,-5.461059430395334147e-01,-8.629068896353619955e-01
3.780000000000000249e+00,-5.432743229337422264e-01,-5.432743314393361223e-01,-5.432751734928538134e-01,-5.433593768629825238e-01,-5.517597694593707747e-01,-8.596015872023853310e-01
3.790000000000000036e+00,-5.485384568647351244e-01,-5.485384654481300082e-01,-5.485393152039567122e-01,-5.486242887883463482e-01,-5.571015760383659643e-01,-8.558465578839247190e-01
3.800000000000000266e+00,-5.534964519193819044e-01,-5.534964605726586662e-01,-5.534973172467865243e-01,-5.535829826523809283e-01,-5.621294033510885191e-01,-8.516838342962577135e-01
3.810000000000000053e+00,-5.581464542589440470e-01,-5.581464629742283190e-01,-5.581473257870980254e-01,-5.582336050658360804e-01,-5.668414435518233097e-01,-8.471544695465660357e-01
3.820000000000000284e+00,-5.624867479893564948e-01,-5.624867567588294204e-01,-5.624876249363738312e-01,-5.625744406894006566e-01,-5.712360364552243608e-01,-8.422985623489811502e-01
3.830000000000000071e+00,-5.665157518906394074e-01,-5.665157607065475220e-01,-5.665166334811843063e-01,-5.666039089581231813e-01,-5.753116657729877570e-01,-8.371552559151006490e-01
3.839999999999999858e+00,-5.702320162892772215e-01,-5.702320251439423338e-01,-5.702329017555205493e-01,-5.703205609489976347e-01,-5.790669555238732169e-01,-8.317627160857453683e-01
3.850000000000000089e+00,-5.736342200922224244e-01,-5.736342289780502757e-01,-5.736351086747495387e-01,-5.737230764102684288e-01,-5.825006666261611787e-01,-8.261580936591498281e-01
3.859999999999999876e+00,-5.767211679955701609e-01,-5.767211769050595294e-01,-5.767220589442456635e-01,-5.768102609656360347e-01,-5.856116936960702457e-01,-8.203774755829325027e-01
3.870000000000000107e+00,-5.794917878789664911e-01,-5.794917968047167411e-01,-5.794926804537542386e-01,-5.795810435043948772e-01,-5.883990620610065614e-01,-8.144558291435236574e-01
3.879999999999999893e+00,-5.819451284008135827e-01,-5.819451373355334356e-01,-5.819460218725576173e-01,-5.820344737725574591e-01,-5.908619250008122492e-01,-8.084269428794053081e-01
3.890000000000000124e+00,-5.840803568094571352e-01,-5.840803657459712195e-01,-5.840812504606227584e-01,-5.841697201801141492e-01,-5.929995612285932083e-01,-8.023233675885349525e-01
3.899999999999999911e+00,-5.858967569745260340e-01,-5.858967659057821020e-01,-5.858976500999030224e-01,-5.859860678286665792e-01,-5.948113726176673666e-01,-7.961763601936092671e-01
3.910000000000000142e+00,-5.873937276424771037e-01,-5.873937365615530259e-01,-5.873946195498489509e-01,-5.874829167634850746e-01,-5.962968821818956933e-01,-7.900158329391603340e-01
3.919999999999999929e+00,-5.885707809394455925e-01,-5.885707898395555748e-01,-5.885716709502242239e-01,-5.886597804729873928e-01,-5.974557323187044133e-01,-7.838703096705441631e-01
3.930000000000000160e+00,-5.894275411161469247e-01,-5.894275499906471705e-01,-5.894284285659762146e-01,-5.895162846304677906e-01,-5.982876833166472785e-01,-7.777668908462139763e-01
3.939999999999999947e+00,-5.899637435405289398e-01,-5.899637523829240893e-01,-5.899646277798579197e-01,-5.900521660837461102e-01,-5.987926121294832038e-01,-7.717312280930692658e-01
3.950000000000000178e+00,-5.901792339450440128e-01,-5.901792427489920279e-01,-5.901801143396706584e-01,-5.902672720995819633e-01,-5.989705114210412962e-01,-7.657875090554941977e-01
3.959999999999999964e+00,-5.900739679368917079e-01,-5.900739766962093125e-01,-5.900748438684809694e-01,-5.901615598711762445e-01,-5.988214888846994377e-01,-7.599584526908211846e-01
3.970000000000000195e+00,-5.896480107652172231e-01,-5.896480194738846770e-01,-5.896488816317906334e-01,-5.897350962827554444e-01,-5.983457668288115761e-01,-7.542653147057799545e-01
3.979999999999999982e+00,-5.889015373399677511e-01,-5.889015459921331797e-01,-5.889024025563701636e-01,-5.889880579259660909e-01,-5.975436820292061579e-01,-7.487279031632170234e-01
3.990000000000000213e+00,-5.878348325211244507e-01,-5.878348411111091742e-01,-5.878356915194660193e-01,-5.879207313866838813e-01,-5.964156858513121051e-01,-7.433646030752696365e-01
4.000000000000000000e+00,-5.864482916607385299e-01,-5.864483001830405051e-01,-5.864491438908123744e-01,-5.865335137847289548e-01,-5.949623446304477259e-01,-7.381924094514943357e-01
4.009999999999999787e+00,-5.847424213972851614e-01,-5.847424298465830894e-01,-5.847432663269637176e-01,-5.848269135659617257e-01,-5.931843403055168107e-01,-7.332269678417865366e-01
4.020000000000000462e+00,-5.827178407010340511e-01,-5.827178490721911519e-01,-5.827186778166424386e-01,-5.828015515454307849e-01,-5.910824713023540289e-01,-7.284826208430206229e-01
4.030000000000000249e+00,-5.803752821698562325e-01,-5.803752904579237981e-01,-5.803761109765239734e-01,-5.804581622009740149e-01,-5.886576536616274780e-01,-7.239724597375805093e-01
4.040000000000000036e+00,-5.777155935570110756e-01,-5.777156017572319113e-01,-5.777164135790012756e-01,-5.777975951988311154e-01,-5.859109223906080466e-01,-7.197083802554906651e-01
4.049999999999999822e+00,-5.747397395282265453e-01,-5.747397476360374124e-01,-5.747405503092435364e-01,-5.748208171485080786e-01,-5.828434330387491924e-01,-7.157011406273472431e-01
4.060000000000000497e+00,-5.714488036461491394e-01,-5.714488116571845300e-01,-5.714496047496235853e-01,-5.715289135849779267e-01,-5.794564634858440089e-01,-7.119604212912952201e-01
4.070000000000000284e+00,-5.678439905665589871e-01,-5.678439984766530113e-01,-5.678447815759094519e-01,-5.679230911626094169e-01,-5.757514159262286935e-01,-7.084948849620146261e-01
4.080000000000000071e+00,-5.639266284299441212e-01,-5.639266362351333939e-01,-5.639274089488162112e-01,-5.640046800443800912e-01,-5.717298190334134667e-01,-7.053122358792636160e-01
4.089999999999999858e+00,-5.596981714395755647e-01,-5.596981791361008707e-01,-5.596989410920548691e-01,-5.597751364774747884e-01,-5.673933302942515411e-01,-7.024192774472826084e-01
4.099999999999999645e+00,-5.551602026181524652e-01,-5.551602102024607577e-01,-5.551609610489519619e-01,-5.552360455473104306e-01,-5.627437385016935689e-01,-6.998219673325200008e-01
4.110000000000000320e+00,-5.503144367344389165e-01,-5.503144442031853156e-01,-5.503151836090593996e-01,-5.503891241013799673e-01,-5.577829663913272951e-01,-6.975254691001468998e-01
4.120000000000000107e+00,-5.451627233678153495e-01,-5.451627307178642523e-01,-5.451634583726777672e-01,-5.452362238111506665e-01,-5.525130733775017733e-01,-6.955341998033897077e-01
4.129999999999999893e+00,-5.397070500787035652e-01,-5.397070573071292010e-01,-5.397077729212483854e-01,-5.397793343391439347e-01,-5.469362584060369903e-01,-6.938518728545549630e-01
4.139999999999999680e+00,-5.339495457233871534e-01,-5.339495528274748049e-01,-5.339502561321429752e-01,-5.340205866505973731e-01,-5.410548628893974143e-01,-6.924815356558082780e-01
4.150000000000000355e+00,-5.278924838430806288e-01,-5.278924908203267430e-01,-5.278931815676969341e-01,-5.279622563990153949e-01,-5.348713737021507653e-01,-6.914256015367858943e-01
4.160000000000000142e+00,-5.215382861269892700e-01,-5.215382929751015695e-01,-5.215389709382322048e-01,-5.216067673855038223e-01,-5.283884262167803936e-01,-6.906858756364421259e-01
4.169999999999999929e+00,-5.148895259252015411e-01,-5.148895326420983576e-01,-5.148901976149095061e-01,-5.149566950676661703e-01,-5.216088073600133601e-01,-6.902635744632861226e-01
4.179999999999999716e+00,-5.079489317916814350e-01,-5.079489383754911547e-01,-5.079495901726784890e-01,-5.080147700983185244e-01,-5.145354586704901090e-01,-6.901593388740875357e-01
4.190000000000000391e+00,-5.007193910369555079e-01,-5.007193974860147945e-01,-5.007200359429183623e-01,-5.007838818736092268e-01,-5.071714793377415376e-01,-6.903732403483054947e-01
4.200000000000000178e+00,-4.932039532658675229e-01,-4.932039595787199859e-01,-4.932045845511464632e-01,-4.932670820660460809e-01,-4.995201291841786517e-01,-6.909047805601875591e-01
4.209999999999999964e+00,-4.854058338631682679e-01,-4.854058400385616867e-01,-4.854064514025557830e-01,-4.854675881049609343e-01,-4.915848315784300815e-01,-6.917528841412882157e-01
4.219999999999999751e+00,-4.773284174268443980e-01,-4.773284234637282797e-01,-4.773290211152899642e-01,-4.773887866043702854e-01,-4.833691762622431831e-01,-6.929158846964313945e-01
4.230000000000000426e+00,-4.689752611033068952e-01,-4.689752670008289215e-01,-4.689758508555754712e-01,-4.690342366925837614e-01,-4.748769220539469371e-01,-6.943915043339337068e-01
4.240000000000000213e+00,-4.603500978072360139e-01,-4.603501035647380446e-01,-4.603506735575070286e-01,-4.604076732260507510e-01,-4.661119994115005549e-01,-6.961768268220739353e-01
4.250000000000000000e+00,-4.514568392995464974e-01,-4.514568449165597963e-01,-4.514574010009505534e-01,-4.515130098611149778e-01,-4.570785128298567868e-01,-6.982682646385303116e-01
4.259999999999999787e+00,-4.422995790932098825e-01,-4.422995845694500661e-01,-4.423001267173016782e-01,-4.423543419534456400e-01,-4.477807430485447604e-01,-7.006615203162209760e-01
4.270000000000000462e+00,-4.328825951564083674e-01,-4.328826004917694092e-01,-4.328831286925742816e-01,-4.329359492546405175e-01,-4.382231490454763789e-01,-7.033515425969955048e-01
4.280000000000000249e+00,-4.232103523942902790e-01,-4.232103575888374603e-01,-4.232108718490852350e-01,-4.232622983869354094e-01,-4.284103697942139855e-01,-7.063324779207510451e-01
4.290000000000000036e+00,-4.132875048817674091e-01,-4.132875099357308235e-01,-4.132880102781844034e-01,-4.133380450692244468e-01,-4.183472257615530321e-01,-7.095976175866183233e-01
4.299999999999999822e+00,-4.031188978067636874e-01,-4.031189027205296926e-01,-4.031193891834327081e-01,-4.031680360532804430e-01,-4.080387201231526761e-01,-7.131393418208923363e-01
4.310000000000000497e+00,-3.927095691067167271e-01,-3.927095738808191738e-01,-3.927100465170323407e-01,-3.927573107531396879e-01,-3.974900396727766849e-01,-7.169490611167780303e-01
4.320000000000000284e+00,-3.820647507750243865e-01,-3.820647554101353482e-01,-3.820652142862027700e-01,-3.821111025444039466e-01,-3.867065554094455959e-01,-7.210171560206865005e-01
4.330000000000000071e+00,-3.711898698063920143e-01,-3.711898743033117398e-01,-3.711903194984581544e-01,-3.712348397026730695e-01,-3.756938227815022624e-01,-7.253329163569925964e-01
4.339999999999999858e+00,-3.600905487469112654e-01,-3.600905531065573539e-01,-3.600909847116204876e-01,-3.601341459470577266e-01,-3.644575815654520490e-01,-7.298844808090934055e-01
4.350000000000000533e+00,-3.487726058258299733e-01,-3.487726100492257730e-01,-3.487730281655212483e-01,-3.488148405651170791e-01,-3.530037553582573429e-01,-7.346587778856149553e-01
4.360000000000000320e+00,-3.372420546791717322e-01,-3.372420587674344050e-01,-3.372424635055564779e-01,-3.372829381300075369e-01,-3.413384506764004511e-01,-7.396414700859662572e-01
4.370000000000000107e+00,-3.255051035902567502e-01,-3.255051075445843933e-01,-3.255054990231528445e-01,-3.255446477355612989e-01,-3.294679556527731479e-01,-7.448169019889380182e-01
4.379999999999999893e+00,-3.135681542551540524e-01,-3.135681580768127086e-01,-3.135685364211641679e-01,-3.136063717561707875e-01,-3.173987382947859315e-01,-7.501680533791534877e-01
4.389999999999999680e+00,-3.014378000559136961e-01,-3.014378037462234761e-01,-3.014381690870535091e-01,-3.014747041149726803e-01,-3.051374443089820421e-01,-7.556764990547464311e-01
4.400000000000000355e+00,-2.891208238246706919e-01,-2.891208273849919519e-01,-2.891211798569545688e-01,-2.891564280437254331e-01,-2.926908944832934401e-01,-7.613223764998618970e-01
4.410000000000000142e+00,-2.766241950718212328e-01,-2.766241985035395867e-01,-2.766245382438156097e-01,-2.766585133078082182e-01,-2.800660816198812242e-01,-7.670843619267906366e-01
4.419999999999999929e+00,-2.639550666553054370e-01,-2.639550699598173789e-01,-2.639553971066583848e-01,-2.639881128731178528e-01,-2.672701670071450097e-01,-7.729396554193013191e-01
4.429999999999999716e+00,-2.511207709285094292e-01,-2.511207741072071786e-01,-2.511210887984494655e-01,-2.511525590508085215e-01,-2.543104764210999957e-01,-7.788639775863981374e-01
4.440000000000000391e+00,-2.381288153262748064e-01,-2.381288183805315151e-01,-2.381291207521135100e-01,-2.381593590837330909e-01,-2.411944956609788637e-01,-7.848315758568906730e-01
4.450000000000000178e+00,-2.249868773722142334e-01,-2.249868803033688303e-01,-2.249871704878468603e-01,-2.250161901536378850e-01,-2.279298656572282256e-01,-7.908152417287674929e-01
4.459999999999999964e+00,-2.117027991320163949e-01,-2.117028019413588202e-01,-2.117030800664333468e-01,-2.117308938354838244e-01,-2.145243770883986101e-01,-7.967863390272562629e-01
4.469999999999999751e+00,-1.982845811194494101e-01,-1.982845838082057666e-01,-1.982848499952681309e-01,-1.983114700055024215e-01,-2.009859645553275231e-01,-8.027148421400621681e-01
4.480000000000000426e+00,-1.847403756524560736e-01,-1.847403782217744705e-01,-1.847406325844893338e-01,-1.847660702009134293e-01,-1.873227003127682366e-01,-8.085693822051728263e-01
4.490000000000000213e+00,-1.710784796545692932e-01,-1.710784821055060245e-01,-1.710787247484457652e-01,-1.711029904266510027e-01,-1.735427875779602114e-01,-8.143173020274091511e-01
4.500000000000000000e+00,-1.573073269076638026e-01,-1.573073292411701352e-01,-1.573075602585066179e-01,-1.573306634139270965e-01,-1.596545534233861918e-01,-8.199247161303386822e-01
4.509999999999999787e+00,-1.434354798559832611e-01,-1.434354820728925839e-01,-1.434357015471356966e-01,-1.434576504287897181e-01,-1.456664412622428462e-01,-8.253565735720010954e-01
4.520000000000000462e+00,-1.294716208839400140e-01,-1.294716229849563194e-01,-1.294718309858001182e-01,-1.294926325610200879e-01,-1.315870029369175243e-01,-8.305767213315508046e-01
4.530000000000000249e+00,-1.154245431260224330e-01,-1.154245451117093813e-01,-1.154247416949560900e-01,-1.154444015418092662e-01,-1.174248904435448992e-01,-8.355479643000640610e-01
4.540000000000000036e+00,-1.013031408541825995e-01,-1.013031427249536931e-01,-1.013033279315386642e-01,-1.013218501413510053e-01,-1.031888473797254319e-01,-8.402321185436392170e-01
4.549999999999999822e+00,-8.711639946607578622e-02,-8.711640122218564097e-02,-8.711657507731157546e-02,-8.713396216810610773e-02,-8.888770000283802153e-02,-8.445900532329959631e-01
4.560000000000000497e+00,-7.287338510290085336e-02,-7.287338674443766262e-02,-7.287354925683066365e-02,-7.288980209894306561e-02,-7.453034803321897939e-02,-8.485817168542942879e-01
4.570000000000000284e+00,-5.858323392469499957e-02,-5.858323545157427537e-02,-5.858338661287228882e-02,-5.859850436786617767e-02,-6.012575519770353705e-02,-8.521661425079183338e-01
4.580000000000000071e+00,-4.425514110836960280e-02,-4.425514252032927698e-02,-4.425528230458894430e-02,-4.426926237592263003e-02,-4.568293954831758458e-02,-8.553014270029548616e-01
4.589999999999999858e+00,-2.989834961279309172e-02,-2.989835090939009510e-02,-2.989847927274594946e-02,-2.991131727172375437e-02,-3.121096358526238151e-02,-8.579446777838688476e-01
4.600000000000000533e+00,-1.552213871980656287e-02,-1.552213990041475394e-02,-1.552225678087679889e-02,-1.553394650641695164e-02,-1.671892421325248818e-02,-8.600519212553112691e-01
4.610000000000000320e+00,-1.135812434314873061e-03,-1.135813498124388149e-03,-1.135918815522272843e-03,-1.146452248587331336e-03,-2.215942565599931299e-03,-8.615779655887917388e-01
4.620000000000000107e+00,1.325131222124662639e-02,1.325131127522837307e-02,1.325121761915424960e-02,1.324185030644341871e-02,1.228884624059840489e-02,-8.624762100748420979e-01
4.629999999999999893e+00,2.762991696829861926e-02,2.762991614124442330e-02,2.762983426260391673e-02,2.762164468306495951e-02,2.678630342506006096e-02,-8.626983923110177477e-01
4.639999999999999680e+00,4.199069404243947756e-02,4.199069333569849932e-02,4.199062336806445861e-02,4.198362488074346838e-02,4.126729687852032785e-02,-8.621942625923809667e-01
4.650000000000000355e+00,5.632435792174775302e-02,5.632435733684028334e-02,5.632429943071978751e-02,5.631850708800621719e-02,5.572271147768853572e-02,-8.609111738982551110e-01
4.660000000000000142e+00,7.062165695318607661e-02,7.062165649179669158e-02,7.062161081396375883e-02,7.061704129489443371e-02,7.014345934680196737e-02,-8.587935726483901799e-01
4.669999999999999929e+00,8.487338484766579483e-02,8.487338451163528585e-02,8.487335124432812683e-02,8.487002277430669150e-02,8.452049002877060069e-02,-8.557823727416099535e-01
4.679999999999999716e+00,9.907039198007727698e-02,9.907039177139326247e-02,9.907037111138584928e-02,9.906830336936323089e-02,9.884480053000056776e-02,-8.518141917788291106e-01
4.690000000000000391e+00,1.132035964580951903e-01,1.132035963788815269e-01,1.132035885364346406e-01,1.132028025500304846e-01,1.131074452038693112e-01,-8.468204232666304287e-01
4.700000000000000178e+00,1.272639949136557536e-01,1.272639949661607539e-01,1.272640001638637997e-01,1.272645181935627701e-01,1.272995454391931403e-01,-8.407261138898723951e-01
4.709999999999999964e+00,1.412426729702723205e-01,1.412426731568562077e-01,1.412426916283717193e-01,1.412445370420117863e-01,1.414122991223248638e-01,-8.334486088850019403e-01
4.719999999999999751e+00,1.551308153505185361e-01,1.551308156736397881e-01,1.551308476623533550e-01,1.551340448001571060e-01,1.554369898385352666e-01,-8.248959250758772788e-01
4.730000000000000426e+00,1.689197155996088884e-01,1.689197160618097771e-01,1.689197618194049344e-01,1.689243358514298521e-01,1.693649957835733078e-01,-8.149648099275214053e-01
4.740000000000000213e+00,1.826007853716185569e-01,1.826007859755100493e-01,1.826008457604775259e-01,1.826068225375856446e-01,1.831877983634924156e-01,-8.035384562120226892e-01
4.750000000000000000e+00,1.961655632579454300e-01,1.961655640061917560e-01,1.961656380822839885e-01,1.961730439816295468e-01,1.968969904534119131e-01,-7.904838738191469760e-01
4.759999999999999787e+00,2.096057231400325627e-01,2.096057240353349505e-01,2.096058126699750779e-01,2.096146744358914349e-01,2.104842842870289221e-01,-7.756490030988847373e-01
4.770000000000000462e+00,2.229130820400604396e-01,2.229130830851408507e-01,2.229131865478030106e-01,2.229235311298204125e-01,2.239415189509551818e-01,-7.588598321765797072e-01
4.780000000000000249e+00,2.360796074393001764e-01,2.360796086368847913e-01,2.360797271974634515e-01,2.360915815872526857e-01,2.372606674856042319e-01,-7.399181488117768657e-01
4.790000000000000036e+00,2.490974240441611864e-01,2.490974253969638896e-01,2.490975593241362973e-01,2.491109503917995349e-01,2.504338435676979335e-01,-7.186012665176979564e-01
4.799999999999999822e+00,2.619588200381452459e-01,2.619588215488510841e-01,2.619589711084280292e-01,2.619739254375116344e-01,2.634533077417636759e-01,-6.946663348701622720e-01
4.810000000000000497e+00,2.746562527535055809e-01,2.746562544247543869e-01,2.746564198780689359e-01,2.746729636044358269e-01,2.763114732052440736e-01,-6.678638356191056724e-01
4.820000000000000284e+00,2.871823537773816604e-01,2.871823556117517606e-01,2.871825372140683341e-01,2.872006958667963072e-01,2.890009111409642673e-01,-6.379671719376058814e-01
4.830000000000000071e+00,2.995299335020973897e-01,2.995299355020901166e-01,2.995301335010450705e-01,2.995499318464744931e-01,3.015143555901249606e-01,-6.048255951105170336e-01
4.839999999999999858e+00,3.116919851245824047e-01,3.116919872926066093e-01,3.116922019266920030e-01,3.117136638167337659e-01,3.138447078550011815e-01,-5.684403358880697477e-01
4.850000000000000533e+00,3.236616880888603109e-01,3.236616904272178186e-01,3.236619219243231926e-01,3.236850701506036598e-01,3.259850404226440346e-01,-5.290423520568738880e-01
4.860000000000000320e+00,3.354324109661708242e-01,3.354324134770425569e-01,3.354326620530707626e-01,3.354575182084886253e-01,3.379286004066156535e-01,-4.871229717587015617e-01
4.870000000000000107e+00,3.469977138016138718e-01,3.469977164870461372e-01,3.469979823445640821e-01,3.470245666885115043e-01,3.496688125655244006e-01,-4.433728055762087283e-01
4.879999999999999893e+00,3.583513499887627796e-01,3.583513528506543366e-01,3.583516361776328818e-01,3.583799675096172588e-01,3.611992818379577974e-01,-3.985440728768566698e-01
4.889999999999999680e+00,3.694872675883815183e-01,3.694872706284716424e-01,3.694875715971027708e-01,3.695176671385981826e-01,3.725137954192578871e-01,-3.533120221552064066e-01
4.900000000000000355e+00,3.803996101779710259e-01,3.803996133978284622e-01,3.803999321634207731e-01,3.804318074473858613e-01,3.836063243952257951e-01,-3.081992628533001821e-01
4.910000000000000142e+00,3.910827172411276975e-01,3.910827206421402247e-01,3.910830573420879253e-01,3.911167261097965309e-01,3.944710249517856537e-01,-2.635678856458484320e-01
4.919999999999999929e+00,4.015311241242380258e-01,4.015311277076027974e-01,4.015314824604343524e-01,4.015669565663019247e-01,4.051022391743948070e-01,-2.196486633194081328e-01
4.929999999999999716e+00,4.117395615717606150e-01,4.117395653384755549e-01,4.117399382429920429e-01,4.117772275683292960e-01,4.154944954461134987e-01,-1.765786459827321520e-01
4.940000000000000391e+00,4.217029548521988858e-01,4.217029588030551390e-01,4.217033499375673067e-01,4.217424623142220219e-01,4.256425084545605309e-01,-1.344331756483407303e-01
4.950000000000000178e+00,4.314164224962713234e-01,4.314164266318458729e-01,4.314168360534890168e-01,4.314577771955623309e-01,4.355411788191211886e-01,-9.324898051358643247e-02
4.959999999999999964e+00,4.408752747637111891e-01,4.408752790843608604e-01,4.408757068284393510e-01,4.409184802663922431e-01,4.451855923536691684e-01,-5.303948451041651246e-02
4.969999999999999751e+00,4.500750117445240228e-01,4.500750162503797114e-01,4.500754623298645063e-01,4.501200693603772951e-01,4.545710190767278114e-01,-1.380447546217278276e-02
4.980000000000000426e+00,4.590113211718162001e-01,4.590113258627787074e-01,4.590117902678464423e-01,4.590582299076885198e-01,4.636929118791091597e-01,2.446399150624722907e-02
4.990000000000000213e+00,4.676800759863920520e-01,4.676800808621280336e-01,4.676805635597786059e-01,4.677288325076065512e-01,4.725469048770132297e-01,6.177810549247220173e-02
5.000000000000000000e+00,4.760773316714407288e-01,4.760773367313796411e-01,4.760778376651230714e-01,4.761279302701240113e-01,4.811288115422676093e-01,9.815233163585612708e-02
5.009999999999999787e+00,4.841993233834055443e-01,4.841993286267370911e-01,4.841998477163494963e-01,4.842517559538487837e-01,4.894346225902875824e-01,1.336023914152297820e-01
5.020000000000000462e+00,4.920424629005197281e-01,4.920424683261920284e-01,4.920430054675438702e-01,4.920967189217727022e-01,4.974605036583463757e-01,1.681448306704090845e-01
5.030000000000000249e+00,4.996033354114761127e-01,4.996033410181948131e-01,4.996038960831453712e-01,4.996594019368174600e-01,5.052027927969086063e-01,2.017969474844982791e-01
5.040000000000000036e+00,5.068786962046130107e-01,5.068787019908403968e-01,5.068792748271584436e-01,5.069365578534921202e-01,5.126579977969432100e-01,2.345769342609033137e-01
5.049999999999999822e+00,5.138654672542023460e-01,5.138654732181575646e-01,5.138660636495300249e-01,5.139251062131805492e-01,5.198227933860442018e-01,2.665041388113081888e-01
5.060000000000000497e+00,5.205607337243525201e-01,5.205607398640117456e-01,5.205613476900867731e-01,5.206221297514579405e-01,5.266940183157540201e-01,2.975993803953780326e-01
5.070000000000000284e+00,5.269617404376585323e-01,5.269617467507561326e-01,5.269623717472348146e-01,5.270248708717064634e-01,5.332686723553365926e-01,3.278852758055362804e-01
5.080000000000000071e+00,5.330658883208423404e-01,5.330658948048720980e-01,5.330665367236425700e-01,5.331307280950412508e-01,5.395439132290664741e-01,3.573865436278483854e-01
5.089999999999999858e+00,5.388707308529504525e-01,5.388707375051675630e-01,5.388713960744783149e-01,5.389372525124688229e-01,5.455170535135203114e-01,3.861302612976332815e-01
5.100000000000000533e+00,5.443739705386241301e-01,5.443739773560468675e-01,5.443746522807173527e-01,5.444421442618568863e-01,5.511855575200835800e-01,4.141460585968909092e-01
5.110000000000000320e+00,5.495734554285361950e-01,5.495734624079486874e-01,5.495741533696113512e-01,5.496432490517266789e-01,5.565470381869849215e-01,4.414662327904255723e-01
5.120000000000000107e+00,5.544671757093273534e-01,5.544671828472823583e-01,5.544678895046555311e-01,5.545385547540946369e-01,5.615992540045955383e-01,4.681257773907210318e-01
5.129999999999999893e+00,5.590532603798591404e-01,5.590532676726810424e-01,5.590539896618684779e-01,5.591261880836001508e-01,5.663401059918907743e-01,4.941623190834925627e-01
5.139999999999999680e+00,5.633299740369250852e-01,5.633299814807128936e-01,5.633307184155286196e-01,5.634044113856325753e-01,5.707676347437695696e-01,5.196159625535762272e-01
5.150000000000000355e+00,5.672957137844019115e-01,5.672957213750331462e-01,5.672964728473504081e-01,5.673716195480014157e-01,5.748800175775414800e-01,5.445290456504807697e-01
5.160000000000000142e+00,5.709490062832293100e-01,5.709490140163635541e-01,5.709497795964841860e-01,5.710263370530030969e-01,5.786755657918880580e-01,5.689458118042914903e-01
5.169999999999999929e+00,5.742885049612719284e-01,5.742885128323549360e-01,5.742892920693960512e-01,5.743672151889565036e-01,5.821527220557290994e-01,5.929120095979369953e-01
5.179999999999999716e+00,5.773129873996795114e-01,5.773129954039470935e-01,5.773137878262454281e-01,5.773930294383379236e-01,5.853100579455485786e-01,6.164744322751687378e-01
5.190000000000000391e+00,5.800213528967332888e-01,5.800213610292154209e-01,5.800221661447561017e-01,5.801026770441380931e-01,5.881462716509899824e-01,6.396804120379839809e-01
5.200000000000000178e+00,5.824126202353292481e-01,5.824126284908548445e-01,5.824134457877063742e-01,5.824951747780124922e-01,5.906601858661713056e-01,6.625772853916712668e-01
5.209999999999999964e+00,5.844859256624390653e-01,5.844859340356406419e-01,5.844867629824090915e-01,5.845696569215698135e-01,5.928507458656288032e-01,6.852118464249453700e-01
5.219999999999999751e+00,5.862405210864919392e-01,5.862405295718100540e-01,5.862413696181095757e-01,5.863253734654741978e-01,5.947170177947505021e-01,7.076298045767196454e-01
5.230000000000000426e+00,5.876757725019770007e-01,5.876757810936652504e-01,5.876766316706042437e-01,5.877616885355706478e-01,5.962581871831216240e-01,7.298752624373057163e-01
5.240000000000000213e+00,5.887911586536473951e-01,5.887911673457775219e-01,5.887920278664551255e-01,5.888780790582046620e-01,5.974735576869383280e-01,7.519902273983450902e-01
5.250000000000000000e+00,5.895862699509386573e-01,5.895862787374055447e-01,5.895871485974216730e-01,5.896741336758701824e-01,5.983625500709330858e-01,7.740141686881940597e-01
5.259999999999999787e+00,5.900608076210797082e-01,5.900608164956070434e-01,5.900616950736001787e-01,5.901495519032474713e-01,5.989247014415848280e-01,7.959836289906573326e-01
5.270000000000000462e+00,5.902145831201438542e-01,5.902145920762893461e-01,5.902154787344771059e-01,5.903041435384895896e-01,5.991596647427528399e-01,8.179318965654194251e-01
5.280000000000000249e+00,5.900475178052920766e-01,5.900475268364532289e-01,5.900484209211950271e-01,5.901378283376290668e-01,5.990672085079713494e-01,8.398887416566070963e-01
5.290000000000000036e+00,5.895596428625273777e-01,5.895596519619474840e-01,5.895605528043263988e-01,5.896506359443212109e-01,5.986472168797227766e-01,8.618802171709689652e-01
5.299999999999999822e+00,5.887510994922899865e-01,5.887511086530641258e-01,5.887520155694885293e-01,5.888427060774226174e-01,5.978996899057750225e-01,8.839285228876172518e-01
5.310000000000000497e+00,5.876221393569618368e-01,5.876221485720429794e-01,5.876230608648648213e-01,5.877142889801677539e-01,5.968247441090112071e-01,9.060519283824091108e-01
5.320000000000000284e+00,5.861731252920328039e-01,5.861731345542385840e-01,5.861740515123921025e-01,5.862657461333509179e-01,5.954226133280424715e-01,9.282647498653848750e-01
5.330000000000000071e+00,5.844045322610104121e-01,5.844045415630295670e-01,5.844054624627048611e-01,5.844975512137788876e-01,5.936936498302199938e-01,9.505773738418917818e-01
5.339999999999999858e+00,5.823169485662487155e-01,5.823169579006481911e-01,5.823178820059780048e-01,5.824102913064782561e-01,5.916383256996320394e-01,9.729963194690298689e-01
5.350000000000000533e+00,5.799110773091450399e-01,5.799110866683773180e-01,5.799120132321506915e-01,5.800046683675338377e-01,5.892572345017402791e-01,9.955243328445630979e-01
5.360000000000000320e+00,5.771877380885479525e-01,5.771877474649583784e-01,5.771886757293729353e-01,5.772815009262783903e-01,5.865510932103785713e-01,1.018160503467073763e+00
5.370000000000000107e+00,5.741478689258366908e-01,5.741478783116715778e-01,5.741488075091165655e-01,5.742417260137618884e-01,5.835207443699800267e-01,1.040900396003423989e+00
5.379999999999999893e+00,5.707925284126115217e-01,5.707925378000264782e-01,5.707934671538926752e-01,5.708864013130751092e-01,5.801671585397527586e-01,1.063736189047224556e+00
5.389999999999999680e+00,5.671228980769846828e-01,5.671229074580523832e-01,5.671238361835609920e-01,5.672167075275269532e-01,5.764914369639673186e-01,1.086656813789670828e+00
5.400000000000000355e+00,5.631402849627861196e-01,5.631402943295059638e-01,5.631412216345673682e-01,5.632339509619760376e-01,5.724948144753305712e-01,1.109648086655688148e+00
5.410000000000000142e+00,5.588461243767409714e-01,5.588461337210480773e-01,5.588470588072553813e-01,5.589395662856383451e-01,5.681786626164717635e-01,1.132692829163228776e+00
5.419999999999999929e+00,5.542419828141442739e-01,5.542419921279192474e-01,5.542429141914508861e-01,5.543351194465672149e-01,5.635444929671125092e-01,1.155770970342245407e+00
5.429999999999999716e+00,5.493295610624119307e-01,5.493295703374908578e-01,5.493304885701227880e-01,5.494223107878150048e-01,5.585939606629675147e-01,1.178859626531140847e+00
5.440000000000000391e+00,5.441106974404515961e-01,5.441107066686365901e-01,5.441116202587845674e-01,5.442029782887073397e-01,5.533288680828312156e-01,1.201933154496960032e+00
5.450000000000000178e+00,5.385873711670108310e-01,5.385873803400812454e-01,5.385882884738937282e-01,5.386791009380391682e-01,5.477511686908149713e-01,1.224963173546566031e+00
5.459999999999999964e+00,5.327617058387620341e-01,5.327617149484857872e-01,5.327626168109850235e-01,5.328528022175168521e-01,5.418629710125829613e-01,1.247918552783700896e+00
5.469999999999999751e+00,5.266359730016290097e-01,5.266359820397743530e-01,5.266368768160367697e-01,5.267263536786304101e-01,5.356665427206921404e-01,1.270765359428475794e+00
5.480000000000000426e+00,5.202125957980633375e-01,5.202126047564116229e-01,5.202134916327763037e-01,5.203021785946400080e-01,5.291643148095089844e-01,1.293466764047230599e+00
5.490000000000000213e+00,5.134941526649299259e-01,5.134941615352882627e-01,5.134950397006468048e-01,5.135828556557009428e-01,5.223588858312843142e-01,1.315982897744129465e+00
5.500000000000000000e+00,5.064833810430691141e-01,5.064833898172835802e-01,5.064842584644116963e-01,5.065711226951319368e-01,5.152530261633004871e-01,1.338270656506149958e+00
5.509999999999999787e+00,4.991831811119461504e-01,4.991831897819158925e-01,4.991840481088313797e-01,4.992698804213719366e-01,5.078496822796161325e-01,1.360283445672409997e+00
5.520000000000000462e+00,4.915966194931070676e-01,4.915966280507986230e-01,4.915974752621812272e-01,4.916821961277200725e-01,5.001519810069718908e-01,1.381970857462275548e+00
5.530000000000000249e+00,4.837269329113988992e-01,4.837269413488605729e-01,4.837277766575072135e-01,4.838113073589230262e-01,4.921632337142732849e-01,1.403278275666185237e+00
5.540000000000000036e+00,4.755775317862314111e-01,4.755775400956089305e-01,4.755783627239303923e-01,4.756606255059391275e-01,4.838869404126601159e-01,1.424146392782543513e+00
5.549999999999999822e+00,4.671520037232190781e-01,4.671520118967705804e-01,4.671528210783340018e-01,4.672337392996266936e-01,4.753267937346925542e-01,1.444510633708114389e+00
5.560000000000000497e+00,4.584541168760494223e-01,4.584541249061617751e-01,4.584549198872731046e-01,4.585344181773624017e-01,4.664866827545446348e-01,1.464300471817682414e+00
5.570000000000000284e+00,4.494878231588496642e-01,4.494878310380546194e-01,4.494886110793430145e-01,4.495666155022483568e-01,4.573706966041934940e-01,1.483438626335378485e+00
5.580000000000000071e+00,4.402572612772723826e-01,4.402572689982626741e-01,4.402580333763178588e-01,4.403344715913029006e-01,4.479831278475173706e-01,1.501840130689854780e+00
5.589999999999999858e+00,4.307667595404990335e-01,4.307667670961454753e-01,4.307675151051721940e-01,4.308423165302356361e-01,4.383284756042726826e-01,1.519411266310825459e+00
5.600000000000000533e+00,4.210208384324312103e-01,4.210208458157992939e-01,4.210215767692769839e-01,4.210946727492265174e-01,4.284114483421729291e-01,1.536048365510929825e+00
5.610000000000000320e+00,4.110242129159081825e-01,4.110242201202746193e-01,4.110249333526155291e-01,4.110962573283067356e-01,4.182369663201884746e-01,1.551636505139222910e+00
5.620000000000000107e+00,4.007817944347115691e-01,4.007818014535816653e-01,4.007824963217978542e-01,4.008519839948584407e-01,4.078101636485442771e-01,1.566048145139958381e+00
5.629999999999999893e+00,3.902986925754687308e-01,3.902986994025929857e-01,3.902993752879824196e-01,3.903669647797204378e-01,3.971363899249320539e-01,1.579141817792839131e+00
5.639999999999999680e+00,3.795802163678762553e-01,3.795802229972665698e-01,3.795808793070182263e-01,3.796465113336979780e-01,3.862212113969836769e-01,1.590761059343016370e+00
5.650000000000000355e+00,3.686318752172719204e-01,3.686318816432183620e-01,3.686325178120266610e-01,3.686961358403716416e-01,3.750704116145407996e-01,1.600733901550452032e+00
5.660000000000000142e+00,3.574593793957517307e-01,3.574593856128378544e-01,3.574600011044801740e-01,3.575215515066346161e-01,3.636899915821372176e-01,1.608873417546746065e+00
5.669999999999999929e+00,3.460686400949964936e-01,3.460686460981148849e-01,3.460692404069727335e-01,3.461286726136159619e-01,3.520861693160302619e-01,1.614980033934571901e+00
5.679999999999999716e+00,3.344657690154835827e-01,3.344657747998508457e-01,3.344663474523500435e-01,3.345236141027603249e-01,3.402653788091540843e-01,1.618846531245101472e+00
5.690000000000000391e+00,3.226570774647920525e-01,3.226570830259619660e-01,3.226576335819491548e-01,3.227126906618877356e-01,3.282342683810763884e-01,1.620266735640821354e+00
5.700000000000000178e+00,3.106490749297953768e-01,3.106490802636730497e-01,3.106496083177459067e-01,3.107024152777121406e-01,3.159996983869816090e-01,1.619048636640491701e+00
5.709999999999999964e+00,2.984484671002494149e-01,2.984484722031031656e-01,2.984489773858175488e-01,2.984994972742531782e-01,3.035687382492979758e-01,1.615031771737403865e+00
5.719999999999999751e+00,2.860621533780858816e-01,2.860621582465577850e-01,2.860626402254724532e-01,2.861108397966391492e-01,2.909486627895570554e-01,1.608107066190619827e+00
5.730000000000000426e+00,2.734972237869244260e-01,2.734972284180403612e-01,2.734976868987311627e-01,2.735435367058585698e-01,2.781469479129826117e-01,1.598235266972296120e+00
5.740000000000000213e+00,2.607609553016634885e-01,2.607609596928421869e-01,2.607613944197560985e-01,2.608048688989618169e-01,2.651712655628780668e-01,1.585458757852981293e+00
5.750000000000000000e+00,2.478608075945260281e-01,2.478608117435858182e-01,2.478612225007306991e-01,2.479023000476562044e-01,2.520294779685551823e-01,1.569902264587977880e+00
5.759999999999999787e+00,2.348044181933920393e-01,2.348044220985561203e-01,2.348048087100377546e-01,2.348434717391305604e-01,2.387296312003179821e-01,1.551761175130392356e+00
5.770000000000000462e+00,2.215995970356486877e-01,2.215996006955496533e-01,2.215999630259857245e-01,2.216361980007709731e-01,2.252799480479049099e-01,1.531280458633446528e+00
5.780000000000000249e+00,2.082543204029005945e-01,2.082543238165832089e-01,2.082546617714111925e-01,2.082884592186399764e-01,2.116888202214023407e-01,1.508729995828386183e+00
5.790000000000000036e+00,1.947767242849400282e-01,1.947767274518609204e-01,1.947770409772845990e-01,1.948083955198667838e-01,1.979647998758726768e-01,1.484382112713029445e+00
5.799999999999999822e+00,1.811750971854090286e-01,1.811751001054359711e-01,1.811753891883650103e-01,1.812042995183619776e-01,1.841165904771873141e-01,1.458494890909336705e+00
5.810000000000000497e+00,1.674578723176200212e-01,1.674578749910290987e-01,1.674581396587884741e-01,1.674846085051229783e-01,1.701530371532195274e-01,1.431302143184083997e+00
5.820000000000000284e+00,1.536336192634494280e-01,1.536336216909200414e-01,1.536338620107821074e-01,1.536578960928336179e-01,1.560831164159990347e-01,1.403009086573320019e+00
5.830000000000000071e+00,1.397110351125964989e-01,1.397110372952048152e-01,1.397112533737039086e-01,1.397328633426271338e-01,1.419159253584429958e-01,1.373792014532182026e+00
5.839999999999999858e+00,1.256989351060735505e-01,1.256989370452835098e-01,1.256991290273491990e-01,1.257183293854270967e-01,1.276606703830679423e-01,1.343800327166275066e+00
5.850000000000000533e+00,1.116062427997870088e-01,1.116062444974402212e-01,1.116064125653904449e-01,1.116232215527706434e-01,1.133266554989003361e-01,1.313159678148815512e+00
5.860000000000000320e+00,9.744197976704356556e-02,9.744198122534813988e-02,9.744212559779033556e-02,9.745656505408660519e-02,9.892327023721067536e-02,1.281975436212219543e+00
5.870000000000000107e+00,8.321525491187714563e-02,8.321525613339261773e-02,8.321537706371753829e-02,8.322747233509832088e-02,8.445997723465895057e-02,1.250336009658497449e+00
5.879999999999999893e+00,6.893525347952784987e-02,6.893525446715029203e-02,6.893535224206784329e-02,6.894513200040874867e-02,6.994629954430076069e-02,1.218315818282223129e+00
5.889999999999999680e+00,5.461122566950386836e-02,5.461122642644901382e-02,5.461130136431049248e-02,5.461879744428430050e-02,5.539180777032706032e-02,1.185977838622413794e+00
5.900000000000000355e+00,4.025247502111482800e-02,4.025247555089958573e-02,4.025252799988132679e-02,4.025777521742954224e-02,4.080610702655870781e-02,1.153375724829566851e+00
5.910000000000000142e+00,2.586834657372293761e-02,2.586834688014577263e-02,2.586837721629849790e-02,2.587141317621131226e-02,2.619882382754141689e-02,1.120555543597812731e+00
5.919999999999999929e+00,1.146821485908895710e-02,1.146821494620900786e-02,1.146822357139264809e-02,1.146908846217889466e-02,1.157959295593671313e-02,1.087557174832020968e+00
5.929999999999999716e+00,-2.938528226309404957e-03,-2.938528354194038829e-03,-2.938541014461338186e-03,-2.939804641095283486e-03,-3.041955630349056205e-03,1.054415431242515799e+00
5.940000000000000391e+00,-1.734248561865701921e-02,-1.734248595703160797e-02,-1.734251945579751500e-02,-1.734586690775382148e-02,-1.765620978371041858e-02,1.021160946021907545e+00
5.950000000000000178e+00,-3.173426728013870046e-02,-3.173426782429572546e-02,-3.173432169551507198e-02,-3.173970636791821620e-02,-3.225358798503959179e-02,9.878208717481636869e-01
5.959999999999999964e+00,-4.610450235714826095e-02,-4.610450310221099468e-02,-4.610457686308652714e-02,-4.611195047714840289e-02,-4.682455195899502126e-02,9.544194274613991835e-01
5.969999999999999751e+00,-6.044385124126484821e-02,-6.044385218221154377e-02,-6.044394533559596661e-02,-6.045325817680314434e-02,-6.135961900456585183e-02,9.209783251255858616e-01
5.980000000000000426e+00,-7.474301747924066985e-02,-7.474301861092901011e-02,-7.474313064773131787e-02,-7.475433180829425817e-02,-7.584937399825214532e-02,8.875171018824820068e-01
5.990000000000000213e+00,-8.899275948648155410e-02,-8.899276080367282682e-02,-8.899289120526529540e-02,-8.900592882560570684e-02,-9.028448103362832211e-02,8.540533805107839438e-01
6.000000000000000000e+00,-1.031839020095756815e-01,-1.031839035069591765e-01,-1.031840517475785812e-01,-1.031988732526645525e-01,-1.046556946517380599e-01,8.206030771777540478e-01
6.009999999999999787e+00,-1.173073472879553325e-01,-1.173073489601721558e-01,-1.173075145092870586e-01,-1.173240668463906011e-01,-1.189538706068152263e-01,7.871805729317102873e-01
6.020000000000000462e+00,-1.313540858870350658e-01,-1.313540877287013298e-01,-1.313542700533049667e-01,-1.313724999251257852e-01,-1.331699761243558267e-01,7.537988632103068687e-01
6.030000000000000249e+00,-1.453152071474882734e-01,-1.453152091532179946e-01,-1.453154077200884131e-01,-1.453352618071011015e-01,-1.472950996835646342e-01,7.204696981148942525e-01
6.040000000000000036e+00,-1.591819092111404210e-01,-1.591819113755673365e-01,-1.591821256534496354e-01,-1.592035508299340374e-01,-1.613204602262454379e-01,6.872037225894658263e-01
6.049999999999999822e+00,-1.729455085997142205e-01,-1.729455109175128957e-01,-1.729457403791923586e-01,-1.729686839253975483e-01,-1.752374157938653143e-01,6.540106278388998495e-01
6.060000000000000497e+00,-1.865974493184506811e-01,-1.865974517843563274e-01,-1.865976959086295683e-01,-1.866221057114500759e-01,-1.890374715913873960e-01,6.208993195733220061e-01
6.070000000000000284e+00,-2.001293114465368395e-01,-2.001293140553645489e-01,-2.001295723289264750e-01,-2.001553970626672174e-01,-2.027122874622107329e-01,5.878781100347574284e-01
6.080000000000000071e+00,-2.135328191802701725e-01,-2.135328219269329586e-01,-2.135330938461729722e-01,-2.135602831446959393e-01,-2.162536847472188439e-01,5.549549384104691674e-01
6.089999999999999858e+00,-2.267998483482098204e-01,-2.267998512277344669e-01,-2.268001363002997151e-01,-2.268286409340368737e-01,-2.296536525111107507e-01,5.221376223621498891e-01
6.100000000000000533e+00,-2.399224333664684017e-01,-2.399224363740107835e-01,-2.399227341203394037e-01,-2.399525061372032864e-01,-2.429043532073487111e-01,4.894341435868156398e-01
6.110000000000000320e+00,-2.528927735984587977e-01,-2.528927767293179252e-01,-2.528930866840151670e-01,-2.529240795439876011e-01,-2.559981277107473696e-01,4.568529674592357037e-01
6.120000000000000107e+00,-2.657032391424676843e-01,-2.657032423920980824e-01,-2.657035641051581076e-01,-2.657357328068077340e-01,-2.689274997401147616e-01,4.244033966911320288e-01
6.129999999999999893e+00,-2.783463760451165836e-01,-2.783463794091391441e-01,-2.783467124470121457e-01,-2.783800136413415727e-01,-2.816851797012119851e-01,3.920959585926513391e-01
6.140000000000000568e+00,-2.908149109310759761e-01,-2.908149144052872836e-01,-2.908152583518284207e-01,-2.908496504336468558e-01,-2.942640679609689891e-01,3.599428233770142760e-01
6.150000000000000355e+00,-3.031017550371289393e-01,-3.031017586175099865e-01,-3.031021130748466907e-01,-3.031375562484864838e-01,-3.066572575503663800e-01,3.279582512554904405e-01
6.160000000000000142e+00,-3.152000076691895414e-01,-3.152000113519121127e-01,-3.152003759410726413e-01,-3.152368323116102600e-01,-3.188580362935337087e-01,2.961590648085943855e-01
6.169999999999999929e+00,-3.271029591490151045e-01,-3.271029629304476050e-01,-3.271033372918863980e-01,-3.271407709090277671e-01,-3.308598884363295745e-01,2.645651414894673037e-01
6.179999999999999716e+00,-3.388040931613071072e-01,-3.388040970380183925e-01,-3.388044808320548329e-01,-3.388428577284028909e-01,-3.426564957829004721e-01,2.331999179594739235e-01
6.190000000000000391e+00,-3.502970885818924573e-01,-3.502970925506548872e-01,-3.502974854577686203e-01,-3.503367736764863016e-01,-3.542417383047775647e-01,2.020908934338347951e-01
6.200000000000000178e+00,-3.615758207972810112e-01,-3.615758248550724474e-01,-3.615762265760491534e-01,-3.616163961938690941e-01,-3.656096943031920121e-01,1.712701096593602923e-01
6.209999999999999964e+00,-3.726343625389231251e-01,-3.726343666829265988e-01,-3.726347769388845821e-01,-3.726758000756832390e-01,-3.767546401390300392e-01,1.407745700177119863e-01
6.219999999999999751e+00,-3.834669842393966244e-01,-3.834669884669998363e-01,-3.834674069993404544e-01,-3.835092578047727407e-01,-3.876710495490547359e-01,1.106465346281013673e-01
6.230000000000000426e+00,-3.940681539187245175e-01,-3.940681582275195050e-01,-3.940685847978466216e-01,-3.941112394157576526e-01,-3.983535925588389537e-01,8.093358765708497105e-02
6.240000000000000213e+00,-4.044325366439383007e-01,-4.044325410317177738e-01,-4.044329754215073014e-01,-4.044764120020127862e-01,-4.087971340117947383e-01,5.168831110163540909e-02
6.250000000000000000e+00,-4.145549936559537740e-01,-4.145549981207075074e-01,-4.145554401309485826e-01,-4.145996387757874269e-01,-4.189967318136692542e-01,2.296731072904573123e-02
6.259999999999999787e+00,-4.244305810457060790e-01,-4.244305855856171372e-01,-4.244310350364258744e-01,-4.244759777570401571e-01,-4.289476348257370564e-01,-5.170772085660246820e-03
6.270000000000000462e+00,-4.340545481153144647e-01,-4.340545527287539285e-01,-4.340550094588734309e-01,-4.341006801255462011e-01,-4.386452804718862231e-01,-3.266874048481097081e-02
6.280000000000000249e+00,-4.434223354205020229e-01,-4.434223401060232161e-01,-4.434228039722433179e-01,-4.434691882612627478e-01,-4.480852920925301186e-01,-5.947632675705660787e-02
6.290000000000000036e+00,-4.525295725280176762e-01,-4.525295772843498376e-01,-4.525300481608579561e-01,-4.525771334948859304e-01,-4.572634760646385743e-01,-8.555799397921638738e-02
6.299999999999999822e+00,-4.613720755076013980e-01,-4.613720803336424092e-01,-4.613725581113350405e-01,-4.614203335870261102e-01,-4.661758187102557072e-01,-1.109026924758437366e-01
6.310000000000000497e+00,-4.699458441775167805e-01,-4.699458490723263937e-01,-4.699463336581118922e-01,-4.699947899580779187e-01,-4.748184830132676781e-01,-1.355338885837169827e-01
6.320000000000000284e+00,-4.782470591377981362e-01,-4.782470641005897027e-01,-4.782475554165894760e-01,-4.782966847525643717e-01,-4.831878051817521391e-01,-1.595165160765797119e-01
6.330000000000000071e+00,-4.862720786690639674e-01,-4.862720836991957230e-01,-4.862725816818774804e-01,-4.863223777028730099e-01,-4.912802910866193029e-01,-1.829566733629024444e-01
6.339999999999999858e+00,-4.940174354300428949e-01,-4.940174405270097990e-01,-4.940179451263675969e-01,-4.940684028324199284e-01,-4.990926125731423579e-01,-2.059915331964134178e-01
6.350000000000000533e+00,-5.014798330489775857e-01,-5.014798382124019405e-01,-5.014803493910586774e-01,-5.015314650446500711e-01,-5.066216036962079006e-01,-2.287712262297998678e-01
6.360000000000000320e+00,-5.086561426146090081e-01,-5.086561478442317430e-01,-5.086566655765204503e-01,-5.087084366118083123e-01,-5.138642568901111707e-01,-2.514386912073261482e-01
6.370000000000000107e+00,-5.155433990933667721e-01,-5.155434043890373408e-01,-5.155439286600597137e-01,-5.155963535896199712e-01,-5.208177190986538196e-01,-2.741141555946125519e-01
6.379999999999999893e+00,-5.221387976962249544e-01,-5.221388030578918427e-01,-5.221393338625615055e-01,-5.221924121803007690e-01,-5.274792878898445503e-01,-2.968876849369525561e-01
6.390000000000000568e+00,-5.284396902175895194e-01,-5.284396956452909189e-01,-5.284402329873680859e-01,-5.284939650697113578e-01,-5.338464075765446681e-01,-3.198191432121548217e-01
6.400000000000000355e+00,-5.344435813758617870e-01,-5.344435868697148262e-01,-5.344441307608072123e-01,-5.344985177715223523e-01,-5.399166653588958198e-01,-3.429426929087325826e-01
6.410000000000000142e+00,-5.401481251753079693e-01,-5.401481307354991657e-01,-5.401486811940718891e-01,-5.402037249820829112e-01,-5.456877875182793991e-01,-3.662729424429519431e-01
6.419999999999999929e+00,-5.455511213061735587e-01,-5.455511269329484936e-01,-5.455516839833152165e-01,-5.456073869832617218e-01,-5.511576356795850895e-01,-3.898108691105281465e-01
6.429999999999999716e+00,-5.506505116108956210e-01,-5.506505173045486146e-01,-5.506510809758607961e-01,-5.507074461063763415e-01,-5.563242031571180579e-01,-4.135486835520596482e-01
6.440000000000000391e+00,-5.554443766305066088e-01,-5.554443823913709499e-01,-5.554449527166052114e-01,-5.555019832780578870e-01,-5.611856114048445754e-01,-4.374734669045463598e-01
6.450000000000000178e+00,-5.599309322525914956e-01,-5.599309380810284509e-01,-5.599315150959682796e-01,-5.599892146693163930e-01,-5.657401065952561980e-01,-4.615697228631908677e-01
6.459999999999999964e+00,-5.641085264814275080e-01,-5.641085323778167737e-01,-5.641091161200255666e-01,-5.641674884668638201e-01,-5.699860563441826455e-01,-4.858210811695272691e-01
6.469999999999999751e+00,-5.679756363442129974e-01,-5.679756423089415973e-01,-5.679762328167563545e-01,-5.680352817740693672e-01,-5.739219465751570493e-01,-5.102113801692156336e-01
6.480000000000000426e+00,-5.715308649429653443e-01,-5.715308709764181927e-01,-5.715314682879293340e-01,-5.715911976680781992e-01,-5.775463785715495568e-01,-5.347253133823240967e-01
6.490000000000000213e+00,-5.747729386806899043e-01,-5.747729447832388150e-01,-5.747735489352761018e-01,-5.748339624255476288e-01,-5.808580662138522754e-01,-5.593487775055091538e-01
6.500000000000000000e+00,-5.777007046667138601e-01,-5.777007108387079981e-01,-5.777013218658323401e-01,-5.777624229270179601e-01,-5.838558334135863781e-01,-5.840690199721926268e-01
6.509999999999999787e+00,-5.803131283127250795e-01,-5.803131345544805253e-01,-5.803137524879878884e-01,-5.803755442525723174e-01,-5.865386117578677005e-01,-6.088746542513393534e-01
6.520000000000000462e+00,-5.826092911332574342e-01,-5.826092974450474138e-01,-5.826099223119749482e-01,-5.826724074851574731e-01,-5.889054383843398410e-01,-6.337555898370543783e-01
6.530000000000000249e+00,-5.845883887665228595e-01,-5.845883951485673080e-01,-5.845890269706927045e-01,-5.846522077359086467e-01,-5.909554540991401872e-01,-6.587029092318953394e-01
6.540000000000000036e+00,-5.862497292228228130e-01,-5.862497356752787159e-01,-5.862503744681518691e-01,-5.863142523832289843e-01,-5.926879017156585494e-01,-6.837087141948177127e-01
6.549999999999999822e+00,-5.875927313521015494e-01,-5.875927378750533947e-01,-5.875933836470322857e-01,-5.876579595498548914e-01,-5.941021246632482988e-01,-7.087659568438844371e-01
6.560000000000000497e+00,-5.886169235665112964e-01,-5.886169301599610826e-01,-5.886175829112473279e-01,-5.886828568248858584e-01,-5.951975658536619029e-01,-7.338682665142758355e-01
6.570000000000000284e+00,-5.893219428057019371e-01,-5.893219494695597360e-01,-5.893226091912540099e-01,-5.893885802289750009e-01,-5.959737668076316996e-01,-7.590097799838775305e-01
6.580000000000000071e+00,-5.897075337511354931e-01,-5.897075404852102354e-01,-5.897082071583867879e-01,-5.897748734286398786e-01,-5.964303670480091135e-01,-7.841849807358060032e-01
6.589999999999999858e+00,-5.897735482947999985e-01,-5.897735550987898145e-01,-5.897742286935828693e-01,-5.898415872087500178e-01,-5.965671037715070124e-01,-8.093885504474086501e-01
6.600000000000000533e+00,-5.895199452713066890e-01,-5.895199521447903601e-01,-5.895206326194770696e-01,-5.895886792106175278e-01,-5.963838118044810788e-01,-8.346152352954558928e-01
6.610000000000000320e+00,-5.889467904524435804e-01,-5.889467973948709911e-01,-5.889474846949979137e-01,-5.890162139168348965e-01,-5.958804238106405471e-01,-8.598597279189353904e-01
6.620000000000000107e+00,-5.880542567856872349e-01,-5.880542637963710462e-01,-5.880549578538918354e-01,-5.881243629011524421e-01,-5.950569707923786256e-01,-8.851165651134895729e-01
6.629999999999999893e+00,-5.868426249080256341e-01,-5.868426319861325124e-01,-5.868433327185537118e-01,-5.869134053417652819e-01,-5.939135828653061555e-01,-9.103800403962165610e-01
6.640000000000000568e+00,-5.853122839110378450e-01,-5.853122910555803582e-01,-5.853129983651370605e-01,-5.853837287874593676e-01,-5.924504903002330014e-01,-9.356441297777768895e-01
6.650000000000000355e+00,-5.834637323580251778e-01,-5.834637395678534677e-01,-5.834644533407102873e-01,-5.835358301762791911e-01,-5.906680248314853943e-01,-9.609024282561480224e-01
6.660000000000000142e+00,-5.812975795509890409e-01,-5.812975868247830524e-01,-5.812983069302537498e-01,-5.813703171074708909e-01,-5.885666212352022031e-01,-9.861480940740869894e-01
6.669999999999999929e+00,-5.788145470473440302e-01,-5.788145543836056284e-01,-5.788152806733883882e-01,-5.788879093614778260e-01,-5.861468191722341015e-01,-1.011373797031666300e+00
6.679999999999999716e+00,-5.760154704088995548e-01,-5.760154778059457525e-01,-5.760162101134078672e-01,-5.760894406459569073e-01,-5.834092652615784358e-01,-1.036571666755629506e+00
6.690000000000000391e+00,-5.729013011786372456e-01,-5.729013086345924322e-01,-5.729020467740699729e-01,-5.729758605806576366e-01,-5.803547154150164866e-01,-1.061733236143719283e+00
6.700000000000000178e+00,-5.694731090845492893e-01,-5.694731165973394571e-01,-5.694738603634632579e-01,-5.695482369045710147e-01,-5.769840374055198451e-01,-1.086849374810337387e+00
6.709999999999999964e+00,-5.657320844540664195e-01,-5.657320920214112814e-01,-5.657328411884728903e-01,-5.658077578913981442e-01,-5.732982136575506260e-01,-1.111910206986694183e+00
6.719999999999999751e+00,-5.616795408235745191e-01,-5.616795484429829566e-01,-5.616803027643402224e-01,-5.617557349611330686e-01,-5.692983442480120670e-01,-1.136905007271819201e+00
6.730000000000000426e+00,-5.573169177347708780e-01,-5.573169254035343911e-01,-5.573176846110536875e-01,-5.573936054814437879e-01,-5.649856501145817944e-01,-1.161822067384653989e+00
6.740000000000000213e+00,-5.526457837105414050e-01,-5.526457914257290049e-01,-5.526465552292552097e-01,-5.527229357520215824e-01,-5.603614764681084104e-01,-1.186648525759936179e+00
6.750000000000000000e+00,-5.476678394013705375e-01,-5.476678471598240838e-01,-5.476686152466817559e-01,-5.477454241551762415e-01,-5.554272963753081882e-01,-1.211370150846433180e+00
6.759999999999999787e+00,-5.423849208572307790e-01,-5.423849286555604277e-01,-5.423857006901539046e-01,-5.424629044188180593e-01,-5.501847144864289163e-01,-1.235971067344498353e+00
6.770000000000000462e+00,-5.367990029309970268e-01,-5.367990107655773446e-01,-5.367997863889844012e-01,-5.368773490413415450e-01,-5.446354709438220310e-01,-1.260433412660668884e+00
6.780000000000000249e+00,-5.309122028060024867e-01,-5.309122106729688984e-01,-5.309129895026093449e-01,-5.309908728169250303e-01,-5.387814454106187867e-01,-1.284736908532674526e+00
6.790000000000000036e+00,-5.247267836073901126e-01,-5.247267915026363472e-01,-5.247275731319919201e-01,-5.248057364533659230e-01,-5.326246612178153761e-01,-1.308858329631226391e+00
6.799999999999999822e+00,-5.182451580870014451e-01,-5.182451660061773158e-01,-5.182459500045736300e-01,-5.183243502623261501e-01,-5.261672896110292097e-01,-1.332770847563378158e+00
6.810000000000000497e+00,-5.114698923604349412e-01,-5.114699002989446797e-01,-5.114706862113946872e-01,-5.115492779029272574e-01,-5.194116540827319328e-01,-1.356443224774936951e+00
6.820000000000000284e+00,-5.044037096767823858e-01,-5.044037176297836433e-01,-5.044045049768960398e-01,-5.044832401596186511e-01,-5.123602347743104746e-01,-1.379838828680010065e+00
6.830000000000000071e+00,-4.970494942004642924e-01,-4.970495021628679178e-01,-4.970502904408217182e-01,-4.971291187317082860e-01,-5.050156729098469466e-01,-1.402914433071737799e+00
6.839999999999999858e+00,-4.894102947717505203e-01,-4.894103027382212812e-01,-4.894110914188319339e-01,-4.894899599968515203e-01,-4.973807752573247698e-01,-1.425618772507892817e+00
6.850000000000000533e+00,-4.814893286302359132e-01,-4.814893365951938842e-01,-4.814901251260430559e-01,-4.815689787480421646e-01,-4.894585185940110161e-01,-1.447890818433982041e+00
6.860000000000000320e+00,-4.732899850772991912e-01,-4.732899930349219186e-01,-4.732907808395819260e-01,-4.733695618613228961e-01,-4.812520541453992884e-01,-1.469657758537439740e+00
6.870000000000000107e+00,-4.648158290448312080e-01,-4.648158369890568742e-01,-4.648166234674003805e-01,-4.648952718750741786e-01,-4.727647119808837672e-01,-1.490832688937991035e+00
6.879999999999999893e+00,-4.560706045508818862e-01,-4.560706124754130841e-01,-4.560713970040153886e-01,-4.561498504553809785e-01,-4.640000053369063293e-01,-1.511312085214754353e+00
6.890000000000000568e+00,-4.470582380111211007e-01,-4.470582459094303296e-01,-4.470590278420727981e-01,-4.471372217164646945e-01,-4.549616348376797070e-01,-1.530973215658919973e+00
6.900000000000000355e+00,-4.377828413743203861e-01,-4.377828492396562132e-01,-4.377836279079390658e-01,-4.378614953648128916e-01,-4.456534925923774093e-01,-1.549671816783671385e+00
6.910000000000000142e+00,-4.282487150557635625e-01,-4.282487228811575619e-01,-4.282494975952089167e-01,-4.283269696484053868e-01,-4.360796661431016741e-01,-1.567240575260675506e+00
6.919999999999999929e+00,-4.184603506537279416e-01,-4.184603584320032432e-01,-4.184611284813026799e-01,-4.185381340807544648e-01,-4.262444422194322513e-01,-1.583489238848582392e+00
6.929999999999999716e+00,-4.084224333951650965e-01,-4.084224411189457671e-01,-4.084232057732695154e-01,-4.084996718981672159e-01,-4.161523102776917837e-01,-1.598207436798611436e+00
6.940000000000000391e+00,-3.981398442945927041e-01,-3.981398519563142946e-01,-3.981406104667962742e-01,-3.982164622313747460e-01,-4.058079657984124955e-01,-1.611171368141515625e+00
6.950000000000000178e+00,-3.876176620004103679e-01,-3.876176695923322368e-01,-3.876184211926392842e-01,-3.876935819659715343e-01,-3.952163133015066387e-01,-1.622155159792235457e+00
6.959999999999999964e+00,-3.768611642975854270e-01,-3.768611718118034526e-01,-3.768619157194366132e-01,-3.769363072562874062e-01,-3.843824690331020255e-01,-1.630946681345733840e+00
6.969999999999999751e+00,-3.658758292281760194e-01,-3.658758366566372544e-01,-3.658765720743690775e-01,-3.659501146540017347e-01,-3.733117633051804551e-01,-1.637365976651307342e+00
6.980000000000000426e+00,-3.546673357974365892e-01,-3.546673431319553593e-01,-3.546680692493876519e-01,-3.547406818324743139e-01,-3.620097424677982123e-01,-1.641282815490745506e+00
6.990000000000000213e+00,-3.432415642769838238e-01,-3.432415715092579367e-01,-3.432422875044818245e-01,-3.433138879041173208e-01,-3.504821704325939979e-01,-1.642629186909742689e+00
7.000000000000000000e+00,-3.316045960310978202e-01,-3.316046031527274396e-01,-3.316053081941371938e-01,-3.316758132525563507e-01,-3.387350297446692915e-01,-1.641403601392603884e+00
7.009999999999999787e+00,-3.197627128574729305e-01,-3.197627198599792830e-01,-3.197634131081976694e-01,-3.198327388883772660e-01,-3.267745221687027302e-01,-1.637666558908326131e+00
7.020000000000000462e+00,-3.077223958279209359e-01,-3.077224027027674613e-01,-3.077230833126782805e-01,-3.077911453046815460e-01,-3.146070687431760660e-01,-1.631529179054916012e+00
7.030000000000000249e+00,-2.954903236068128214e-01,-2.954903303454267105e-01,-2.954909974683201379e-01,-2.955577108061029357e-01,-3.022393092490963107e-01,-1.623138457949912183e+00
7.040000000000000036e+00,-2.830733702138296115e-01,-2.830733768076246770e-01,-2.830740295934623396e-01,-2.831393092763515584e-01,-2.896781010920326249e-01,-1.612662517903383330e+00
7.049999999999999822e+00,-2.704786022012705682e-01,-2.704786086416711144e-01,-2.704792462414588594e-01,-2.705430073663208090e-01,-2.769305175753759007e-01,-1.600278097560888124e+00
7.060000000000000497e+00,-2.577132752817282157e-01,-2.577132815601934634e-01,-2.577139031283929294e-01,-2.577760611445351069e-01,-2.640038454787931310e-01,-1.586161215793758572e+00
7.070000000000000284e+00,-2.447848303556712235e-01,-2.447848364637209562e-01,-2.447854411607911507e-01,-2.448459121158432783e-01,-2.509055819620085170e-01,-1.570480966525814814e+00
7.080000000000000071e+00,-2.317008889194169252e-01,-2.317008948486578290e-01,-2.317014818436519130e-01,-2.317601826412612476e-01,-2.376434307700043824e-01,-1.553395896451418956e+00
7.089999999999999858e+00,-2.184692478744796051e-01,-2.184692536166316645e-01,-2.184698220898400045e-01,-2.185266707567385391e-01,-2.242252977044746909e-01,-1.535052275990013149e+00
7.100000000000000533e+00,-2.050978737387878226e-01,-2.050978792857116595e-01,-2.050984284313393524e-01,-2.051533443898201081e-01,-2.106592853216150141e-01,-1.515583635330185475e+00
7.110000000000000320e+00,-1.915948962491509922e-01,-1.915949015928752330e-01,-1.915954306217564351e-01,-1.916483349595614338e-01,-1.969536868925253481e-01,-1.495111073843842675e+00
7.120000000000000107e+00,-1.779686013429330471e-01,-1.779686064756820785e-01,-1.779691146180311656e-01,-1.780199303486730833e-01,-1.831169796234606850e-01,-1.473743993824000231e+00
7.129999999999999893e+00,-1.642274235422226114e-01,-1.642274284564438636e-01,-1.642279149645506919e-01,-1.642765673157243755e-01,-1.691578170688551874e-01,-1.451581027231536369e+00
7.140000000000000568e+00,-1.503799378249175422e-01,-1.503799425133084400e-01,-1.503804066642220882e-01,-1.504268233404833788e-01,-1.550850207996640195e-01,-1.428711011682741061e+00
7.150000000000000355e+00,-1.364348508732178000e-01,-1.364348553287527965e-01,-1.364352964269453239e-01,-1.364794078734642424e-01,-1.409075713386692408e-01,-1.405213931105110170e+00
7.160000000000000142e+00,-1.224009918090288307e-01,-1.224009960249855672e-01,-1.224014134049432601e-01,-1.224431530650326450e-01,-1.266345983663626495e-01,-1.381161776308083455e+00
7.169999999999999929e+00,-1.082873024279609603e-01,-1.082873063979455652e-01,-1.082876994266708942e-01,-1.083270039961700404e-01,-1.122753701961333728e-01,-1.356619304420299210e+00
7.179999999999999716e+00,-9.410282696787283796e-02,-9.410283068584415767e-02,-9.410319876525799487e-02,-9.414000843698208665e-02,-9.783928256480040053e-02,-1.331644691070902775e+00
7.190000000000000391e+00,-7.985670143364956286e-02,-7.985670489394239291e-02,-7.985704746318189606e-02,-7.989130615351944242e-02,-8.333584686796520480e-02,-1.306290077479149936e+00
7.200000000000000178e+00,-6.555814250251365549e-02,-6.555814569986070928e-02,-6.555846223746983337e-02,-6.559011778963474981e-02,-6.877467771920567352e-02,-1.280602018928982844e+00
7.209999999999999964e+00,-5.121643607939938003e-02,-5.121643900895141849e-02,-5.121672903485743888e-02,-5.124573344122702878e-02,-5.416548000118960593e-02,-1.254621843527714997e+00
7.219999999999999751e+00,-3.684092559920604248e-02,-3.684092825655070624e-02,-3.684119133392026874e-02,-3.686750090913040734e-02,-3.951803543680306591e-02,-1.228385930944769555e+00
7.230000000000000426e+00,-2.244099999628773948e-02,-2.244100237746623344e-02,-2.244123811437453986e-02,-2.246481366355032941e-02,-2.484218874211190781e-02,-1.201925921123533803e+00
7.240000000000000213e+00,-8.026081502264904161e-03,-8.026083603786815512e-03,-8.026291654689494959e-03,-8.047098620754445167e-03,-1.014783341242191279e-02,-1.175268862846764018e+00
7.250000000000000000e+00,6.394386714252700554e-03,6.394384895396568874e-03,6.394204828396664320e-03,6.376196236815861833e-03,4.555102786757104019e-03,-1.148437312280819800e+00
7.259999999999999787e+00,2.081095300595774827e-02,2.081095147228463615e-02,2.081079963838382632e-02,2.079561434101180259e-02,1.925667249159429203e-02,-1.121449390938864310e+00
7.270000000000000462e+00,3.521416975133929289e-02,3.521416850486593086e-02,3.521404510372272423e-02,3.520170306766689378e-02,3.394692358601848758e-02,-1.094318813176437200e+00
7.280000000000000249e+00,4.959460584883436385e-02,4.959460489107086339e-02,4.959451007219879692e-02,4.958502624975696937e-02,4.861591408340029674e-02,-1.067054892979757641e+00
7.290000000000000036e+00,6.394285912709582465e-02,6.394285845904214283e-02,6.394279232143848524e-02,6.393617661217856907e-02,6.325372698125519833e-02,-1.039662539994880674e+00
7.299999999999999822e+00,7.824956864200083295e-02,7.824956826414521116e-02,7.824953085614350101e-02,7.824578809285751002e-02,7.785048500887367662e-02,-1.012142255045150208e+00
7.310000000000000497e+00,9.250542678635217952e-02,9.250542669867195533e-02,9.250541801803040254e-02,9.250454797528867568e-02,9.239636518973907975e-02,-9.844901350003744112e-01
7.320000000000000284e+00,1.067011911682174685e-01,1.067011913701823023e-01,1.067012113643975857e-01,1.067032087908395543e-01,1.068816131390569191e-01,-9.566978973246189621e-01
7.330000000000000071e+00,1.208276962055213205e-01,1.208276966960985521e-01,1.208277452629447773e-01,1.208325999349863372e-01,1.212965570250004038e-01,-9.287529334134281278e-01
7.339999999999999858e+00,1.348758643831042825e-01,1.348758651607668002e-01,1.348759421490549892e-01,1.348836389448478390e-01,1.356316211204510180e-01,-9.006383996388928059e-01
7.350000000000000533e+00,1.488367171321105242e-01,1.488367181948463402e-01,1.488368234053851769e-01,1.488473424035526294e-01,1.498773388816499741e-01,-8.723333544368016002e-01
7.360000000000000320e+00,1.627013852963157259e-01,1.627013866416397170e-01,1.627015198283979780e-01,1.627148364239062728e-01,1.640243654969253395e-01,-8.438129466365392739e-01
7.370000000000000107e+00,1.764611191316076133e-01,1.764611207565751072e-01,1.764612816280332064e-01,1.764773666655069517e-01,1.780634898395017651e-01,-8.150486609302949326e-01
7.379999999999999893e+00,1.901072978119503487e-01,1.901072997131725839e-01,1.901074879338446044e-01,1.901263078606990620e-01,1.919856457730363952e-01,-7.860086204208481808e-01
7.390000000000000568e+00,2.036314384204901962e-01,2.036314405941512251e-01,2.036316557862621890e-01,2.036531728231679161e-01,2.057819227971926790e-01,-7.566579478361872280e-01
7.400000000000000355e+00,2.170252043919134732e-01,2.170252068337886753e-01,2.170254485790999721e-01,2.170496209019688594e-01,2.194435759578568512e-01,-7.269591808862421178e-01
7.410000000000000142e+00,2.302804133712837154e-01,2.302804160767596420e-01,2.302806839185337351e-01,2.303074658476078618e-01,2.329620350104243121e-01,-6.968727353450674400e-01
7.419999999999999929e+00,2.433890444830915933e-01,2.433890474471865351e-01,2.433893408922423729e-01,2.434186831075724200e-01,2.463289128240391257e-01,-6.663574074772851130e-01
7.429999999999999716e+00,2.563432450318219868e-01,2.563432482492080666e-01,2.563435667700846854e-01,2.563754165242908556e-01,2.595360130044098712e-01,-6.353709025256620846e-01
7.440000000000000391e+00,2.691353365586534041e-01,2.691353400236792259e-01,2.691356830608797601e-01,2.691699844018790033e-01,2.725753367066938715e-01,-6.038703775635956283e-01
7.450000000000000178e+00,2.817578202933710974e-01,2.817578240000848111e-01,2.817581909643810389e-01,2.817948849658862276e-01,2.854390886554454276e-01,-5.718129813154722019e-01
7.459999999999999964e+00,2.942033820006288436e-01,2.942033859428020426e-01,2.942037762175790938e-01,2.942428012174682084e-01,2.981196824076293717e-01,-5.391563762834258311e-01
7.469999999999999751e+00,3.064648962203797566e-01,3.064649003915314029e-01,3.064653133351655789e-01,3.065066051744326225e-01,3.106097447980559201e-01,-5.058592266414211336e-01
7.480000000000000426e+00,3.185354298933800177e-01,3.185354342868007560e-01,3.185358692350636067e-01,3.185793614899143922e-01,3.229021196305765784e-01,-4.718816380578934044e-01
7.490000000000000213e+00,3.304082453755164961e-01,3.304082499842927456e-01,3.304087062527540364e-01,3.304543304769355649e-01,3.349898706374832003e-01,-4.371855366053806202e-01
7.500000000000000000e+00,3.420768029238128172e-01,3.420768077408510299e-01,3.420772846272437939e-01,3.421249705974697131e-01,3.468662837204822269e-01,-4.017349781926207175e-01
7.509999999999999787e+00,3.535347625887204082e-01,3.535347676067708278e-01,3.535352643933633576e-01,3.535849403392201662e-01,3.585248684786560558e-01,-3.654963832336129981e-01
7.520000000000000462e+00,3.647759855595000822e-01,3.647759907711801142e-01,3.647765067271022676e-01,3.648280995616939859e-01,3.699593590728987857e-01,-3.284386975165028977e-01
7.530000000000000249e+00,3.757945349953817349e-01,3.757945403931991502e-01,3.757950747767155875e-01,3.758485103271037575e-01,3.811637145209281208e-01,-2.905334854370823505e-01
7.540000000000000036e+00,3.865846763702267541e-01,3.865846819466018380e-01,3.865852340073272497e-01,3.866404372405800038e-01,3.921321183442781355e-01,-2.517549704669334032e-01
7.549999999999999822e+00,3.971408773431543415e-01,3.971408830904419318e-01,3.971414520714956486e-01,3.971983473094723438e-01,4.028589776815935108e-01,-2.120800462870757741e-01
7.560000000000000497e+00,4.074578071662531276e-01,4.074578130767634310e-01,4.074583982168657470e-01,4.075169093326247438e-01,4.133389219001283865e-01,-1.714882958337123342e-01
7.570000000000000284e+00,4.175303356546837819e-01,4.175303417207029688e-01,4.175309422561848671e-01,4.175909928831137985e-01,4.235668007438305738e-01,-1.299620714809760491e-01
7.580000000000000071e+00,4.273535318393943960e-01,4.273535380532038075e-01,4.273541532199065518e-01,4.274156669505695394e-01,4.335376820387640828e-01,-8.748671527968748807e-02
7.589999999999999858e+00,4.369226622016276207e-01,4.369226685555220868e-01,4.369232975906519600e-01,4.369861981520402061e-01,4.432468489795597932e-01,-4.405103448600877769e-02
7.600000000000000533e+00,4.462331885841198664e-01,4.462331950704259143e-01,4.462338372142998777e-01,4.462980486425753845e-01,4.526897971158039824e-01,3.517968358299761178e-04
7.610000000000000320e+00,4.552807658089994547e-01,4.552807724200915729e-01,4.552814269177909434e-01,4.553468737253877352e-01,4.618622310227340488e-01,4.572265516183243728e-02
7.620000000000000107e+00,4.640612390304373891e-01,4.640612457587540152e-01,4.640619118616829963e-01,4.641285191961845302e-01,4.707600606664721354e-01,9.205382260913141934e-02
7.629999999999999893e+00,4.725706408458092422e-01,4.725706476838675840e-01,4.725713246512202037e-01,4.726390184420682372e-01,4.793793975563968024e-01,1.393247155101591805e-01
7.640000000000000568e+00,4.808051881858237953e-01,4.808051951262335977e-01,4.808058822263735488e-01,4.808745893150417894e-01,4.877165507033139891e-01,1.874951757066957436e-01
7.650000000000000355e+00,4.887612790107420668e-01,4.887612860462186015e-01,4.887619825579632704e-01,4.888316308287182221e-01,4.957680224135435076e-01,2.364952351754561199e-01
7.660000000000000142e+00,4.964354888972685731e-01,4.964354960206445178e-01,4.964362012344395447e-01,4.965067197397383114e-01,5.035305039406934302e-01,2.862100977803492818e-01
7.669999999999999929e+00,5.038245674660222218e-01,5.038245746702590955e-01,5.038252878892868214e-01,5.038966069531917169e-01,5.110008710365092632e-01,3.364594383250354426e-01
7.679999999999999716e+00,5.109254347164554622e-01,5.109254419946535064e-01,5.109261625358405556e-01,5.109982138561528497e-01,5.181761794707714364e-01,3.869718944802862937e-01
7.690000000000000391e+00,5.177351772962680565e-01,5.177351846416755610e-01,5.177359118366164914e-01,5.178086285776175579e-01,5.250536604708894162e-01,4.373601653497770636e-01
7.700000000000000178e+00,5.242510447256595318e-01,5.242510521316816607e-01,5.242517853274781814e-01,5.243251022044681520e-01,5.316307161672504389e-01,4.871099117644930310e-01
7.709999999999999964e+00,5.304704456007740543e-01,5.304704530609802848e-01,5.304711916210008704e-01,5.305450449758264408e-01,5.379049150513303124e-01,5.356025060616035338e-01
7.719999999999999751e+00,5.363909437981070338e-01,5.363909513062377066e-01,5.363916946108009398e-01,5.364660224782269449e-01,5.438739874717203326e-01,5.821858432293466334e-01
7.730000000000000426e+00,5.420102547082230604e-01,5.420102622581962626e-01,5.420110097051735742e-01,5.420857518761200700e-01,5.495358211867571452e-01,6.262798201871414561e-01
7.740000000000000213e+00,5.473262415222706068e-01,5.473262491081870573e-01,5.473270001135389640e-01,5.474020981868825686e-01,5.548884569952869938e-01,6.674710883325389865e-01
7.750000000000000000e+00,5.523369115819418695e-01,5.523369191980893600e-01,5.523376731963296482e-01,5.524130706259784418e-01,5.599300844785283227e-01,7.055527018778083859e-01
7.759999999999999787e+00,5.570404128237528285e-01,5.570404204646107749e-01,5.570411769092044052e-01,5.571168190437697509e-01,5.646590378497484686e-01,7.405023758028332903e-01
7.770000000000000462e+00,5.614350303299147082e-01,5.614350379901575927e-01,5.614357963538563201e-01,5.615116304697684857e-01,5.690737919441728465e-01,7.724273264792652638e-01
7.780000000000000249e+00,5.655191830056640612e-01,5.655191906801634305e-01,5.655199504552801404e-01,5.655959257843774513e-01,5.731729583587820143e-01,8.015070989270880464e-01
7.790000000000000036e+00,5.692914204021174429e-01,5.692914280859451281e-01,5.692921887845685536e-01,5.693682565368320958e-01,5.769552817570861025e-01,8.279505657992642931e-01
7.799999999999999822e+00,5.727504196986691332e-01,5.727504273870981377e-01,5.727511885412541748e-01,5.728273019192509086e-01,5.804196363540866654e-01,8.519693873641186466e-01
7.810000000000000497e+00,5.758949828529416060e-01,5.758949905414473269e-01,5.758957517032060602e-01,5.759718659134366314e-01,5.835650225935775648e-01,8.737641084962480820e-01
7.820000000000000284e+00,5.787240339437971226e-01,5.787240416280580169e-01,5.787248023695893417e-01,5.788008746285635553e-01,5.863905640235205219e-01,8.935182526902004652e-01
7.830000000000000071e+00,5.812366167125085914e-01,5.812366243884061756e-01,5.812373843019867925e-01,5.813133738368543302e-01,5.888955043878744133e-01,9.113968851045930464e-01
7.839999999999999858e+00,5.834318923118581024e-01,5.834318999754768420e-01,5.834326586734508435e-01,5.835085267171636891e-01,5.910792049404514081e-01,9.275474140150002933e-01
7.850000000000000533e+00,5.853091372748956411e-01,5.853091449225215070e-01,5.853099020372158900e-01,5.853856118201221648e-01,5.929411419863650501e-01,9.421013588010661577e-01
7.860000000000000320e+00,5.868677417172225574e-01,5.868677493453422489e-01,5.868685045289364632e-01,5.869440212684027269e-01,5.944809046600402214e-01,9.551764113174716631e-01
7.870000000000000107e+00,5.881072077786827501e-01,5.881072153839819183e-01,5.881079683083384468e-01,5.881832591888268569e-01,5.956981929513558427e-01,9.668784596411682530e-01
7.879999999999999893e+00,5.890271482959935634e-01,5.890271558753541470e-01,5.890279062318084513e-01,5.891029403848474510e-01,5.965928159816229481e-01,9.773034280824359765e-01
7.890000000000000568e+00,5.896272857373454634e-01,5.896272932878438011e-01,5.896280407869528561e-01,5.897027892666952820e-01,5.971646905224999857e-01,9.865388827249985670e-01
7.900000000000000355e+00,5.899074513869638769e-01,5.899074589058677098e-01,5.899082032771219009e-01,5.899826390314557578e-01,5.974138397832553515e-01,9.946653980092498015e-01
7.910000000000000142e+00,5.898675847838675823e-01,5.898675922686323903e-01,5.898683332601313278e-01,5.899424310971701502e-01,5.973403924536935250e-01,1.001757700958850750e+00
7.919999999999999929e+00,5.895077334184870566e-01,5.895077408667527274e-01,5.895084782448443139e-01,5.895822147969438376e-01,5.969445820049683604e-01,1.007885617170463100e+00
7.930000000000000604e+00,5.888280526939779769e-01,5.888280601035646988e-01,5.888287936524476684e-01,5.889021473394454587e-01,5.962267462519872385e-01,1.013114844331407971e+00
7.940000000000000391e+00,5.878288061481750093e-01,5.878288135170789408e-01,5.878295430383733144e-01,5.879024940210371142e-01,5.951873271833596490e-01,1.017507577636729721e+00
7.950000000000000178e+00,5.865103659199798480e-01,5.865103732463684549e-01,5.865110985586522441e-01,5.865836286938863608e-01,5.938268710447009990e-01,1.021123008986710490e+00
7.959999999999999964e+00,5.848732134852142606e-01,5.848732207674212091e-01,5.848739417057329248e-01,5.849460344971613157e-01,5.921460286744669732e-01,1.024017719377847468e+00
7.969999999999999751e+00,5.829179406381702622e-01,5.829179478746903120e-01,5.829186642899994997e-01,5.829903048347965244e-01,5.901455561019026685e-01,1.026245981295535570e+00
7.980000000000000426e+00,5.806452507177005673e-01,5.806452579071834652e-01,5.806459696658309300e-01,5.807171445978642765e-01,5.878263153885905368e-01,1.027859985888778693e+00
7.990000000000000213e+00,5.780559600740255988e-01,5.780559672152706385e-01,5.780566741983748091e-01,5.781273716295873832e-01,5.851892757097486575e-01,1.028910007771181689e+00
8.000000000000000000e+00,5.751509997736827806e-01,5.751510068656321417e-01,5.751517089684647921e-01,5.752219184277602704e-01,5.822355146738396048e-01,1.029444518770959771e+00
8.009999999999999787e+00,5.719314175225740371e-01,5.719314245643060124e-01,5.719321216956391174e-01,5.720018340612164076e-01,5.789662198767290269e-01,1.029510260618096806e+00
8.019999999999999574e+00,5.683983798036833512e-01,5.683983867944060187e-01,5.683990788758267465e-01,5.684682863074415060e-01,5.753826906618417780e-01,1.029152285364998365e+00
8.029999999999999361e+00,5.645531742240367246e-01,5.645531811630802865e-01,5.645538681282737947e-01,5.646225639966881982e-01,5.714863400946538219e-01,1.028413971320160103e+00
8.040000000000000924e+00,5.603972120534231882e-01,5.603972189402324222e-01,5.603979007342374530e-01,5.604660795463343170e-01,5.672786971400021194e-01,1.027337021318156296e+00
8.050000000000000711e+00,5.559320309379094383e-01,5.559320377720361472e-01,5.559327143504704249e-01,5.560003716704492449e-01,5.627614090224689614e-01,1.025961449287202232e+00
8.060000000000000497e+00,5.511592977783399405e-01,5.511593045594342932e-01,5.511599758876897237e-01,5.512271082558899415e-01,5.579362437525866580e-01,1.024325560171023941e+00
8.070000000000000284e+00,5.460808117645076232e-01,5.460808184923104935e-01,5.460814845447161670e-01,5.461480893958984284e-01,5.528050928122680840e-01,1.022465927589616186e+00
8.080000000000000071e+00,5.406985075539160190e-01,5.406985142282495493e-01,5.406991749872054331e-01,5.407652505668528731e-01,5.473699739930449892e-01,1.020417372770494824e+00
8.089999999999999858e+00,5.350144585481465542e-01,5.350144651689056063e-01,5.350151206239963653e-01,5.350806658926086090e-01,5.416330343749884424e-01,1.018212947544839819e+00
8.099999999999999645e+00,5.290308802730978588e-01,5.290308868402403553e-01,5.290315369873085372e-01,5.290965515320502632e-01,5.355965533765186803e-01,1.015883923661579979e+00
8.109999999999999432e+00,5.227501338521342023e-01,5.227501403656719114e-01,5.227507852058685955e-01,5.228152691449576839e-01,5.292629459241890988e-01,1.013459789896156593e+00
8.120000000000000995e+00,5.161747295313978690e-01,5.161747359913860800e-01,5.161753755301937696e-01,5.162393294151315093e-01,5.226347657003195257e-01,1.010968257997351127e+00
8.130000000000000782e+00,5.093073302455354279e-01,5.093073366520630696e-01,5.093079708982910514e-01,5.093713956130301312e-01,5.157147084400051096e-01,1.008435277957042020e+00
8.140000000000000568e+00,5.021507552012119957e-01,5.021507615543913117e-01,5.021513905191453686e-01,5.022142871766777095e-01,5.085056152607048130e-01,1.005885062425256660e+00
8.150000000000000355e+00,4.947079834577324808e-01,4.947079897576880936e-01,4.947086134533150159e-01,4.947709832904287897e-01,5.010104760073234020e-01,1.003340120440685546e+00
8.160000000000000142e+00,4.869821574832600697e-01,4.869821637301184891e-01,4.869827821691259384e-01,4.870446264396406377e-01,4.932324325980371738e-01,1.000821299244676332e+00
8.169999999999999929e+00,4.789765866537948336e-01,4.789765928476727996e-01,4.789772060416326305e-01,4.790385259044783184e-01,4.851747823525510150e-01,9.983478337942519598e-01
8.179999999999999716e+00,4.706947506756697930e-01,4.706947568166635065e-01,4.706953647750893310e-01,4.707561611834711890e-01,4.768409812438152429e-01,9.959374029554109997e-01
8.189999999999999503e+00,4.621403029108555049e-01,4.621403089990285817e-01,4.621409117282400114e-01,4.622011853153599747e-01,4.682346470957381435e-01,9.936061904944293310e-01
8.199999999999999289e+00,4.533170735696576137e-01,4.533170796050302598e-01,4.533176771070017708e-01,4.533774280710735072e-01,4.593595626881882277e-01,9.913689506423319919e-01
8.210000000000000853e+00,4.442290727526945204e-01,4.442290787352308756e-01,4.442296710064287391e-01,4.442888989948092782e-01,4.502196787394684430e-01,9.892390766743831554e-01
8.220000000000000639e+00,4.348804933119385652e-01,4.348804992415355453e-01,4.348810862717475967e-01,4.349397902639026148e-01,4.408191167478601180e-01,9.872286707814856843e-01
8.230000000000000426e+00,4.252757135000354571e-01,4.252757193765106525e-01,4.252763011476748400e-01,4.253344793369049359e-01,4.311621716688833206e-01,9.853486147355114966e-01
8.240000000000000213e+00,4.154192993806842815e-01,4.154193052037641332e-01,4.154198816887973988e-01,4.154775313657155245e-01,4.212533144066075153e-01,9.836086400836689947e-01
8.250000000000000000e+00,4.053160069889210071e-01,4.053160127582290384e-01,4.053165839198593079e-01,4.053737013565132941e-01,4.110971940963902282e-01,9.820173964924683307e-01
8.259999999999999787e+00,3.949707841907385553e-01,3.949707899057837146e-01,3.949713556953987625e-01,3.950279360291654718e-01,4.006986401448556778e-01,9.805825174859441606e-01
8.269999999999999574e+00,3.843887722245218908e-01,3.843887778846871717e-01,3.843893382412012505e-01,3.844453753610610480e-01,3.900626640186540262e-01,9.793106834509179848e-01
8.279999999999999361e+00,3.735753069021280348e-01,3.735753125066590963e-01,3.735758673554017140e-01,3.736313537918242167e-01,3.791944607502897302e-01,9.782076799595162964e-01
8.290000000000000924e+00,3.625359194436620358e-01,3.625359249916565441e-01,3.625364742432933829e-01,3.625914010611350768e-01,3.680994101397404572e-01,9.772784516892399909e-01
8.300000000000000711e+00,3.512763369118292456e-01,3.512763424022261605e-01,3.512768859517232389e-01,3.513312426453227832e-01,3.567830776344945720e-01,9.765271510954518508e-01
8.310000000000000497e+00,3.398024822134714795e-01,3.398024876450415066e-01,3.398030253706807446e-01,3.398567997631968818e-01,3.452512148619312216e-01,9.759571814049017302e-01
8.320000000000000284e+00,3.281204736769972596e-01,3.281204790483326361e-01,3.281210108107683876e-01,3.281741889648110977e-01,3.335097597883976972e-01,9.755712335838433447e-01
8.330000000000000071e+00,3.162366241609287920e-01,3.162366294704354042e-01,3.162371551118294266e-01,3.162897212403248393e-01,3.215648364903194167e-01,9.753713170288835776e-01
8.339999999999999858e+00,3.041574396625750243e-01,3.041574449084636367e-01,3.041579642516914483e-01,3.042099006377014248e-01,3.094227545340527685e-01,9.753587836981065795e-01
8.349999999999999645e+00,2.918896174276318090e-01,2.918896226079112921e-01,2.918901354558465777e-01,2.919414223819797316e-01,2.970900079142279049e-01,9.755343455569801536e-01
8.359999999999999432e+00,2.794400435456556586e-01,2.794400486581265497e-01,2.794405547930149947e-01,2.794911704805346231e-01,2.845732735532877644e-01,9.758980851992360428e-01
8.370000000000000995e+00,2.668157900069634270e-01,2.668157950492124897e-01,2.668162942321493647e-01,2.668662147882289171e-01,2.718794093497353126e-01,9.764494596505702839e-01
8.380000000000000782e+00,2.540241111947202923e-01,2.540241161641167422e-01,2.540246081346424489e-01,2.540738075067147106e-01,2.590154517594437378e-01,9.771872972858540729e-01
8.390000000000000568e+00,2.410724398213806852e-01,2.410724447150726091e-01,2.410729291908615679e-01,2.411213791427629927e-01,2.459886128867677657e-01,9.781097878741702445e-01
8.400000000000000355e+00,2.279683823357280259e-01,2.279683871506411608e-01,2.279688638273331402e-01,2.280165339194703544e-01,2.328062770674808601e-01,9.792144659325615619e-01
8.410000000000000142e+00,2.147197137208939344e-01,2.147197184537308901e-01,2.147201870048891237e-01,2.147670445894489522e-01,2.194759969815271994e-01,9.804981874387712626e-01
8.419999999999999929e+00,2.013343717353660023e-01,2.013343763826074273e-01,2.013348364598158136e-01,2.013808466898267258e-01,2.060054892442208241e-01,9.819571000916560433e-01
8.429999999999999716e+00,1.878204505976280858e-01,1.878204551555349711e-01,1.878209063886321639e-01,1.878660322436723484e-01,1.924026294748664712e-01,9.835866073962636902e-01
8.439999999999999503e+00,1.741861941202995090e-01,1.741861985849171290e-01,1.741866405823790098e-01,1.742308429084876986e-01,1.786754468592258727e-01,9.853813269130586860e-01
8.449999999999999289e+00,1.604399882887940776e-01,1.604399926559572642e-01,1.604404250054378978e-01,1.604836625664841643e-01,1.648321182094104054e-01,9.873350428989776661e-01
8.460000000000000853e+00,1.465903532832751877e-01,1.465903575486156574e-01,1.465907798176525056e-01,1.466330093589763017e-01,1.508809615129363679e-01,9.894406539403819423e-01
8.470000000000000639e+00,1.326459350198814224e-01,1.326459391788359365e-01,1.326463509156688425e-01,1.326875272595914590e-01,1.368304289614992730e-01,9.916901160067941312e-01
8.480000000000000426e+00,1.186154962151023812e-01,1.186155002629229183e-01,1.186159009975067957e-01,1.186559771367986238e-01,1.226890994851217997e-01,9.940743816149404388e-01
8.490000000000000213e+00,1.045079069400394189e-01,1.045079108718049987e-01,1.045083001169588438e-01,1.045472273312853528e-01,1.084656708595707481e-01,9.965833357918962854e-01
8.500000000000000000e+00,9.033213476333393221e-02,9.033213857396357738e-02,9.033251582666847190e-02,9.037024381019585773e-02,9.416895129196924119e-02,9.992057294538420065e-01
8.509999999999999787e+00,7.609723449336362744e-02,7.609723817763099085e-02,7.609760292046953423e-02,7.613407992545435932e-02,7.980785057983542929e-02,1.001929111342042766e+00
8.519999999999999574e+00,6.181233755346304815e-02,6.181234110601225434e-02,6.181269280874780725e-02,6.184786580634488162e-02,6.539137085364998825e-02,1.004739759420552492e+00
8.529999999999999361e+00,4.748664101848612540e-02,4.748664443384906231e-02,4.748698255514174210e-02,4.752079741331342866e-02,5.092859693027611268e-02,1.007622612517418137e+00
8.540000000000000924e+00,3.312939636850914527e-02,3.312939964112392860e-02,3.312972363034993872e-02,3.316212528647833474e-02,3.642868628975137746e-02,1.010561203666870966e+00
8.550000000000000711e+00,1.874989802677318879e-02,1.874990115100383728e-02,1.875021045019758387e-02,1.878114310104234824e-02,2.190085869045116373e-02,1.013537596131364182e+00
8.560000000000000497e+00,4.357471674515977708e-03,4.357474644672881987e-03,4.357768690562312773e-03,4.387176005635230573e-03,7.354385505706665521e-03,1.016532322841718683e+00
8.570000000000000284e+00,-1.003853756487252044e-02,-1.003853475451120178e-02,-1.003825652838437159e-02,-1.001043119764951847e-02,-7.201421177796980648e-03,1.019524331190867494e+00
8.580000000000000071e+00,-2.442877703650719878e-02,-2.442877439167337461e-02,-2.442851255276341088e-02,-2.440232595472747318e-02,-2.175721974223730065e-02,1.022490933495785015e+00
8.589999999999999858e+00,-3.880389850778462324e-02,-3.880389603419756583e-02,-3.880365114870774207e-02,-3.877915990774410959e-02,-3.630365037822551322e-02,1.025407764145196854e+00
8.599999999999999645e+00,-5.315457011719762481e-02,-5.315456782054074625e-02,-5.315434045113390238e-02,-5.313160083764244951e-02,-5.083134656451154809e-02,1.028248744703909923e+00
8.609999999999999432e+00,-6.747148826563846569e-02,-6.747148615153607254e-02,-6.747127685502338212e-02,-6.745034455222480296e-02,-6.533094664338003066e-02,1.030986056859058531e+00
8.620000000000000995e+00,-8.174538938733508231e-02,-8.174538746132903322e-02,-8.174519678634936670e-02,-8.172612666220246957e-02,-7.979310545517248610e-02,1.033590123072466671e+00
8.630000000000000782e+00,-9.596706157094730960e-02,-9.596705983847342303e-02,-9.596688832317905316e-02,-9.594973419633720524e-02,-9.420850597706842411e-02,1.036029596572241473e+00
8.640000000000000568e+00,-1.101273559652922729e-01,-1.101273544316573316e-01,-1.101272026014245703e-01,-1.101120170136890841e-01,-1.085678708876906817e-01,1.038271357810873985e+00
8.650000000000000355e+00,-1.242171979317923947e-01,-1.242171966021513585e-01,-1.242170649673289551e-01,-1.242038989572210178e-01,-1.228619740675519767e-01,1.040280517882388844e+00
8.660000000000000142e+00,-1.382275978963809770e-01,-1.382275967757150004e-01,-1.382274858294277320e-01,-1.382163887117235923e-01,-1.370816519426877322e-01,1.042020426919073817e+00
8.669999999999999929e+00,-1.521496618534898815e-01,-1.521496609465846639e-01,-1.521495711626094649e-01,-1.521405903186131836e-01,-1.512178146387513633e-01,1.043452684472432779e+00
8.679999999999999716e+00,-1.659746014879745768e-01,-1.659746007993995742e-01,-1.659745326301194646e-01,-1.659677133028741314e-01,-1.652614568981907173e-01,1.044537150533532799e+00
8.689999999999999503e+00,-1.796937438841798018e-01,-1.796937434182687976e-01,-1.796936972927250520e-01,-1.796890823885419208e-01,-1.792036687176511434e-01,1.045231952051741686e+00
8.700000000000001066e+00,-1.932985407746369011e-01,-1.932985405354692432e-01,-1.932985168575229729e-01,-1.932961467649072784e-01,-1.930356456593993464e-01,1.045493481602200569e+00
8.710000000000000853e+00,-2.067805773058267738e-01,-2.067805772972100831e-01,-2.067805764438200300e-01,-2.067804888634323102e-01,-2.067486987937839915e-01,1.045276382475699650e+00
8.720000000000000639e+00,-2.201315803038930430e-01,-2.201315805293471151e-01,-2.201316028489711529e-01,-2.201338326299836501e-01,-2.203342642419927055e-01,1.044533514556297060e+00
8.730000000000000426e+00,-2.333434260116295511e-01,-2.333434264743715625e-01,-2.333434722855050603e-01,-2.333480512758868419e-01,-2.337839122747719101e-01,1.043215893806395789e+00
8.740000000000000213e+00,-2.464081472670869299e-01,-2.464081479700181987e-01,-2.464082175598817925e-01,-2.464151744803071975e-01,-2.470893559432262854e-01,1.041272597567170388e+00
8.750000000000000000e+00,-2.593179401128479222e-01,-2.593179410585416678e-01,-2.593180346819056736e-01,-2.593273950175170040e-01,-2.602424592094927380e-01,1.038650626380777320e+00
8.759999999999999787e+00,-2.720651698697138521e-01,-2.720651710604055085e-01,-2.720652889385590800e-01,-2.720770748164248465e-01,-2.732352445469459767e-01,1.035294712315302679e+00
8.769999999999999574e+00,-2.846423765989102295e-01,-2.846423780364879530e-01,-2.846425203563728301e-01,-2.846567504690151185e-01,-2.860598999898978367e-01,1.031147061697251122e+00
8.779999999999999361e+00,-2.970422799893562837e-01,-2.970422816753541806e-01,-2.970424485888453203e-01,-2.970591381251468377e-01,-2.987087856340627234e-01,1.026147018909448372e+00
8.790000000000000924e+00,-3.092577836715181827e-01,-3.092577856071103692e-01,-3.092579772304431263e-01,-3.092771378162133544e-01,-3.111744395451704892e-01,1.020230635513120099e+00
8.800000000000000711e+00,-3.212819789628988398e-01,-3.212819811488951682e-01,-3.212821975622419113e-01,-3.213038372112212437e-01,-3.234495830804670624e-01,1.013330127072327391e+00
8.810000000000000497e+00,-3.331081480391691052e-01,-3.331081504760123879e-01,-3.331083917232119385e-01,-3.331325148097111777e-01,-3.355271256218755882e-01,1.005373196943641245e+00
8.820000000000000284e+00,-3.447297665281993106e-01,-3.447297692159641547e-01,-3.447300353044032706e-01,-3.447566425679015056e-01,-3.474001687187278087e-01,9.962822040528315215e-01
8.830000000000000071e+00,-3.561405055872479131e-01,-3.561405085256406089e-01,-3.561407994262383303e-01,-3.561698879606987056e-01,-3.590620096325858879e-01,9.859731492429412159e-01
8.839999999999999858e+00,-3.673342334638885487e-01,-3.673342366522484026e-01,-3.673345522996016577e-01,-3.673661155570971948e-01,-3.705061442818541328e-01,9.743544540513396912e-01
8.849999999999999645e+00,-3.783050165179800972e-01,-3.783050199552821513e-01,-3.783053602479284905e-01,-3.783393880756140693e-01,-3.817262696332778260e-01,9.613255092320770467e-01
8.859999999999999432e+00,-3.890471197652594082e-01,-3.890471234501184927e-01,-3.890474882509150634e-01,-3.890839669330821149e-01,-3.927162855259942464e-01,9.467749808500478537e-01
8.870000000000000995e+00,-3.995550069656236269e-01,-3.995550108962990232e-01,-3.995554000329039068e-01,-3.995943123350034210e-01,-4.034702959336546324e-01,9.305788902835235854e-01
8.880000000000000782e+00,-4.098233402762027633e-01,-4.098233444506039769e-01,-4.098237577160600553e-01,-4.098650829348196578e-01,-4.139826097023520113e-01,9.125985431605713183e-01
8.890000000000000568e+00,-4.198469794817204503e-01,-4.198469838974142609e-01,-4.198474210508325033e-01,-4.198911350808752774e-01,-4.242477407904337028e-01,8.926785019718788128e-01
8.900000000000000355e+00,-4.296209808154245469e-01,-4.296209854696427799e-01,-4.296214462369863374e-01,-4.296675216649982199e-01,-4.342604080270247024e-01,8.706450234149206713e-01
8.910000000000000142e+00,-4.391405954215167884e-01,-4.391406003111649192e-01,-4.391410843860673041e-01,-4.391894905873517940e-01,-4.440155344038867469e-01,8.463057927596073782e-01
8.919999999999999929e+00,-4.484012675522908720e-01,-4.484012726739569077e-01,-4.484017797186301557e-01,-4.484524828997744073e-01,-4.535082459185336146e-01,8.194524850749205225e-01
8.929999999999999716e+00,-4.573986323746633276e-01,-4.573986377246276880e-01,-4.573991673708369121e-01,-4.574521307004792980e-01,-4.627338700545338135e-01,7.898687467148944874e-01
8.939999999999999503e+00,-4.661285135391194934e-01,-4.661285191133653916e-01,-4.661290709634453022e-01,-4.661842546692882561e-01,-4.716879338898814500e-01,7.573474853702498732e-01
8.950000000000001066e+00,-4.745869204992719803e-01,-4.745869262934961363e-01,-4.745874999214093615e-01,-4.746448613960226881e-01,-4.803661618395982935e-01,7.217220607619223571e-01
8.960000000000000853e+00,-4.827700456181580613e-01,-4.827700516277813603e-01,-4.827706465802102942e-01,-4.828301404865100177e-01,-4.887644731106832174e-01,6.829138623052808388e-01
8.970000000000000639e+00,-4.906742610836533069e-01,-4.906742673038325675e-01,-4.906748831013042489e-01,-4.907364614825108218e-01,-4.968789788874822255e-01,6.409904169474504032e-01
8.980000000000000426e+00,-4.982961156545757664e-01,-4.982961220802153424e-01,-4.982967582182544763e-01,-4.983603706180247950e-01,-5.047059792792008004e-01,5.962130537096608229e-01
8.990000000000000213e+00,-5.056323312690019778e-01,-5.056323378947652492e-01,-5.056329938450534467e-01,-5.056985874339432474e-01,-5.122419600551212371e-01,5.490419309771512602e-01
9.000000000000000000e+00,-5.126797995842570232e-01,-5.126798064045785530e-01,-5.126804816161156797e-01,-5.127480012874361393e-01,-5.194835891968628827e-01,5.000790173298786945e-01
9.009999999999999787e+00,-5.194355784009524468e-01,-5.194355854100493053e-01,-5.194362793103385334e-01,-5.195056678105269832e-01,-5.264277133404033915e-01,4.499678910805747778e-01
9.019999999999999574e+00,-5.258968880492219666e-01,-5.258968952411060549e-01,-5.258976072373284794e-01,-5.259688052815263415e-01,-5.330713540919255200e-01,3.992976119939052881e-01
9.029999999999999361e+00,-5.320611077482895190e-01,-5.320611151167792263e-01,-5.320618445969651500e-01,-5.321347909861491310e-01,-5.394117042658945760e-01,3.485468417290717991e-01
9.040000000000000924e+00,-5.379257719635428536e-01,-5.379257795022750477e-01,-5.379265258364689384e-01,-5.380011575735741403e-01,-5.454461240831353086e-01,2.980719033138868879e-01
9.050000000000000711e+00,-5.434885667844028267e-01,-5.434885744868442892e-01,-5.434893370282585234e-01,-5.435655894334042726e-01,-5.511721373545162006e-01,2.481219830745091393e-01
9.060000000000000497e+00,-5.487473263448457983e-01,-5.487473342043049929e-01,-5.487481122904619424e-01,-5.488259191158693096e-01,-5.565874276772317941e-01,1.988636748642529928e-01
9.070000000000000284e+00,-5.537000293109060056e-01,-5.537000373205440695e-01,-5.537008302743993138e-01,-5.537801238166824014e-01,-5.616898346679453091e-01,1.504044398276425110e-01
9.080000000000000071e+00,-5.583447954543581115e-01,-5.583448036072000686e-01,-5.583456107382516187e-01,-5.584263219488860841e-01,-5.664773502605144895e-01,1.028111603995018331e-01
9.089999999999999858e+00,-5.626798823301658592e-01,-5.626798906191121663e-01,-5.626807112244888165e-01,-5.627627698188626404e-01,-5.709481151091397866e-01,5.612347925843508278e-02
9.099999999999999645e+00,-5.667036820795345875e-01,-5.667036904973714595e-01,-5.667045238629023762e-01,-5.667878584266852204e-01,-5.751004150925203007e-01,1.036288129458223795e-02
9.109999999999999432e+00,-5.704147183717644953e-01,-5.704147269111744523e-01,-5.704155723124398891e-01,-5.705001104075904106e-01,-5.789326779612291585e-01,-3.446133399867623570e-02
9.120000000000000995e+00,-5.738116435033830953e-01,-5.738116521569556205e-01,-5.738125088603158730e-01,-5.738981771285809330e-01,-5.824434701425936778e-01,-7.834822789219303418e-02
9.130000000000000782e+00,-5.768932356724950639e-01,-5.768932444327367071e-01,-5.768941116963379745e-01,-5.769808359579846613e-01,-5.856314937222849570e-01,-1.213028358264570117e-01
9.140000000000000568e+00,-5.796583964386329280e-01,-5.796584052979771862e-01,-5.796592823727431121e-01,-5.797469877248957459e-01,-5.884955836208405344e-01,-1.633347241827999841e-01
9.150000000000000355e+00,-5.821061483751103216e-01,-5.821061573259277422e-01,-5.821070434565268625e-01,-5.821956543734211342e-01,-5.910347049816050413e-01,-2.044571540722898151e-01
9.160000000000000142e+00,-5.842356329390807623e-01,-5.842356419736880468e-01,-5.842365363994841410e-01,-5.843259768249220443e-01,-5.932479507828802845e-01,-2.446866251174193985e-01
9.169999999999999929e+00,-5.860461085601665898e-01,-5.860461176708363640e-01,-5.860470196268197096e-01,-5.861372130667785729e-01,-5.951345396887930406e-01,-2.840426455820569407e-01
9.179999999999999716e+00,-5.875369489564274961e-01,-5.875369581353974135e-01,-5.875378668531014981e-01,-5.876287364686635373e-01,-5.966938141506361593e-01,-3.225476240489468793e-01
9.189999999999999503e+00,-5.887076416876628748e-01,-5.887076509271449432e-01,-5.887085656355472985e-01,-5.888000343341024401e-01,-5.979252387670775937e-01,-3.602268106626385635e-01
9.200000000000001066e+00,-5.895577869577042218e-01,-5.895577962498932401e-01,-5.895587161762959605e-01,-5.896507066973672995e-01,-5.988283989111109484e-01,-3.971082385020356931e-01
9.210000000000000853e+00,-5.900870966675823004e-01,-5.900871060046651850e-01,-5.900880303755721146e-01,-5.901804653761395514e-01,-5.994029996325849208e-01,-4.332226315848503595e-01
9.220000000000000639e+00,-5.902953937117597638e-01,-5.902954030859242085e-01,-5.902963311279009195e-01,-5.903891332742989828e-01,-5.996488648429636470e-01,-4.686032580327240682e-01
9.230000000000000426e+00,-5.901826115444352983e-01,-5.901826209478778784e-01,-5.901835518884028797e-01,-5.902766439374940166e-01,-5.995659367777704807e-01,-5.032857160185633116e-01
9.240000000000000213e+00,-5.897487940011189034e-01,-5.897488034260541800e-01,-5.897497364943613540e-01,-5.898430413775609393e-01,-5.991542757474520586e-01,-5.373076476363720655e-01
9.250000000000000000e+00,-5.889940953783956434e-01,-5.889941048170641569e-01,-5.889950392449814220e-01,-5.890884801532980664e-01,-5.984140601745577825e-01,-5.707083821038190230e-01
9.259999999999999787e+00,-5.879187807731875992e-01,-5.879187902178646397e-01,-5.879197252406453966e-01,-5.880132257089853987e-01,-5.973455869141410801e-01,-6.035285144331975493e-01
9.269999999999999574e+00,-5.865232266852183907e-01,-5.865232361282223250e-01,-5.865241709853683538e-01,-5.866176549721728861e-01,-5.959492718552669155e-01,-6.358094297631839975e-01
9.279999999999999361e+00,-5.848079218734830720e-01,-5.848079313071834484e-01,-5.848088652432754664e-01,-5.849022572125736064e-01,-5.942256508019674310e-01,-6.675927866442399328e-01
9.290000000000000924e+00,-5.827734684553929068e-01,-5.827734778722185593e-01,-5.827744101377388963e-01,-5.828676351456959503e-01,-5.921753806287611832e-01,-6.989199741202131166e-01
9.300000000000000711e+00,-5.804205832619994121e-01,-5.804205926544476757e-01,-5.804215225066029493e-01,-5.805145062809095036e-01,-5.897992406947678568e-01,-7.298315586160133428e-01
9.310000000000000497e+00,-5.777500994298928605e-01,-5.777501087905367871e-01,-5.777510354940851300e-01,-5.778437045146824769e-01,-5.870981345189605349e-01,-7.603667360059642721e-01
9.320000000000000284e+00,-5.747629682218543534e-01,-5.747629775433520383e-01,-5.747639003714325456e-01,-5.748561819564999009e-01,-5.840730917013631229e-01,-7.905628039017711384e-01
9.330000000000000071e+00,-5.714602610692824936e-01,-5.714602703443849574e-01,-5.714611885793502433e-01,-5.715530109720385887e-01,-5.807252700781352361e-01,-8.204546666029022273e-01
9.339999999999999858e+00,-5.678431718315174459e-01,-5.678431810530770729e-01,-5.678440939873208304e-01,-5.679353864367057136e-01,-5.770559580964853552e-01,-8.500743835916245716e-01
9.349999999999999645e+00,-5.639130192626413685e-01,-5.639130284236204549e-01,-5.639139353604152305e-01,-5.640046281938795314e-01,-5.730665773967620336e-01,-8.794507686818584524e-01
9.359999999999999432e+00,-5.596712496498805756e-01,-5.596712587433599895e-01,-5.596721589977127209e-01,-5.597621837114852283e-01,-5.687586855881305858e-01,-9.086090452243437143e-01
9.370000000000000995e+00,-5.551194396400430664e-01,-5.551194486592309074e-01,-5.551203415587192547e-01,-5.552096309171488109e-01,-5.641339792006236920e-01,-9.375705585917929463e-01
9.380000000000000782e+00,-5.502592992261634564e-01,-5.502593081644031603e-01,-5.502601930500247152e-01,-5.503486811558004899e-01,-5.591942967798204656e-01,-9.663525452695407303e-01
9.390000000000000568e+00,-5.450926748778428532e-01,-5.450926837286217408e-01,-5.450935599556467892e-01,-5.451811823357110010e-01,-5.539416221276305397e-01,-9.949679550665140315e-01
9.400000000000000355e+00,-5.396215527970216197e-01,-5.396215615539802224e-01,-5.396224284928087256e-01,-5.397091221851665344e-01,-5.483780876524833037e-01,-1.023425319558950664e+00
9.410000000000000142e+00,-5.338480622833670086e-01,-5.338480709403070623e-01,-5.338489279773255269e-01,-5.339346316200374032e-01,-5.425059778098872965e-01,-1.051728661442036250e+00
9.419999999999999929e+00,-5.277744791933998147e-01,-5.277744877442934746e-01,-5.277753342827238292e-01,-5.278599882007077859e-01,-5.363277326109240351e-01,-1.079877433637999928e+00
9.429999999999999716e+00,-5.214032294765941211e-01,-5.214032379155917329e-01,-5.214040733763257718e-01,-5.214876196595418234e-01,-5.298459511725702731e-01,-1.107866479813695015e+00
9.439999999999999503e+00,-5.147368927512736558e-01,-5.147369010727126382e-01,-5.147377248951772177e-01,-5.148201074799320098e-01,-5.230633952831086342e-01,-1.135686004946250938e+00
9.450000000000001066e+00,-5.077782059034946505e-01,-5.077782141019083761e-01,-5.077790257448836497e-01,-5.078601905066845168e-01,-5.159829929557235850e-01,-1.163321545676271773e+00
9.460000000000000853e+00,-5.005300667050289753e-01,-5.005300747751542101e-01,-5.005308737175974132e-01,-5.006107685501616222e-01,-5.086078419468788026e-01,-1.190753928980214926e+00
9.470000000000000639e+00,-4.929955374012006120e-01,-4.929955453379865071e-01,-4.929963310798340936e-01,-4.930749059740436868e-01,-5.009412132053810973e-01,-1.217959208161313978e+00
9.480000000000000426e+00,-4.851778482575651585e-01,-4.851778560561802456e-01,-4.851786281191291517e-01,-4.852558352423713139e-01,-4.929865542234292963e-01,-1.244908564983688848e+00
9.490000000000000213e+00,-4.770804010367006298e-01,-4.770804086925409804e-01,-4.770811666208050750e-01,-4.771569603907247492e-01,-4.847474922628749461e-01,-1.271568166751745999e+00
9.500000000000000000e+00,-4.687067723770262373e-01,-4.687067798857227907e-01,-4.687075232467614594e-01,-4.687818604037002901e-01,-4.762278374279637072e-01,-1.297898966902568230e+00
9.509999999999999787e+00,-4.600607170455638939e-01,-4.600607244029893961e-01,-4.600614527882005422e-01,-4.601342924682751967e-01,-4.674315855501970374e-01,-1.323856437746923964e+00
9.519999999999999574e+00,-4.511461710449632401e-01,-4.511461782472386828e-01,-4.511468912726025460e-01,-4.512181950724983293e-01,-4.583629208504093056e-01,-1.349390223899877395e+00
9.529999999999999361e+00,-4.419672545396519103e-01,-4.419672615831525819e-01,-4.419679588898381972e-01,-4.420376909217447747e-01,-4.490262183583950684e-01,-1.374443705310094188e+00
9.540000000000000924e+00,-4.325282745710915533e-01,-4.325282814524530339e-01,-4.325289627073714005e-01,-4.325970896579055536e-01,-4.394260460630101672e-01,-1.398953458929502958e+00
9.550000000000000711e+00,-4.228337275385709582e-01,-4.228337342546936162e-01,-4.228343991509865285e-01,-4.229008903329636304e-01,-4.295671667440678076e-01,-1.422848611140970831e+00
9.560000000000000497e+00,-4.128883014196602641e-01,-4.128883079677139190e-01,-4.128889562251752965e-01,-4.129537836166260467e-01,-4.194545394723513398e-01,-1.446050076324600919e+00
9.570000000000000284e+00,-4.026968776960602181e-01,-4.026968840734872490e-01,-4.026975154389194067e-01,-4.027606537135778320e-01,-4.090933207515538017e-01,-1.468469685105264988e+00
9.580000000000000071e+00,-3.922645329494070521e-01,-3.922645391539255622e-01,-3.922651534014289787e-01,-3.923265799622922545e-01,-3.984888652721292335e-01,-1.490009220062332052e+00
9.589999999999999858e+00,-3.815965401120430256e-01,-3.815965461416487847e-01,-3.815971430727949087e-01,-3.816568380798935900e-01,-3.876467262439752259e-01,-1.510559400019528820e+00
9.599999999999999645e+00,-3.706983693549067427e-01,-3.706983752078739092e-01,-3.706989546518162371e-01,-3.707569010189835090e-01,-3.765726552829605223e-01,-1.529998892855295001e+00
9.609999999999999432e+00,-3.595756885535152381e-01,-3.595756942283969138e-01,-3.595762560418799270e-01,-3.596324394385959078e-01,-3.652726018642090677e-01,-1.548193497207350777e+00
9.620000000000000995e+00,-3.482343633304959551e-01,-3.482343688261227976e-01,-3.482349128933897031e-01,-3.482893217437782463e-01,-3.537527122758551412e-01,-1.564995721443769749e+00
9.630000000000000782e+00,-3.366804566520670283e-01,-3.366804619675454191e-01,-3.366809882001313148e-01,-3.367336136604978103e-01,-3.420193280756832488e-01,-1.580245112104043059e+00
9.640000000000000568e+00,-3.249202279510273184e-01,-3.249202330857364207e-01,-3.249207414221572665e-01,-3.249715773407439445e-01,-3.300789840389367624e-01,-1.593769835321193984e+00
9.650000000000000355e+00,-3.129601317436120911e-01,-3.129601366971991872e-01,-3.129606271025487940e-01,-3.130096699786624748e-01,-3.179384055888664351e-01,-1.605390169457394878e+00
9.660000000000000142e+00,-3.008068157214204286e-01,-3.008068204937959234e-01,-3.008072929592079947e-01,-3.008545419097634621e-01,-3.056045056918395009e-01,-1.614924651771736830e+00
9.669999999999999929e+00,-2.884671183495333135e-01,-2.884671229408639070e-01,-2.884675774828389661e-01,-2.885130341636448215e-01,-2.930843812000774040e-01,-1.622199507866454837e+00
9.679999999999999716e+00,-2.759480658869434277e-01,-2.759480702976444544e-01,-2.759485069572981675e-01,-2.759921754742320488e-01,-2.803853086390947214e-01,-1.627061496604097046e+00
9.689999999999999503e+00,-2.632568688531977674e-01,-2.632568730839242033e-01,-2.632572919261050304e-01,-2.632991787626602354e-01,-2.675147394999611294e-01,-1.629393294842157003e+00
9.700000000000001066e+00,-2.504009179351285308e-01,-2.504009219867649461e-01,-2.504013230990442263e-01,-2.504414370182784233e-01,-2.544802949472570464e-01,-1.629129131206031644e+00
9.710000000000000853e+00,-2.373877793299488392e-01,-2.373877832035979907e-01,-2.373881666951455360e-01,-2.374265186174019937e-01,-2.412897600008615528e-01,-1.626267109521184473e+00
9.720000000000000639e+00,-2.242251895088595848e-01,-2.242251932058301200e-01,-2.242255592061989100e-01,-2.242621620765186119e-01,-2.279510771952699133e-01,-1.620874447280458153e+00
9.730000000000000426e+00,-2.109210493873706072e-01,-2.109210529091639641e-01,-2.109214015670028974e-01,-2.109562702395587075e-01,-2.144723397332384263e-01,-1.613083350765998514e+00
9.740000000000000213e+00,-1.974834179458134775e-01,-1.974834212941090628e-01,-1.974837527756783118e-01,-1.975169038894368234e-01,-2.008617841446339036e-01,-1.603078088463510076e+00
9.750000000000000000e+00,-1.839205053163757153e-01,-1.839205084930159440e-01,-1.839208229807016148e-01,-1.839522747780252820e-01,-1.871277824624078268e-01,-1.591076571608154522e+00
9.759999999999999787e+00,-1.702406652817696209e-01,-1.702406682887435130e-01,-1.702409659794646701e-01,-1.702707381434235001e-01,-1.732788339317514192e-01,-1.577310940495608271e+00
9.769999999999999574e+00,-1.564523872563304829e-01,-1.564523900957571212e-01,-1.564526711993051988e-01,-1.564807847077912539e-01,-1.593235563257162646e-01,-1.562010935776600995e+00
9.779999999999999361e+00,-1.425642877647880780e-01,-1.425642904388989274e-01,-1.425645551761967889e-01,-1.425910321272284287e-01,-1.452706768558747197e-01,-1.545392029850143567e+00
9.790000000000000924e+00,-1.285851014417784821e-01,-1.285851039528994322e-01,-1.285853525542093312e-01,-1.286102159774478726e-01,-1.311290226981747242e-01,-1.527648524671286090e+00
9.800000000000000711e+00,-1.145236715663534577e-01,-1.145236739168864759e-01,-1.145239066199998934e-01,-1.145471802854273191e-01,-1.169075112029616670e-01,-1.508950730730225231e+00
9.810000000000000497e+00,-1.003889401484046595e-01,-1.003889423408096254e-01,-1.003891593892560496e-01,-1.004108676353679397e-01,-1.026151398064399922e-01,-1.489444974683651335e+00
9.820000000000000284e+00,-8.618993761975124457e-02,-8.618993965652689548e-02,-8.619014129768023946e-02,-8.621030887257494224e-02,-8.826097568513327496e-02,-1.469255281139655755e+00
9.830000000000000071e+00,-7.193577224393837843e-02,-7.193577412760343570e-02,-7.193596061081432291e-02,-7.195461244570774961e-02,-7.385414519251527754e-02,-1.448485862134856639e+00
9.839999999999999858e+00,-5.763561912254772102e-02,-5.763562085562269621e-02,-5.763579243041813682e-02,-5.765295347433237183e-02,-5.940382311812830718e-02,-1.427223848389687966e+00
9.849999999999999645e+00,-4.329870896971472344e-02,-4.329871055470362051e-02,-4.329886746897872174e-02,-4.331456250867687929e-02,-4.491922181219366872e-02,-1.405541935645143292e+00
9.859999999999999432e+00,-2.893431665730809843e-02,-2.893431809668062932e-02,-2.893446059493753192e-02,-2.894871407867301641e-02,-3.040958022101741473e-02,-1.383500783457249028e+00
9.870000000000000995e+00,-1.455174958319841588e-02,-1.455175087937279899e-02,-1.455187920101545448e-02,-1.456471506611990707e-02,-1.588415286700978202e-02,-1.361151104663961275e+00
9.880000000000000782e+00,-1.603359075573114771e-04,-1.603370628837456078e-04,-1.604514405894565056e-04,-1.718929494077923873e-04,-1.352198829541106147e-03,-1.338535440401412924e+00
9.890000000000000568e+00,1.423058729739489631e-02,1.423058628064952785e-02,1.423048562246233967e-02,1.422041603213026334e-02,1.317702924413727619e-02,-1.315689643934911501e+00
9.900000000000000355e+00,2.861168591877111256e-02,2.861168503843827121e-02,2.861159788508349511e-02,2.860287874642651260e-02,2.769429605391233312e-02,-1.292644107851764312e+00
9.910000000000000142e+00,4.297364064923579752e-02,4.297363990325885064e-02,4.297356605112027939e-02,4.296617700686466979e-02,4.219039443972705250e-02,-1.269424771966862542e+00
9.919999999999999929e+00,5.730715877271888581e-02,5.730715815916542777e-02,5.730709741693580661e-02,5.730101934002168607e-02,5.665615600590405421e-02,-1.246053946835657511e+00
9.929999999999999716e+00,7.160298582058610695e-02,7.160298533765921403e-02,7.160293752745167106e-02,7.159815263370680749e-02,7.108246156477876498e-02,-1.222550984051356204e+00
9.939999999999999503e+00,8.585191706206668494e-02,8.585191670811483100e-02,8.585188166644389107e-02,8.584837361111566367e-02,8.546025135444607068e-02,-1.198932819803402605e+00
9.950000000000001066e+00,1.000448087770188510e-01,1.000448085505446505e-01,1.000447861291771379e-01,1.000425400911590657e-01,9.978053497261683835e-02,-1.175214413920965484e+00
9.960000000000000853e+00,1.141725892614066928e-01,1.141725891610742838e-01,1.141725792277478724e-01,1.141715819845291191e-01,1.140344010175738665e-01,-1.151409102920083471e+00
9.970000000000000639e+00,1.282262695311157663e-01,1.282262695557561949e-01,1.282262719947377949e-01,1.282265119780360563e-01,1.282130264101447592e-01,-1.127528882186023651e+00
9.980000000000000426e+00,1.421969536854554017e-01,1.421969538340709382e-01,1.421969685465867550e-01,1.421984358814263605e-01,1.423076853630692584e-01,-1.103584630044633474e+00
9.990000000000000213e+00,1.560758488796009646e-01,1.560758491513681290e-01,1.560758760558943470e-01,1.560785625925413256e-01,1.563097579606087251e-01,-1.079586284223964299e+00
1.000000000000000000e+01,1.698542748802167601e-01,1.698542752744877371e-01,1.698543143068927952e-01,1.698582136373818496e-01,1.702107383187012046e-01,-1.055542979756921351e+00
1.000999999999999979e+01,1.835236731810582222e-01,1.835236736973608063e-01,1.835237248109007901e-01,1.835288322650033555e-01,1.840022423680133523e-01,-1.031463155952824451e+00
1.001999999999999957e+01,1.970756156436824225e-01,1.970756162817188517e-01,1.970756794469071815e-01,1.970819920754811605e-01,1.976760151773915564e-01,-1.007354639119721451e+00
1.002999999999999936e+01,2.105018126278433988e-01,2.105018133874877739e-01,2.105018885918600036e-01,2.105094051477240380e-01,2.112239378153758507e-01,-9.832247074435194190e-01
1.004000000000000092e+01,2.237941205966949565e-01,2.237941214779892718e-01,2.237942087257059065e-01,2.238029296348549579e-01,2.246380337580206887e-01,-9.590801430113792270e-01
1.005000000000000071e+01,2.369445492233158979e-01,2.369445502264649339e-01,2.369446495378000617e-01,2.369545768277588338e-01,2.379104748336757780e-01,-9.349272756291078235e-01
1.006000000000000050e+01,2.499452679139396449e-01,2.499452690393049736e-01,2.499453804500546550e-01,2.499565177012160744e-01,2.510335866898709134e-01,-9.107720243973581598e-01
1.007000000000000028e+01,2.627886117819640543e-01,2.627886130300569612e-01,2.627887365908340711e-01,2.628010888684912949e-01,2.639998537656434996e-01,-8.866199393623830360e-01
1.008000000000000007e+01,2.754670870662906390e-01,2.754670884377636852e-01,2.754672242131852578e-01,2.754807979846682908e-01,2.768019237702908364e-01,-8.624762479378625946e-01
1.008999999999999986e+01,2.879733759921563330e-01,2.879733774877948349e-01,2.879735255555876394e-01,2.879883285945369908e-01,2.894326117366301521e-01,-8.383459104587391852e-01
1.009999999999999964e+01,3.003003410618315661e-01,3.003003426825433531e-01,3.003005031326003715e-01,3.003165444237936299e-01,3.018849035497887523e-01,-8.142336850182019248e-01
1.010999999999999943e+01,3.124410287671671727e-01,3.124410305139733168e-01,3.124412034473672550e-01,3.124584931036985536e-01,3.141519590148948993e-01,-7.901442046950178932e-01
1.012000000000000099e+01,3.243886727845644025e-01,3.243886746585871728e-01,3.243888601864263199e-01,3.244074093263599190e-01,3.262271144648880572e-01,-7.660820725229152695e-01
1.013000000000000078e+01,3.361366966310409543e-01,3.361366986334929363e-01,3.361368968758307041e-01,3.361567175039689159e-01,3.381038849234458965e-01,-7.420519687943055720e-01
1.014000000000000057e+01,3.476787157695385710e-01,3.476787179017110652e-01,3.476789289863938537e-01,3.477000338882155761e-01,3.497759658257243998e-01,-7.180587754723900540e-01
1.015000000000000036e+01,3.590085392122720487e-01,3.590085414755232462e-01,3.590087655370025610e-01,3.590311681638450603e-01,3.612372342994959462e-01,-6.941077149488719122e-01
1.016000000000000014e+01,3.701201706413703718e-01,3.701201730371125875e-01,3.701204102152203523e-01,3.701441245575533001e-01,3.724817500136144988e-01,-6.702045019434219597e-01
1.016999999999999993e+01,3.810078090597547873e-01,3.810078115894427464e-01,3.810080620281592334e-01,3.810331024847996018e-01,3.835037556743572384e-01,-6.463555053058314126e-01
1.017999999999999972e+01,3.916658489798557907e-01,3.916658516449733618e-01,3.916661154912212117e-01,3.916924967477820596e-01,3.942976771225664145e-01,-6.225679148819929232e-01
1.018999999999999950e+01,4.020888801593451856e-01,4.020888829613945004e-01,4.020891603638769851e-01,4.021168972940016850e-01,4.048581230487182103e-01,-5.988499075079143363e-01
1.020000000000000107e+01,4.122716869612713664e-01,4.122716899017588865e-01,4.122719810096325821e-01,4.123010885463735953e-01,4.151798843798549798e-01,-5.752108026625624149e-01
1.021000000000000085e+01,4.222092473570460691e-01,4.222092504374715949e-01,4.222095553992102346e-01,4.222400483867605470e-01,4.252579333422361607e-01,-5.516611941872676672e-01
1.022000000000000064e+01,4.318967315198017354e-01,4.318967347416461378e-01,4.318970537038507862e-01,4.319289468044335001e-01,4.350874222218067411e-01,-5.282130403717046896e-01
1.023000000000000043e+01,4.413295001161275932e-01,4.413295034808410455e-01,4.413298365870866324e-01,4.413631441629199403e-01,4.446636818399446467e-01,-5.048796847630383500e-01
1.024000000000000021e+01,4.505031022967272425e-01,4.505031058057178406e-01,4.505034531954119625e-01,4.505381891937816352e-01,4.539822197624935329e-01,-4.816757686813418760e-01
1.025000000000000000e+01,4.594132734161835430e-01,4.594132770708061475e-01,4.594136388780770686e-01,4.594498167158027613e-01,4.630387182795088208e-01,-4.586169779848272565e-01
1.025999999999999979e+01,4.680559325013957106e-01,4.680559363029411779e-01,4.680563126555722375e-01,4.680939451100899484e-01,4.718290321782079300e-01,-4.357195405016096035e-01
1.026999999999999957e+01,4.764271794881432820e-01,4.764271834378279724e-01,4.764275744562580517e-01,4.764666735715029633e-01,4.803491863055612821e-01,-4.129993543622917374e-01
1.027999999999999936e+01,4.845232922669236997e-01,4.845232963658796521e-01,4.845237021621722762e-01,4.845642791566260876e-01,4.885953729735664774e-01,-3.904705804665364322e-01
1.029000000000000092e+01,4.923407236005691301e-01,4.923407278498339590e-01,4.923411485267142340e-01,4.923832136727106512e-01,4.965639492147015943e-01,-3.681434800293558740e-01
1.030000000000000071e+01,4.998760978539951161e-01,4.998761022545029076e-01,4.998765379044491364e-01,4.999201004526840908e-01,5.042514339135818480e-01,-3.460212385855986339e-01
1.031000000000000050e+01,5.071262076350034897e-01,5.071262121875760309e-01,5.071266628919340880e-01,5.071717309798288165e-01,5.116545048393092987e-01,-3.240955391243780515e-01
1.032000000000000028e+01,5.140880103446622273e-01,5.140880150500001244e-01,5.140884808781381876e-01,5.141350614452731005e-01,5.187699956023916759e-01,-3.023408240911111822e-01
1.033000000000000007e+01,5.207586246660527163e-01,5.207586295247275121e-01,5.207591105332292081e-01,5.208072092401191400e-01,5.255948925515980807e-01,-2.807076684498648333e-01
1.033999999999999986e+01,5.271353270146226233e-01,5.271353320270689702e-01,5.271358282589668764e-01,5.271854494101091415e-01,5.321263316372009111e-01,-2.591166080328112797e-01
1.034999999999999964e+01,5.332155479727717085e-01,5.332155531392801517e-01,5.332160646233329304e-01,5.332672110958440737e-01,5.383615952656677361e-01,-2.374550189072606177e-01
1.035999999999999943e+01,5.389968687368082989e-01,5.389968740575181716e-01,5.389974008075104628e-01,5.390500739810968334e-01,5.442981091620662237e-01,-2.155804905418322037e-01
1.037000000000000099e+01,5.444770175946227475e-01,5.444770230695152868e-01,5.444775650836071179e-01,5.445317647746206191e-01,5.499334392580192965e-01,-1.933331847037287332e-01
1.038000000000000078e+01,5.496538664540041585e-01,5.496538720828968438e-01,5.496544293430002392e-01,5.497101537426353213e-01,5.552652886287168243e-01,-1.705560264771968093e-01
1.039000000000000057e+01,5.545254274460215127e-01,5.545254332285614041e-01,5.545260056997556308e-01,5.545832513147900267e-01,5.602914945031158833e-01,-1.471168344598287603e-01
1.040000000000000036e+01,5.590898496183189792e-01,5.590898555539778325e-01,5.590904431839583966e-01,5.591492047827031353e-01,5.650100253636973768e-01,-1.229245632144985861e-01
1.041000000000000014e+01,5.633454157394162110e-01,5.633454218274848158e-01,5.633460245460432114e-01,5.634062951069673808e-01,5.694189781322439581e-01,-9.793485793394368644e-02
1.041999999999999993e+01,5.672905392344061992e-01,5.672905454739896047e-01,5.672911631925167120e-01,5.673529338530802768e-01,5.735165754935616089e-01,-7.214558544014523789e-02
1.042999999999999972e+01,5.709237612648195848e-01,5.709237676548323259e-01,5.709244002658699912e-01,5.709876602759822450e-01,5.773011633522153740e-01,-4.558662915735448018e-02
1.043999999999999950e+01,5.742437479620267071e-01,5.742437545011884747e-01,5.742444018779963022e-01,5.743091385612362210e-01,5.807712084381837503e-01,-1.830847937022667127e-02
1.045000000000000107e+01,5.772492878430184327e-01,5.772492945298501876e-01,5.772499565260045262e-01,5.773161552368071270e-01,5.839252960756893263e-01,9.627564346036732168e-03
1.046000000000000085e+01,5.799392894120278807e-01,5.799392962448481903e-01,5.799399726938696542e-01,5.800076167796410775e-01,5.867621281348019968e-01,3.815658622674283906e-02
1.047000000000000064e+01,5.823127789594764181e-01,5.823127859363976810e-01,5.823134766514115324e-01,5.823825474197836805e-01,5.892805211834379886e-01,6.721476406262139047e-02
1.048000000000000043e+01,5.843688985713935136e-01,5.843689056903188517e-01,5.843696104637390309e-01,5.844400871526100882e-01,5.914794048263349868e-01,9.674214711660356070e-02
1.049000000000000021e+01,5.861069043645079635e-01,5.861069116231282239e-01,5.861076302263570348e-01,5.861794899723735686e-01,5.933578202599784079e-01,1.266840924892799203e-01
1.050000000000000000e+01,5.875261649536613895e-01,5.875261723494527022e-01,5.875269045326243500e-01,5.876001223413641616e-01,5.949149190585827363e-01,1.569918371704179805e-01
1.050999999999999979e+01,5.886261601426201473e-01,5.886261676728413716e-01,5.886269131645887054e-01,5.887014618949604206e-01,5.961499621849041253e-01,1.876225437756277592e-01
1.051999999999999957e+01,5.894064798733147370e-01,5.894064875350055743e-01,5.894072460422437043e-01,5.894830963807339286e-01,5.970623192350220654e-01,2.185390423597630694e-01
1.052999999999999936e+01,5.898668234205080019e-01,5.898668312104866640e-01,5.898676024182301081e-01,5.899447228601396587e-01,5.976514679281380582e-01,2.497094070582262515e-01
1.054000000000000092e+01,5.900069988378275898e-01,5.900070067526897999e-01,5.900077903239004939e-01,5.900861471593105145e-01,5.979169938537054474e-01,2.811064511356664020e-01
1.055000000000000071e+01,5.898269226596538628e-01,5.898269306957709679e-01,5.898277262712317004e-01,5.899072835741627774e-01,5.978585904668043405e-01,3.127071893006675984e-01
1.056000000000000050e+01,5.893266198667379552e-01,5.893266280202564822e-01,5.893274352184602050e-01,5.894081548343972354e-01,5.974760593278474197e-01,3.444922951503741060e-01
1.057000000000000028e+01,5.885062241140375239e-01,5.885062323808779583e-01,5.885070507979635046e-01,5.885888923332072142e-01,5.967693106158264982e-01,3.764455694905795569e-01
1.058000000000000007e+01,5.873659782026441345e-01,5.873659865785010314e-01,5.873668157882154794e-01,5.874497366137825249e-01,5.957383638991008423e-01,4.085534284429505059e-01
1.058999999999999986e+01,5.859062348244735707e-01,5.859062433048149998e-01,5.859070828584986845e-01,5.859910381042456873e-01,5.943833491603421892e-01,4.408044166966829103e-01
1.059999999999999964e+01,5.841274575559969318e-01,5.841274661360649212e-01,5.841283155626744161e-01,5.842132581197320151e-01,5.927045080756012663e-01,4.731887493750142060e-01
1.060999999999999943e+01,5.820302221011435240e-01,5.820302307759543936e-01,5.820310895821243502e-01,5.821169701103456884e-01,5.907021955528168888e-01,5.056978849973015055e-01
1.062000000000000099e+01,5.796152177801680017e-01,5.796152265445139173e-01,5.796160942146456607e-01,5.797028611527488273e-01,5.883768815345846726e-01,5.383241317726416009e-01
1.063000000000000078e+01,5.768832492627742337e-01,5.768832581112236513e-01,5.768841341076075269e-01,5.769717336818995790e-01,5.857291530558330628e-01,5.710602883935542717e-01
1.064000000000000057e+01,5.738352385275833356e-01,5.738352474544834436e-01,5.738361312174787843e-01,5.739245074606773578e-01,5.827597165010368618e-01,6.038993205761673533e-01
1.065000000000000036e+01,5.704722270444835264e-01,5.704722360439618001e-01,5.704731269922023174e-01,5.705622217674816143e-01,5.794694001468181366e-01,6.368340733732236192e-01
1.066000000000000014e+01,5.667953781751169373e-01,5.667953872410840255e-01,5.667962847717263886e-01,5.668860377948241602e-01,5.758591569187868631e-01,6.698570185749537220e-01
1.066999999999999993e+01,5.628059797748745652e-01,5.628059889010273986e-01,5.628068923900502174e-01,5.628972412571968675e-01,5.719300673708954674e-01,7.029600352781615324e-01
1.067999999999999972e+01,5.585054469818291345e-01,5.585054561616539237e-01,5.585063649642115768e-01,5.585972451899274827e-01,5.676833428753390587e-01,7.361342205979081177e-01
1.068999999999999950e+01,5.538953251829780156e-01,5.538953344097550247e-01,5.538962478605781170e-01,5.539875929215682948e-01,5.631203290153119490e-01,7.693697259873448768e-01
1.070000000000000107e+01,5.489772931484326879e-01,5.489773024152401204e-01,5.489782198290773518e-01,5.490699612076892500e-01,5.582425091730295330e-01,8.026556132649917963e-01
1.071000000000000085e+01,5.437531663202056498e-01,5.437531756199248667e-01,5.437540962920417442e-01,5.438461635152740392e-01,5.530515083011273703e-01,8.359797232158677760e-01
1.072000000000000064e+01,5.382249002114932734e-01,5.382249095368151215e-01,5.382258327435893719e-01,5.383181534462055939e-01,5.475490968354553845e-01,8.693285477529855143e-01
1.073000000000000043e+01,5.323945939349986611e-01,5.323946032784291349e-01,5.323955282779634368e-01,5.324880282773927220e-01,5.417371947730080795e-01,9.026870956438541871e-01
1.074000000000000021e+01,5.262644938248249860e-01,5.262645031786926664e-01,5.262654292115134247e-01,5.263580325653000047e-01,5.356178758756788838e-01,9.360387392591505984e-01
1.075000000000000000e+01,5.198369971309643178e-01,5.198370064874278107e-01,5.198379327772504332e-01,5.199305618616759661e-01,5.291933719835059113e-01,9.693650294456465089e-01
1.075999999999999979e+01,5.131146557683705645e-01,5.131146651194273822e-01,5.131155908739931659e-01,5.132081664681376054e-01,5.224660774209357594e-01,1.002645461900400381e+00
1.076999999999999957e+01,5.061001800984972210e-01,5.061001894359926645e-01,5.061011138479812876e-01,5.061935552251677350e-01,5.154385534717125239e-01,1.035857176857467810e+00
1.077999999999999936e+01,4.987964427212410734e-01,4.987964520368781685e-01,4.987973742848933467e-01,4.988895993116189143e-01,5.081135328972643528e-01,1.068974570906396915e+00
1.079000000000000092e+01,4.912064822533557251e-01,4.912064915387060471e-01,4.912074107883410701e-01,4.912993360298520962e-01,5.004939244773775053e-01,1.101968794796964746e+00
1.080000000000000071e+01,4.833335070635284003e-01,4.833335163100438980e-01,4.833344317150348735e-01,4.834259725512317085e-01,4.925828175480981286e-01,1.134807107496609069e+00
1.081000000000000050e+01,4.751808989471940636e-01,4.751809081462192719e-01,4.751818188496756967e-01,4.752728895970063649e-01,4.843834865001720447e-01,1.167452050115286966e+00
1.082000000000000028e+01,4.667522167055262461e-01,4.667522258483116637e-01,4.667531309840374232e-01,4.668436450287148931e-01,4.758993952125181170e-01,1.199860396774992566e+00
1.083000000000000007e+01,4.580511996073568515e-01,4.580512086850731523e-01,4.580521073789671771e-01,4.581419773186559130e-01,4.671342013943992066e-01,1.231981832414518419e+00
1.083999999999999986e+01,4.490817707061907638e-01,4.490817797099438402e-01,4.490826710814887490e-01,4.491718088706522782e-01,4.580917607976396355e-01,1.263757301061617877e+00
1.084999999999999964e+01,4.398480399787839668e-01,4.398480488996308058e-01,4.398489320634735300e-01,4.399372491687189024e-01,4.487761312552367987e-01,1.295116965430309408e+00
1.085999999999999943e+01,4.303543072517121981e-01,4.303543160806778123e-01,4.303551901483011477e-01,4.304425977215914911e-01,4.391915765182519138e-01,1.325977724594393337e+00
1.087000000000000099e+01,4.206050649023793109e-01,4.206050736304745019e-01,4.206059377119271692e-01,4.206923467670811712e-01,4.293425698724768202e-01,1.356240260803416975e+00
1.088000000000000078e+01,4.106050002953163247e-01,4.106050089135555581e-01,4.106058621192891778e-01,4.106911837043513702e-01,4.192337974547799551e-01,1.385785644418408680e+00
1.089000000000000057e+01,4.003589979142193611e-01,4.003590064136407500e-01,4.003598478564200924e-01,4.004439932498834454e-01,4.088701612567721688e-01,1.414471642547925345e+00
1.090000000000000036e+01,3.898721411721634555e-01,3.898721495438484119e-01,3.898729783407294258e-01,3.899558592537875068e-01,3.982567817767457830e-01,1.442129083554231528e+00
1.091000000000000014e+01,3.791497138725144489e-01,3.791497221076082780e-01,3.791505373819812896e-01,3.792320661586806030e-01,3.873990002720296699e-01,1.468558959056863511e+00
1.091999999999999993e+01,3.681972012833609753e-01,3.681972093730944140e-01,3.681980102567988244e-01,3.682781000783424963e-01,3.763023805552085377e-01,1.493531399722697994e+00
1.092999999999999972e+01,3.570202907859645891e-01,3.570202987216757329e-01,3.570210843571884340e-01,3.570996494670692911e-01,3.649727103116845450e-01,1.516788160746491698e+00
1.093999999999999950e+01,3.456248720888115411e-01,3.456248798619681040e-01,3.456256494045912286e-01,3.457026053408309707e-01,3.534160019196088687e-01,1.538050544853425627e+00
1.095000000000000107e+01,3.340170369902235592e-01,3.340170445924456333e-01,3.340177972125710215e-01,3.340930610144804414e-01,3.416384926765262398e-01,1.557034318469204592e+00
1.096000000000000085e+01,3.222030786226570687e-01,3.222030860457403278e-01,3.222038209311347545e-01,3.222773113712081861e-01,3.296466444364763992e-01,1.573471636662314932e+00
1.097000000000000064e+01,3.101894901870290155e-01,3.101894974229678636e-01,3.101902137810695903e-01,3.102618516042946473e-01,3.174471426217725378e-01,1.587137244893805477e+00
1.098000000000000043e+01,2.979829631563479242e-01,2.979829701973583655e-01,2.979836672575684187e-01,2.980533754071368335e-01,3.050468945652766717e-01,1.597873302996740907e+00
1.099000000000000021e+01,2.855903849218179302e-01,2.855903917603611064e-01,2.855910687763333344e-01,2.856587726113744008e-01,2.924530271327074882e-01,1.605606044874547056e+00
1.100000000000000000e+01,2.730188358490668876e-01,2.730188424778722256e-01,2.730194987298076859e-01,2.730851262569010673e-01,2.796728836345935276e-01,1.610349574667742090e+00
1.100999999999999979e+01,2.602755857378505899e-01,2.602755921499379510e-01,2.602762269467990830e-01,2.603397090668517766e-01,2.667140200125873717e-01,1.612196620125500246e+00
1.101999999999999957e+01,2.473680897258467293e-01,2.473680959145483915e-01,2.473687085962288645e-01,2.474299793004016146e-01,2.535842002260613182e-01,1.611300326746483602e+00
1.102999999999999936e+01,2.343039835408421423e-01,2.343039894998243389e-01,2.343045794392751568e-01,2.343635760126144829e-01,2.402913908718745661e-01,1.607852905742339189e+00
1.104000000000000092e+01,2.210910781501604916e-01,2.210910838734437556e-01,2.210916504787053538e-01,2.211483137210415173e-01,2.268437550334878039e-01,1.602065987094377197e+00
1.105000000000000071e+01,2.077373538053590707e-01,2.077373592873377195e-01,2.077379020034573198e-01,2.077921764235314550e-01,2.132496453448712304e-01,1.594155298436429113e+00
1.106000000000000050e+01,1.942509534867707943e-01,1.942509587222311929e-01,1.942514770330664442e-01,1.943033110155582555e-01,1.995175962503368816e-01,1.584330244222603934e+00
1.107000000000000028e+01,1.806401757390880825e-01,1.806401807232257684e-01,1.806406741531407789e-01,1.806900201168107900e-01,1.856563154853058117e-01,1.572787740650708255e+00
1.108000000000000007e+01,1.669134668928871634e-01,1.669134716213229730e-01,1.669139397367723210e-01,1.669607543129820737e-01,1.716746748797072231e-01,1.559709220135295338e+00
1.108999999999999986e+01,1.530794127450394448e-01,1.530794172138326414e-01,1.530798596246699395e-01,1.531241038122398423e-01,1.575817003579264020e-01,1.545259747851055465e+00
1.109999999999999964e+01,1.391467297078708143e-01,1.391467339135315229e-01,1.391471502742611666e-01,1.391887895223719585e-01,1.433865612749758711e-01,1.529588413390337021e+00
1.110999999999999943e+01,1.251242553866870333e-01,1.251242593261868152e-01,1.251246493369925772e-01,1.251636536528544508e-01,1.290985591007570155e-01,1.512829409303556805e+00
1.112000000000000099e+01,1.110209386820821126e-01,1.110209423528624728e-01,1.110213057604471087e-01,1.110576498123140299e-01,1.147271154956511774e-01,1.495103416783955641e+00
1.113000000000000078e+01,9.684582943636035890e-02,9.684583283633889372e-02,9.684616943454901761e-02,9.687983261079687047e-02,1.002817598125066156e-01,1.476519069081535074e+00
1.114000000000000057e+01,8.260806765954410713e-02,8.260807078711887574e-02,8.260838041736282000e-02,8.263934685760594701e-02,8.577211609457587038e-02,1.457174364939739952e+00
1.115000000000000036e+01,6.831687236353799209e-02,6.831687521758966763e-02,6.831715776905988857e-02,6.834541637947612325e-02,7.120788966319620272e-02,1.437157967270857650e+00
1.116000000000000014e+01,5.398153003705634390e-02,5.398153261694862287e-02,5.398178802665004605e-02,5.400733250109020223e-02,5.659885329493460904e-02,1.416550360223398419e+00
1.116999999999999993e+01,3.961138286473559617e-02,3.961138517031219386e-02,3.961161342277648434e-02,3.963444222530729949e-02,4.195483310968621538e-02,1.395424859511054771e+00
1.117999999999999972e+01,2.521581670837485384e-02,2.521581873995537570e-02,2.521601986683127614e-02,2.523613615933255686e-02,2.728569422577804479e-02,1.373848481672506283e+00
1.118999999999999950e+01,1.080424886803399431e-02,1.080425062640733534e-02,1.080442470579279918e-02,1.082183629534595390e-02,1.260132625808347770e-02,1.351882683710007527e+00
1.120000000000000107e+01,-3.613884268891873544e-03,-3.613882782476327341e-03,-3.613735626907759943e-03,-3.599016373403664780e-03,-2.088371267729022870e-03,1.329583986022393027e+00
1.121000000000000085e+01,-1.802913966052135941e-02,-1.802913844436479854e-02,-1.802901804444517059e-02,-1.801697431027947036e-02,-1.677350350223312178e-02,1.307004491663481316e+00
1.122000000000000064e+01,-3.243208006610419358e-02,-3.243207911807142324e-02,-3.243198526241682783e-02,-3.242259590961679705e-02,-3.144419478217709563e-02,1.284192314060198736e+00
1.123000000000000043e+01,-4.681328646995192022e-02,-4.681328578748607250e-02,-4.681321822295839846e-02,-4.680645793840489122e-02,-4.609060299728004462e-02,1.261191923852603702e+00
1.124000000000000021e+01,-6.116337041482369785e-02,-6.116336999496276017e-02,-6.116332842831424116e-02,-6.115916788715197727e-02,-6.070293373062365938e-02,1.238044424262594312e+00
1.125000000000000000e+01,-7.547298618839165529e-02,-7.547298602778659826e-02,-7.547297012746295719e-02,-7.547137617445770497e-02,-7.527145411284130727e-02,1.214787762914268487e+00
1.125999999999999979e+01,-8.973284281616047964e-02,-8.973284291109509536e-02,-8.973285230919100797e-02,-8.973378815337515468e-02,-8.978650631470286303e-02,1.191456886732850329e+00
1.126999999999999957e+01,-1.039337158011561235e-01,-1.039337161475680227e-01,-1.039337504419124425e-01,-1.039371758680197461e-01,-1.042385206086739041e-01,1.168083846940800141e+00
1.127999999999999936e+01,-1.180664585701033109e-01,-1.180664591636062521e-01,-1.180665179199620884e-01,-1.180723895061923101e-01,-1.186180279678079874e-01,1.144697857372969141e+00
1.129000000000000092e+01,-1.321220135738458146e-01,-1.321220144097529359e-01,-1.321220971641217101e-01,-1.321303685081052781e-01,-1.329156721275953079e-01,1.121325312695188092e+00
1.130000000000000071e+01,-1.460914229917170681e-01,-1.460914240650651452e-01,-1.460915303260794662e-01,-1.461021522897912872e-01,-1.471222210620997950e-01,1.097989769874136323e+00
1.131000000000000050e+01,-1.599658390157869814e-01,-1.599658403213607694e-01,-1.599659695727208009e-01,-1.599788905321351817e-01,-1.612285778507124012e-01,1.074711897536356986e+00
1.132000000000000028e+01,-1.737365336746624633e-01,-1.737365352070202595e-01,-1.737366869099933320e-01,-1.737518529929267808e-01,-1.752257908998796354e-01,1.051509397485577146e+00
1.133000000000000007e+01,-1.873949081501740388e-01,-1.873949099036729682e-01,-1.873950834996231940e-01,-1.874124388421299914e-01,-1.891050634725737201e-01,1.028396903192305478e+00
1.133999999999999986e+01,-2.009325015729637731e-01,-2.009325035417856009e-01,-2.009326984547059602e-01,-2.009521854619168990e-01,-2.028577624975136939e-01,1.005385860322561831e+00
1.134999999999999964e+01,-2.143409992786788898e-01,-2.143410014568554733e-01,-2.143412170958909901e-01,-2.143627766890284225e-01,-2.164754267083983663e-01,9.824843946599111089e-01
1.135999999999999943e+01,-2.276122404939268373e-01,-2.276122428753653837e-01,-2.276124786373255882e-01,-2.276360504944733298e-01,-2.299497740193957029e-01,9.596971740779541848e-01
1.137000000000000099e+01,-2.407382254221999696e-01,-2.407382280007082653e-01,-2.407384832725636414e-01,-2.407640060865432474e-01,-2.432727081704610661e-01,9.370252710666782114e-01
1.138000000000000078e+01,-2.537111217459692147e-01,-2.537111245152797179e-01,-2.537113986765551776e-01,-2.537388104125106181e-01,-2.564363246538628460e-01,9.144660326793815353e-01
1.139000000000000057e+01,-2.665232705496402565e-01,-2.665232735034342437e-01,-2.665235659285832281e-01,-2.665528040382533770e-01,-2.694329159231428350e-01,8.920129673943200110e-01
1.140000000000000036e+01,-2.791671916059818015e-01,-2.791671947379125163e-01,-2.791675047986092451e-01,-2.791985064485663637e-01,-2.822549758724778313e-01,8.696556552274599117e-01
1.141000000000000014e+01,-2.916355880692342861e-01,-2.916355913729492544e-01,-2.916359184402916305e-01,-2.916686207472315440e-01,-2.948952035987084663e-01,8.473796908533034467e-01
1.141999999999999993e+01,-3.039213505795099746e-01,-3.039213540486721543e-01,-3.039216974952814732e-01,-3.039560377334099006e-01,-3.073465065451095324e-01,8.251666676830741176e-01
1.142999999999999972e+01,-3.160175607790834951e-01,-3.160175644073914825e-01,-3.160179236094170507e-01,-3.160538393963926440e-01,-3.196020029381290706e-01,8.029942092374592333e-01
1.143999999999999950e+01,-3.279174942349806776e-01,-3.279174980161878583e-01,-3.279178723552277352e-01,-3.279553018412263432e-01,-3.316550235985410433e-01,7.808360572918300324e-01
1.145000000000000107e+01,-3.396146227790326488e-01,-3.396146267069656277e-01,-3.396150155718584696e-01,-3.396538976489231754e-01,-3.434991131581333068e-01,7.586622194289720511e-01
1.146000000000000085e+01,-3.511026163569725966e-01,-3.511026204255476291e-01,-3.511030232140088803e-01,-3.511432976713284027e-01,-3.551280307096150723e-01,7.364391812697552719e-01
1.147000000000000064e+01,-3.623753443044356315e-01,-3.623753485076746106e-01,-3.623757646278725764e-01,-3.624173722812440435e-01,-3.665357498993356833e-01,7.141301846589076519e-01
1.148000000000000043e+01,-3.734268761178374252e-01,-3.734268804498823702e-01,-3.734273093218730688e-01,-3.734701921778211253e-01,-3.777164584772174649e-01,6.916955693771205116e-01
1.149000000000000021e+01,-3.842514817463075216e-01,-3.842514862014336785e-01,-3.842519272584641321e-01,-3.842960286520489266e-01,-3.886645574183861807e-01,6.690931770046635307e-01
1.150000000000000000e+01,-3.948436314339793807e-01,-3.948436360066070461e-01,-3.948440886962915619e-01,-3.948893534019242146e-01,-3.993746595832039503e-01,6.462788078701596772e-01
1.150999999999999979e+01,-4.051979951260142321e-01,-4.051979998107196890e-01,-4.051984635961055070e-01,-4.052448379180295102e-01,-4.098415879382357740e-01,6.232067230068052410e-01
1.151999999999999957e+01,-4.153094414506359189e-01,-4.153094462421611510e-01,-4.153099206027002777e-01,-4.153573524714583298e-01,-4.200603734125549771e-01,5.998301785718077594e-01
1.152999999999999936e+01,-4.251730363020995718e-01,-4.251730411953606459e-01,-4.251735256277542896e-01,-4.252219647203061004e-01,-4.300262524130584740e-01,5.761019782218081975e-01
1.154000000000000092e+01,-4.347840411439681807e-01,-4.347840461340621854e-01,-4.347845401529276121e-01,-4.348339379498449286e-01,-4.397346640221064806e-01,5.519750282794879670e-01
1.155000000000000071e+01,-4.441379109329678387e-01,-4.441379160151796568e-01,-4.441384191537012249e-01,-4.441887289722061261e-01,-4.491812468943136016e-01,5.274028780187559606e-01
1.156000000000000050e+01,-4.532302917556825239e-01,-4.532302969254893843e-01,-4.532308087359208648e-01,-4.532819857999141888e-01,-4.583618358972177398e-01,5.023402287384872711e-01
1.157000000000000028e+01,-4.620570182088371558e-01,-4.620570234619130190e-01,-4.620575435159811617e-01,-4.621095450025277662e-01,-4.672724585783689655e-01,4.767433949141346994e-01
1.158000000000000007e+01,-4.706141105471641217e-01,-4.706141158793827883e-01,-4.706146437685913009e-01,-4.706674288334472545e-01,-4.759093313834228400e-01,4.505707030815442882e-01
1.158999999999999986e+01,-4.788977716231354598e-01,-4.788977770305725690e-01,-4.788983123664182773e-01,-4.789518421586596020e-01,-4.842688557335191879e-01,4.237828157216053659e-01
1.159999999999999964e+01,-4.869043836392724089e-01,-4.869043891182071038e-01,-4.869049315323206173e-01,-4.869591692086503443e-01,-4.923476139648832461e-01,3.963429707918645351e-01
1.160999999999999943e+01,-4.946305047419488066e-01,-4.946305102888640670e-01,-4.946310594330594057e-01,-4.946859701786727737e-01,-5.001423651592249442e-01,3.682171306453676518e-01
1.162000000000000099e+01,-5.020728655261972317e-01,-5.020728711377793196e-01,-5.020734266840041204e-01,-5.021289776989098508e-01,-5.076500408850970203e-01,3.393740380749510344e-01
1.163000000000000078e+01,-5.092283654105016488e-01,-5.092283710836396082e-01,-5.092289327238845864e-01,-5.092850932051461443e-01,-5.148677408738588923e-01,3.097851809175131699e-01
1.164000000000000057e+01,-5.160940689508268786e-01,-5.160940746826099268e-01,-5.160946421287317953e-01,-5.161513832619506470e-01,-5.217927286768524464e-01,2.794246708336146634e-01
1.165000000000000036e+01,-5.226672021095939424e-01,-5.226672078973098046e-01,-5.226677808807901338e-01,-5.227250758144463827e-01,-5.284224272947039003e-01,2.482690456107702337e-01
1.166000000000000014e+01,-5.289451485026107624e-01,-5.289451543437424519e-01,-5.289457326153862438e-01,-5.290035564301330817e-01,-5.347544148206029302e-01,2.162970087784905626e-01
1.166999999999999993e+01,-5.349254456471459473e-01,-5.349254515393677689e-01,-5.349260348689441891e-01,-5.349843645413239202e-01,-5.407864201137859705e-01,1.834891251499743969e-01
1.167999999999999972e+01,-5.406057812329247980e-01,-5.406057871740985732e-01,-5.406063753499293911e-01,-5.406651897118662786e-01,-5.465163185227581710e-01,1.498274963188360731e-01
1.168999999999999950e+01,-5.459839894411878669e-01,-5.459839954293581599e-01,-5.459845882578510112e-01,-5.460438679502104264e-01,-5.519421276797961129e-01,1.152954485004141771e-01
1.170000000000000107e+01,-5.510580473300754623e-01,-5.510580533634644729e-01,-5.510586506686019348e-01,-5.511183780897941364e-01,-5.570620033864025489e-01,7.987727543699496557e-02
1.171000000000000085e+01,-5.558260713053437829e-01,-5.558260773823451295e-01,-5.558266790051270556e-01,-5.558868382556725329e-01,-5.618742356022045081e-01,4.355810083950972800e-02
1.172000000000000064e+01,-5.602863136978061265e-01,-5.602863198169798498e-01,-5.602869256148239607e-01,-5.603475024361481704e-01,-5.663772445607064832e-01,6.323949527653360825e-03
1.173000000000000043e+01,-5.644371594612704879e-01,-5.644371656213357236e-01,-5.644377754674401171e-01,-5.644987571791343361e-01,-5.705695770281423718e-01,-3.183783195087164231e-02
1.174000000000000021e+01,-5.682771230105354565e-01,-5.682771292103638849e-01,-5.682777429930304658e-01,-5.683391184275625729e-01,-5.744499027167344618e-01,-7.093758881353084966e-02
1.175000000000000000e+01,-5.718048452184302244e-01,-5.718048514570388541e-01,-5.718054690789580174e-01,-5.718672285081561890e-01,-5.780170108678329699e-01,-1.109814635793873183e-01
1.175999999999999979e+01,-5.750190905806225050e-01,-5.750190968571662342e-01,-5.750197182346781233e-01,-5.750818532918603454e-01,-5.812698070251003379e-01,-1.519680525105095992e-01
1.176999999999999957e+01,-5.779187445590857619e-01,-5.779187508728497180e-01,-5.779193759351657356e-01,-5.779818795429435552e-01,-5.842073100126270457e-01,-1.938827664775998327e-01
1.177999999999999936e+01,-5.805028111289143311e-01,-5.805028174793054330e-01,-5.805034461677032187e-01,-5.805663124570052958e-01,-5.868286491093457347e-01,-2.366886144227892119e-01
1.179000000000000092e+01,-5.827704105304284399e-01,-5.827704169169668491e-01,-5.827710491839575013e-01,-5.828342734073056475e-01,-5.891330614589884718e-01,-2.803116075460965195e-01
1.180000000000000071e+01,-5.847207772360686340e-01,-5.847207836583795393e-01,-5.847214194668516329e-01,-5.847849979142778487e-01,-5.911198897132132757e-01,-3.246186602646892183e-01
1.181000000000000050e+01,-5.863532581445020098e-01,-5.863532646023064121e-01,-5.863539039246427054e-01,-5.864178338391821121e-01,-5.927885799142954548e-01,-3.693866388447318849e-01
1.182000000000000028e+01,-5.876673110157010216e-01,-5.876673175088065193e-01,-5.876679603259724605e-01,-5.877322398101497702e-01,-5.941386796280219151e-01,-4.142651152300232953e-01
1.183000000000000007e+01,-5.886625031461797386e-01,-5.886625096744717567e-01,-5.886631559750957754e-01,-5.887277838922487794e-01,-5.951698363425751426e-01,-4.587452087588931859e-01
1.183999999999999986e+01,-5.893385102824553190e-01,-5.893385168458865619e-01,-5.893391666253093852e-01,-5.894041425126869127e-01,-5.958817961386475570e-01,-5.021616891564258944e-01
1.184999999999999964e+01,-5.896951157998459037e-01,-5.896951223984273627e-01,-5.896957756577360099e-01,-5.897610996293402019e-01,-5.962744026107724693e-01,-5.437606276181008447e-01
1.185999999999999943e+01,-5.897322101328679178e-01,-5.897322167666587678e-01,-5.897328735117035592e-01,-5.897985461556115583e-01,-5.963475960836901457e-01,-5.828343001180910088e-01
1.187000000000000099e+01,-5.894497904613769101e-01,-5.894497971304742956e-01,-5.894504573708723161e-01,-5.895164796514834604e-01,-5.961014131023670837e-01,-6.188650415620648992e-01
1.188000000000000078e+01,-5.888479606568621794e-01,-5.888479673613910004e-01,-5.888486311095127990e-01,-5.889150042700671550e-01,-5.955359861989530934e-01,-6.515981419619730763e-01
1.189000000000000057e+01,-5.879269314953876613e-01,-5.879269382354902485e-01,-5.879276055054276640e-01,-5.879943309616786351e-01,-5.946515439405143377e-01,-6.810191297993957171e-01
1.190000000000000036e+01,-5.866870211255403866e-01,-5.866870279013661760e-01,-5.866876987079021610e-01,-5.867547779392173757e-01,-5.934484112660068922e-01,-7.072765765403347116e-01
1.191000000000000014e+01,-5.851286557854198378e-01,-5.851286625971143796e-01,-5.851293369546715084e-01,-5.851967714073891269e-01,-5.919270100997462425e-01,-7.306023697877527256e-01
1.191999999999999993e+01,-5.832523707848474848e-01,-5.832523776325422293e-01,-5.832530555541250994e-01,-5.833208465334601689e-01,-5.900878602288794905e-01,-7.512548628806817730e-01
1.192999999999999972e+01,-5.810588117304411604e-01,-5.810588186142422451e-01,-5.810595001103746604e-01,-5.811276486712952938e-01,-5.879315804689648761e-01,-7.694866167386295031e-01
1.193999999999999950e+01,-5.785487359926362316e-01,-5.785487429126141556e-01,-5.785494279902696491e-01,-5.786179348330855454e-01,-5.854588900888864078e-01,-7.855295069399077512e-01
1.195000000000000107e+01,-5.757230144114289239e-01,-5.757230213676075570e-01,-5.757237100291333620e-01,-5.757925753942185754e-01,-5.826706104932800612e-01,-7.995898482021285281e-01
1.196000000000000085e+01,-5.725826332333232571e-01,-5.725826402256685155e-01,-5.725833324677085390e-01,-5.726525560233366452e-01,-5.795676671602545404e-01,-8.118485431336014413e-01
1.197000000000000064e+01,-5.691286962602958299e-01,-5.691287032887053510e-01,-5.691293991011238118e-01,-5.691989798337468986e-01,-5.761510918284933336e-01,-8.224634024598989068e-01
1.198000000000000043e+01,-5.653624272112529603e-01,-5.653624342755450005e-01,-5.653631336403484031e-01,-5.654330697524057037e-01,-5.724220249046034770e-01,-8.315721693795099512e-01
1.199000000000000021e+01,-5.612851722866358806e-01,-5.612851793865385464e-01,-5.612858822767982092e-01,-5.613561710798874449e-01,-5.683817181002451813e-01,-8.392955584740724451e-01
1.200000000000000000e+01,-5.568984029152570514e-01,-5.568984100503970858e-01,-5.568991164291798857e-01,-5.569697542287539438e-01,-5.640315372838844432e-01,-8.457400221380726446e-01
1.200999999999999979e+01,-5.522037186676520548e-01,-5.522037258375447344e-01,-5.522044356568507339e-01,-5.522754176474897747e-01,-5.593729655250123667e-01,-8.510001535017124308e-01
1.201999999999999957e+01,-5.472028503273166367e-01,-5.472028575313546694e-01,-5.472035707310631825e-01,-5.472748908994156114e-01,-5.544076063148579703e-01,-8.551607234908111810e-01
1.203000000000000114e+01,-5.418976631106358077e-01,-5.418976703480787860e-01,-5.418983868549015481e-01,-5.419700378808459673e-01,-5.491371869578045573e-01,-8.582983859417490091e-01
1.204000000000000092e+01,-5.362901600257183876e-01,-5.362901672956826848e-01,-5.362908870221250179e-01,-5.363628601626418968e-01,-5.435635621276957430e-01,-8.604830950332671424e-01
1.205000000000000071e+01,-5.303824853218832569e-01,-5.303824926233313697e-01,-5.303832154666892063e-01,-5.304555004423620046e-01,-5.376887175666869023e-01,-8.617792792148931680e-01
1.206000000000000050e+01,-5.241769280086985283e-01,-5.241769353404295284e-01,-5.241776611817867693e-01,-5.242502460936732112e-01,-5.315147738542426170e-01,-8.622468112452483791e-01
1.207000000000000028e+01,-5.176759254894589546e-01,-5.176759328500977198e-01,-5.176766615533541227e-01,-5.177495327918892887e-01,-5.250439903257564378e-01,-8.619418072989897261e-01
1.208000000000000007e+01,-5.108820672187444067e-01,-5.108820746067331831e-01,-5.108828060176555663e-01,-5.109559481574712514e-01,-5.182787690551298176e-01,-8.609172834133158592e-01
1.208999999999999986e+01,-5.037980983932827117e-01,-5.037981058068712326e-01,-5.037988397521746542e-01,-5.038722354610833953e-01,-5.112216588980738052e-01,-8.592236913254460706e-01
1.209999999999999964e+01,-4.964269236487413028e-01,-4.964269310859776851e-01,-4.964276673724398181e-01,-4.965012973242221572e-01,-5.038753595732475832e-01,-8.569093528094708923e-01
1.210999999999999943e+01,-4.887716107404393995e-01,-4.887716181991620390e-01,-4.887723566127741837e-01,-4.888461994029694724e-01,-4.962427257646214729e-01,-8.540208073007142797e-01
1.212000000000000099e+01,-4.808353941853271696e-01,-4.808354016631563033e-01,-4.808361419683170324e-01,-4.809101740329329577e-01,-4.883267712290227935e-01,-8.506030855137789448e-01
1.213000000000000078e+01,-4.726216788373751587e-01,-4.726216863317052042e-01,-4.726224282704624136e-01,-4.726966238093500694e-01,-4.801306728831972737e-01,-8.466999197216728001e-01
1.214000000000000057e+01,-4.641340433695260170e-01,-4.641340508775182450e-01,-4.641347941688603873e-01,-4.642091250764799337e-01,-4.716577748180554863e-01,-8.423538996285236946e-01
1.215000000000000036e+01,-4.553762436443730688e-01,-4.553762511629497745e-01,-4.553769955021571558e-01,-4.554514313010282200e-01,-4.629115922711570796e-01,-8.376065817848261652e-01
1.216000000000000014e+01,-4.463522159364120001e-01,-4.463522234622497309e-01,-4.463529685203087016e-01,-4.464274763045420480e-01,-4.538958154914835008e-01,-8.324985594951723744e-01
1.216999999999999993e+01,-4.370660799879833025e-01,-4.370660875175080284e-01,-4.370668329405934527e-01,-4.371413773249160917e-01,-4.446143134876228697e-01,-8.270694995678280481e-01
1.217999999999999972e+01,-4.275221418681106611e-01,-4.275221493974932230e-01,-4.275228948065272760e-01,-4.275974378779431317e-01,-4.350711376330617108e-01,-8.213581516506026636e-01
1.218999999999999950e+01,-4.177248966014664444e-01,-4.177249041266193341e-01,-4.177256491169137886e-01,-4.178001503974159148e-01,-4.252705251002382170e-01,-8.154023354046867622e-01
1.220000000000000107e+01,-4.076790305379144885e-01,-4.076790380544884629e-01,-4.076797821954759593e-01,-4.077541986238462091e-01,-4.152169020951953504e-01,-8.092389105014348161e-01
1.221000000000000085e+01,-3.973894234555375160e-01,-3.973894309589202090e-01,-3.973901737939771750e-01,-3.974644597070839946e-01,-4.049148868743796537e-01,-8.029037338826409131e-01
1.222000000000000064e+01,-3.868611503420842368e-01,-3.868611578273993823e-01,-3.868618988737759778e-01,-3.869360059909604521e-01,-3.943692925112524117e-01,-7.964316084155307340e-01
1.223000000000000043e+01,-3.760994828357964725e-01,-3.760994902979043486e-01,-3.761002290467618803e-01,-3.761741064788738376e-01,-3.835851293797895023e-01,-7.898562267301091344e-01
1.224000000000000021e+01,-3.651098903044242006e-01,-3.651098977379228505e-01,-3.651106336544857056e-01,-3.651842279235432143e-01,-3.725676073340793426e-01,-7.832101135173314965e-01
1.225000000000000000e+01,-3.538980405358114756e-01,-3.538980479350400388e-01,-3.538987804588684671e-01,-3.539720355191969814e-01,-3.613221375602595486e-01,-7.765245692675100120e-01
1.225999999999999979e+01,-3.424698000039225199e-01,-3.424698073629648398e-01,-3.424705359083588530e-01,-3.425433931798743670e-01,-3.498543340636188215e-01,-7.698296178304017134e-01
1.226999999999999957e+01,-3.308312336758796324e-01,-3.308312409885697525e-01,-3.308319649451078037e-01,-3.309043633793178341e-01,-3.381700147520720900e-01,-7.631539599872980695e-01
1.228000000000000114e+01,-3.189886043717179431e-01,-3.189886116316471565e-01,-3.189893303648537737e-01,-3.190612065176365864e-01,-3.262752021135322256e-01,-7.565249344952805766e-01
1.229000000000000092e+01,-3.069483716291095954e-01,-3.069483788296343274e-01,-3.069490916817998460e-01,-3.070203797806274615e-01,-3.141761234553985260e-01,-7.499684879605506005e-01
1.230000000000000071e+01,-2.947171900405204381e-01,-2.947171971747721830e-01,-2.947179034659156427e-01,-2.947885355066983126e-01,-3.018792106496442917e-01,-7.435091540814996458e-01
1.231000000000000050e+01,-2.823019070657137863e-01,-2.823019141266102094e-01,-2.823026131555901319e-01,-2.823725190256550777e-01,-2.893910993849891922e-01,-7.371700429529699505e-01
1.232000000000000028e+01,-2.697095603039414424e-01,-2.697095672841992586e-01,-2.697102583299726963e-01,-2.697793659282178846e-01,-2.767186279026034312e-01,-7.309728402787224466e-01
1.233000000000000007e+01,-2.569473742000816241e-01,-2.569473810922309198e-01,-2.569480634152661036e-01,-2.570162987804142096e-01,-2.638688351786984132e-01,-7.249378162824495764e-01
1.233999999999999986e+01,-2.440227561572301807e-01,-2.440227629536300125e-01,-2.440234357974732093e-01,-2.440907232724582043e-01,-2.508489585132018251e-01,-7.190838440597345782e-01
1.234999999999999964e+01,-2.309432920739589723e-01,-2.309432987668147419e-01,-2.309439613597937258e-01,-2.310102237826105465e-01,-2.376664305404611599e-01,-7.134284262664466469e-01
1.235999999999999943e+01,-2.177167413220537640e-01,-2.177167479034357034e-01,-2.177173994605166030e-01,-2.177825583336208681e-01,-2.243288756466321754e-01,-7.079877293254354109e-01
1.237000000000000099e+01,-2.043510310931990204e-01,-2.043510375550627312e-01,-2.043516772798441294e-01,-2.044156529540431810e-01,-2.108441057241157157e-01,-7.027766247451726622e-01
1.238000000000000078e+01,-1.908542501664498292e-01,-1.908542565006574598e-01,-1.908548835874978034e-01,-1.909175954977463952e-01,-1.972201152965954996e-01,-6.978087355226345601e-01
1.239000000000000057e+01,-1.772346421010452255e-01,-1.772346482993884809e-01,-1.772352619356565295e-01,-1.772966288261266787e-01,-1.834650760052115581e-01,-6.930964871471501088e-01
1.240000000000000036e+01,-1.635005978595565068e-01,-1.635006039137802403e-01,-1.635012032822219519e-01,-1.635611434279415355e-01,-1.695873304359483136e-01,-6.886511618824364689e-01
1.241000000000000014e+01,-1.496606478574236676e-01,-1.496606537592512776e-01,-1.496612380404645504e-01,-1.497196694832035324e-01,-1.555953852624464007e-01,-6.844829549963414861e-01
1.241999999999999993e+01,-1.357234534415429628e-01,-1.357234591827017611e-01,-1.357240275577066835e-01,-1.357808683902014812e-01,-1.414979037375071191e-01,-6.806010320549144010e-01
1.242999999999999972e+01,-1.216977978951001016e-01,-1.216978034673484310e-01,-1.216983551202242830e-01,-1.217535237605133491e-01,-1.273036975807359250e-01,-6.770135861976668279e-01
1.243999999999999950e+01,-1.075925769358488659e-01,-1.075925823310034946e-01,-1.075931164516021749e-01,-1.076465318898803813e-01,-1.130217181691193368e-01,-6.737278942209280475e-01
1.245000000000000107e+01,-9.341678871821521013e-02,-9.341679392817892058e-02,-9.341730971488269863e-02,-9.346889177725425935e-02,-9.866104712387427367e-02,-6.707503707370141566e-01
1.246000000000000085e+01,-7.917952341862288801e-02,-7.917952843541288532e-02,-7.918002509792301802e-02,-7.922969475362927338e-02,-8.423088630763858609e-02,-6.680866195009529385e-01
1.247000000000000064e+01,-6.488995243010874103e-02,-6.488995724588483838e-02,-6.489043400802366190e-02,-6.493811364225419991e-02,-6.974054725196823790e-02,-6.657414811316320069e-01
1.248000000000000043e+01,-5.055731720186291966e-02,-5.055732180895582129e-02,-5.055777791146495725e-02,-5.060339159406251897e-02,-5.519944002445978382e-02,-6.637190766345124615e-01
1.249000000000000021e+01,-3.619091775507820435e-02,-3.619092214601760810e-02,-3.619135684933413866e-02,-3.623483060885691887e-02,-4.061706156831249720e-02,-6.620228460938432091e-01
1.250000000000000000e+01,-2.180010091659456001e-02,-2.180010508413669085e-02,-2.180051767112565000e-02,-2.184177979161563976e-02,-2.600298365654494376e-02,-6.606555820709969495e-01
1.250999999999999979e+01,-7.394248386366662588e-03,-7.394252323521205081e-03,-7.394642102144395254e-03,-7.433623383549738291e-03,-1.136684036836643936e-02,-6.596194572808982137e-01
1.251999999999999957e+01,7.017235396446604850e-03,7.017231696390260204e-03,7.016865390480605050e-03,6.980231387112501712e-03,3.281684783471048011e-03,-6.589160462394786366e-01
1.253000000000000114e+01,2.142493549698809216e-02,2.142493204043562777e-02,2.142458984140396816e-02,2.139036653785986522e-02,1.793287202419276485e-02,-6.585463406389024943e-01
1.254000000000000092e+01,3.581943877947624949e-02,3.581943557250438087e-02,3.581911808195395452e-02,3.578736564159628458e-02,3.257697873326831361e-02,-6.585107582026696882e-01
1.255000000000000071e+01,5.019134620705190120e-02,5.019134325538578134e-02,5.019105104011206686e-02,5.016182614560026065e-02,4.720425305441652841e-02,-6.588091449982049763e-01
1.256000000000000050e+01,6.453128509175484750e-02,6.453128240074688937e-02,6.453101599063823524e-02,6.450437163447556022e-02,6.180494763484470355e-02,-6.594407711349292711e-01
1.257000000000000028e+01,7.882992124158387515e-02,7.882991881619418051e-02,7.882967870229440344e-02,7.880566399144212086e-02,7.636933338330133270e-02,-6.604043198354904165e-01
1.258000000000000007e+01,9.307797094409134275e-02,9.307796878886973047e-02,9.307775542161385307e-02,9.305641540203102302e-02,9.088771324243416494e-02,-6.616978700300705230e-01
1.258999999999999986e+01,1.072662127428242601e-01,1.072662108618944038e-01,1.072660246495286407e-01,1.072474001474787442e-01,1.053504358647759653e-01,-6.633188727271068785e-01
1.259999999999999964e+01,1.213854989507380661e-01,1.213854973477835608e-01,1.213853386549795382e-01,1.213694661389570495e-01,1.197479091353044756e-01,-6.652641212495279399e-01
1.260999999999999943e+01,1.354267668553752468e-01,1.354267655336275911e-01,1.354266346802974752e-01,1.354135461445110933e-01,1.340706134733068988e-01,-6.675297157336441689e-01
1.262000000000000099e+01,1.493810495730804044e-01,1.493810485353090634e-01,1.493809457956265518e-01,1.493706686582993715e-01,1.483091148484708688e-01,-6.701110224012131189e-01
1.263000000000000078e+01,1.632394865032570364e-01,1.632394857517616149e-01,1.632394113533927604e-01,1.632319683767871343e-01,1.624540774439144908e-01,-6.730026279818236423e-01
1.264000000000000057e+01,1.769933333404367648e-01,1.769933328770414982e-01,1.769932870005878067e-01,1.769886962438342870e-01,1.764962759105330736e-01,-6.761982899345130305e-01
1.265000000000000036e+01,1.906339716307888232e-01,1.906339714568390242e-01,1.906339542354907879e-01,1.906322290203876779e-01,1.904266071506768576e-01,-6.796908831413329688e-01
1.266000000000000014e+01,2.041529178183401072e-01,2.041529179347008061e-01,2.041529294540987971e-01,2.041540783414877991e-01,2.042361015841008542e-01,-6.834723438508975013e-01
1.266999999999999993e+01,2.175418317575261440e-01,2.175418321645827824e-01,2.175418724628847000e-01,2.175458992649673406e-01,2.179159338496944875e-01,-6.875336117393260338e-01
1.267999999999999972e+01,2.307925246791542317e-01,2.307925253768153551e-01,2.307925944449623068e-01,2.307994982573411957e-01,2.314574328918824753e-01,-6.918645710551845074e-01
1.268999999999999950e+01,2.438969665912993912e-01,2.438969675790012004e-01,2.438970653611755857e-01,2.439068406008141621e-01,2.448520913936776955e-01,-6.964539918577351552e-01
1.270000000000000107e+01,2.568472930878842320e-01,2.568472943645971895e-01,2.568474207588632430e-01,2.568600572198722620e-01,2.580915745519450910e-01,-7.012894724912953626e-01
1.271000000000000085e+01,2.696358115439779213e-01,2.696358131082146614e-01,2.696359679673325793e-01,2.696514509181852093e-01,2.711677281339530121e-01,-7.063573845446637911e-01
1.272000000000000064e+01,2.822550067376481953e-01,2.822550085874737102e-01,2.822551917198791727e-01,2.822735020067397849e-01,2.840725858120837777e-01,-7.116428212890509863e-01
1.273000000000000043e+01,2.946975458598927178e-01,2.946975479929355712e-01,2.946977591638667571e-01,2.947188733073012878e-01,2.967983757717855831e-01,-7.171295508881545544e-01
1.274000000000000021e+01,3.069562829063575693e-01,3.069562853198228858e-01,3.069565242525872373e-01,3.069804145737414780e-01,3.093375265812875474e-01,-7.227999759274159608e-01
1.275000000000000000e+01,3.190242624791640447e-01,3.190242651698475540e-01,3.190245315472148846e-01,3.190511663219610661e-01,3.216826723056476767e-01,-7.286350998232147269e-01
1.275999999999999979e+01,3.308947230095881098e-01,3.308947259738913571e-01,3.308950194396002575e-01,3.309243630437290196e-01,3.338266568741527496e-01,-7.346145015334855088e-01
1.276999999999999957e+01,3.425610994019177014e-01,3.425611026358640343e-01,3.425614227962253677e-01,3.425934358506038668e-01,3.457625377579649495e-01,-7.407163196914750003e-01
1.278000000000000114e+01,3.540170250976533151e-01,3.540170285969049813e-01,3.540173750224879234e-01,3.540520145648629047e-01,3.574835888968914688e-01,-7.469172464458941896e-01
1.279000000000000092e+01,3.652563335891443330e-01,3.652563373490203547e-01,3.652567095764167604e-01,3.652939292664622029e-01,3.689833029377457274e-01,-7.531925313280972700e-01
1.280000000000000071e+01,3.762730594635781411e-01,3.762730634790729667e-01,3.762734610127181911e-01,3.763132113005992485e-01,3.802553928099448033e-01,-7.595159967931668366e-01
1.281000000000000050e+01,3.870614388887727020e-01,3.870614431545745804e-01,3.870618654686119875e-01,3.871040937606952670e-01,3.912937926620335127e-01,-7.658600635194461326e-01
1.282000000000000028e+01,3.976159096354965339e-01,3.976159141460070545e-01,3.976163606861867761e-01,3.976610115498259157e-01,4.020926581708994529e-01,-7.721957861598476303e-01
1.283000000000000007e+01,4.079311106513940910e-01,4.079311154007473350e-01,4.079315855863498985e-01,4.079786009534591695e-01,4.126463662459254333e-01,-7.784928986661353578e-01
1.283999999999999986e+01,4.180018812192127786e-01,4.180018862012949699e-01,4.180023794270666393e-01,4.180516987792559647e-01,4.229495142391868079e-01,-7.847198673043784822e-01
1.284999999999999964e+01,4.278232597143962757e-01,4.278232649228655982e-01,4.278237805609529376e-01,4.278753411058880962e-01,4.329969186184764451e-01,-7.908439501841456609e-01
1.285999999999999943e+01,4.373904819773256625e-01,4.373904874056313563e-01,4.373910248075029705e-01,4.374447616715809728e-01,4.427836131585063395e-01,-7.968312613672220435e-01
1.287000000000000099e+01,4.466989793284535937e-01,4.466989849698549953e-01,4.466995434682087818e-01,4.467553899241005766e-01,4.523048467088234270e-01,-8.026468362076342178e-01
1.288000000000000078e+01,4.557443763488192578e-01,4.557443821964055619e-01,4.557449611070629736e-01,4.558028487502449044e-01,4.615560805818190726e-01,-8.082546955958270773e-01
1.289000000000000057e+01,4.645224883191544918e-01,4.645224943658631256e-01,4.645230929896138061e-01,4.645829519038442990e-01,4.705329855892922963e-01,-8.136179051981646815e-01
1.290000000000000036e+01,4.730293184192869149e-01,4.730293246579214683e-01,4.730299422823383004e-01,4.730917012200723804e-01,4.792314387520567598e-01,-8.186986262168031159e-01
1.291000000000000014e+01,4.812610547162026187e-01,4.812610611394512183e-01,4.812616970406614625e-01,4.813252836195576756e-01,4.876475197143039786e-01,-8.234581531516113051e-01
1.291999999999999993e+01,4.892140669648089579e-01,4.892140735652615868e-01,4.892147270096712242e-01,4.892800678774146261e-01,4.957775069943463619e-01,-8.278569341775696699e-01
1.292999999999999972e+01,4.968849032472094085e-01,4.968849100173747813e-01,4.968855802633400653e-01,4.969526012583438956e-01,5.036178740003780518e-01,-8.318545690992259489e-01
1.293999999999999950e+01,5.042702864725137069e-01,5.042702934048354235e-01,5.042709797042781439e-01,5.043396060170766138e-01,5.111652848807530791e-01,-8.354097796895223471e-01
1.295000000000000107e+01,5.113671107655139991e-01,5.113671178523865324e-01,5.113678194523524345e-01,5.114379757951584837e-01,5.184165902688661065e-01,-8.384803466886424639e-01
1.296000000000000085e+01,5.181724378087827487e-01,5.181724450425664319e-01,5.181731611867297360e-01,5.182447719367124783e-01,5.253688229436559443e-01,-8.410230071813773467e-01
1.297000000000000064e+01,5.246834931061591378e-01,5.246835004791947643e-01,5.246842304092971254e-01,5.247572197469403399e-01,5.320191934355783525e-01,-8.429933057330573076e-01
1.298000000000000043e+01,5.308976622293211101e-01,5.308976697339439221e-01,5.308984126911748813e-01,5.309727047416286094e-01,5.383650856016304331e-01,-8.443453914924800019e-01
1.299000000000000021e+01,5.368124870650342606e-01,5.368124946935872721e-01,5.368132499199035346e-01,5.368887688865080499e-01,5.444040522092655765e-01,-8.450317527556312491e-01
1.300000000000000000e+01,5.424256620848284527e-01,5.424256698296749946e-01,5.424264365690598666e-01,5.425031068579792004e-01,5.501338105801489853e-01,-8.450028785913473728e-01
1.300999999999999979e+01,5.477350306597539298e-01,5.477350385132899735e-01,5.477358160129524034e-01,5.478135623528568310e-01,5.555522382676025828e-01,-8.442068358503020953e-01
1.301999999999999957e+01,5.527385814412781873e-01,5.527385893959440022e-01,5.527393769074573360e-01,5.528181244638163960e-01,5.606573688349367757e-01,-8.425887469280705089e-01
1.303000000000000114e+01,5.574344448308450328e-01,5.574344528791358444e-01,5.574352496595200712e-01,5.575149241424005586e-01,5.654473877427526052e-01,-8.400901503880875421e-01
1.304000000000000092e+01,5.618208895558198801e-01,5.618208976902960838e-01,5.618217030030431269e-01,5.619022307696652785e-01,5.699206283677565876e-01,-8.366482233363182752e-01
1.305000000000000071e+01,5.658963193698930416e-01,5.658963275831904172e-01,5.658971406992341358e-01,5.659784488513057710e-01,5.740755681707150337e-01,-8.321948385646754653e-01
1.306000000000000050e+01,5.696592698966025381e-01,5.696592781814411310e-01,5.696600983800739204e-01,5.697421148540307012e-01,5.779108250321819407e-01,-8.266554248562285601e-01
1.307000000000000028e+01,5.731084056286586126e-01,5.731084139778517272e-01,5.731092405475888274e-01,5.731918942016740459e-01,5.814251537783161616e-01,-8.199475920836102327e-01
1.308000000000000007e+01,5.762425171005054469e-01,5.762425255069676400e-01,5.762433577463634826e-01,5.763265784445265050e-01,5.846174429006028017e-01,-8.119794789988294959e-01
1.308999999999999986e+01,5.790605182509607207e-01,5.790605267077161278e-01,5.790613639261312784e-01,5.791450826129340701e-01,5.874867114911802579e-01,-8.026477793064497046e-01
1.309999999999999964e+01,5.815614439825289583e-01,5.815614524827175114e-01,5.815622940010390929e-01,5.816464427703331719e-01,5.900321064010316530e-01,-7.918354121713426785e-01
1.310999999999999943e+01,5.837444479268183439e-01,5.837444564637037647e-01,5.837453016150226937e-01,5.838298137809854182e-01,5.922528996319227357e-01,-7.794088339547424749e-01
1.312000000000000099e+01,5.856088004372567157e-01,5.856088090042321781e-01,5.856096571344776569e-01,5.856944672968019683e-01,5.941484859727000911e-01,-7.652150700279555240e-01
1.313000000000000078e+01,5.871538868091934482e-01,5.871538953997877952e-01,5.871547458683210596e-01,5.872397899674119959e-01,5.957183808866290953e-01,-7.490787238988727559e-01
1.314000000000000057e+01,5.883792057347916327e-01,5.883792143426751498e-01,5.883800665228438032e-01,5.884652818966031873e-01,5.969622186502571148e-01,-7.307995934695759033e-01
1.315000000000000036e+01,5.892843680023506225e-01,5.892843766213400336e-01,5.892852299009949668e-01,5.893705553401329400e-01,5.978797507574581394e-01,-7.101522483810778219e-01
1.316000000000000014e+01,5.898690954506767836e-01,5.898691040747400249e-01,5.898699578567183632e-01,5.899553336506762058e-01,5.984708445868384130e-01,-6.868902310555049517e-01
1.316999999999999993e+01,5.901332201745156381e-01,5.901332287977767432e-01,5.901340825003464907e-01,5.902194504769384675e-01,5.987354823334903875e-01,-6.607596170865011054e-01
1.317999999999999972e+01,5.900766839797928487e-01,5.900766925965357235e-01,5.900775456538099872e-01,5.901628492254564762e-01,5.986737602072971232e-01,-6.315291070670027151e-01
1.318999999999999950e+01,5.896995381083275367e-01,5.896995467129998447e-01,5.897003985753181965e-01,5.897855827791841365e-01,5.982858879014426590e-01,-5.990442546734604523e-01
1.320000000000000107e+01,5.890019432180547687e-01,5.890019518052720393e-01,5.890028019395503467e-01,5.890878134677041134e-01,5.975721883260620704e-01,-5.633058032366807799e-01
1.321000000000000085e+01,5.879841696201093537e-01,5.879841781846576465e-01,5.879850260747074842e-01,5.880698133080035639e-01,5.965330975969241889e-01,-5.245496067241555149e-01
1.322000000000000064e+01,5.866465977742144622e-01,5.866466063110531426e-01,5.866474514578721156e-01,5.867319644983766125e-01,5.951691652912257657e-01,-4.832771797994548368e-01
1.323000000000000043e+01,5.849897190448846152e-01,5.849897275491495741e-01,5.849905694711832194e-01,5.850747601650672092e-01,5.934810549538033220e-01,-4.401908464402753962e-01
1.324000000000000021e+01,5.830141367027460442e-01,5.830141451697516963e-01,5.830149834031249645e-01,5.830988053605578036e-01,5.914695448490299157e-01,-3.960509087792540850e-01
1.325000000000000000e+01,5.807205671683096648e-01,5.807205755935509472e-01,5.807214096922724833e-01,5.808048183132050735e-01,5.891355289533668493e-01,-3.515345372345572428e-01
1.325999999999999979e+01,5.781098415028410598e-01,5.781098498819954301e-01,5.781106794181347652e-01,5.781936319098930355e-01,5.864800181842331206e-01,-3.071611836364361303e-01
1.326999999999999957e+01,5.751829071281424621e-01,5.751829154570713420e-01,5.751837400209053319e-01,5.752661954088648111e-01,5.835041418463963181e-01,-2.632872691426367262e-01
1.328000000000000114e+01,5.719408297661585650e-01,5.719408380409085613e-01,5.719416572410396249e-01,5.720235763814727203e-01,5.802091492891405800e-01,-2.201374639669313182e-01
1.329000000000000092e+01,5.683847955920199313e-01,5.683848038088235022e-01,5.683856172722706601e-01,5.684669628674170472e-01,5.765964117686555035e-01,-1.778433544010443179e-01
1.330000000000000071e+01,5.645161135951356490e-01,5.645161217504121032e-01,5.645169291226765917e-01,5.645976657268600984e-01,5.726674244981500017e-01,-1.364758015700607285e-01
1.331000000000000050e+01,5.603362181324406111e-01,5.603362262227959967e-01,5.603370271678848047e-01,5.604171211807816855e-01,5.684238088677410206e-01,-9.606802276284592823e-02
1.332000000000000028e+01,5.558466716415736419e-01,5.558466796638008578e-01,5.558474738642276147e-01,5.559268935319895411e-01,5.638673148230333165e-01,-5.663076385838411442e-02
1.333000000000000007e+01,5.510491675341393503e-01,5.510491754852182567e-01,5.510499626419713692e-01,5.511286780585800127e-01,5.589998233920253634e-01,-1.816181433099883780e-02
1.333999999999999986e+01,5.459455332315217291e-01,5.459455411086178156e-01,5.459463209410958529e-01,5.460243040497522182e-01,5.538233493491090398e-01,1.934821996389646248e-02
1.334999999999999964e+01,5.405377333306957688e-01,5.405377411311597102e-01,5.405385133770681527e-01,5.406157379458752521e-01,5.483400439760232059e-01,5.591252863144857699e-02
1.335999999999999943e+01,5.348278728803832482e-01,5.348278806017491283e-01,5.348286450169614792e-01,5.349050866296950479e-01,5.425521979099554581e-01,9.154620208226371680e-02
1.337000000000000099e+01,5.288182007524958594e-01,5.288182083924795052e-01,5.288189647508589886e-01,5.288946007936531357e-01,5.364622440836992467e-01,1.262652649733921884e-01
1.338000000000000078e+01,5.225111130932313941e-01,5.225111206497281557e-01,5.225118687429159969e-01,5.225866783847594732e-01,5.300727607106764383e-01,1.600862832544575065e-01
1.339000000000000057e+01,5.159091568362413893e-01,5.159091643073238087e-01,5.159099039444885459e-01,5.159838681026991392e-01,5.233864743028002753e-01,1.930263221654942019e-01
1.340000000000000036e+01,5.090150332298759572e-01,5.090150406137899930e-01,5.090157716213106198e-01,5.090888729318600037e-01,5.164062626995082894e-01,2.251031135993010190e-01
1.341000000000000014e+01,5.018316013846724211e-01,5.018316086798348952e-01,5.018323309009635746e-01,5.019045536873152358e-01,5.091351580896646967e-01,2.563353407232806802e-01
1.341999999999999993e+01,4.943618818152474281e-01,4.943618890202414740e-01,4.943626023147068560e-01,4.944339325512689398e-01,5.015763500077599080e-01,2.867429780613113266e-01
1.342999999999999972e+01,4.866090599390025528e-01,4.866090670525731188e-01,4.866097712961355293e-01,4.866801965602933766e-01,4.937331882762298618e-01,3.163476436192169672e-01
1.343999999999999950e+01,4.785764895171599198e-01,4.785764965382092173e-01,4.785771916221658318e-01,4.786467010454026338e-01,4.856091858540295680e-01,3.451729324156043166e-01
1.345000000000000107e+01,4.702676960100935499e-01,4.702677029376748363e-01,4.702683887683098418e-01,4.703369729802789889e-01,4.772080216079013226e-01,3.732447060079373546e-01
1.346000000000000085e+01,4.616863798198395097e-01,4.616863866531514260e-01,4.616870631511316159e-01,4.617547142182499842e-01,4.685335429501701343e-01,4.005913222035623056e-01
1.347000000000000064e+01,4.528364193930557446e-01,4.528364261314355987e-01,4.528370932311496233e-01,4.529038045932071155e-01,4.595897683317057281e-01,4.272437892251558234e-01
1.348000000000000043e+01,4.437218741635052255e-01,4.437218808064216091e-01,4.437225384552644369e-01,4.437883048545211429e-01,4.503808895651125743e-01,4.532358358664675957e-01
1.349000000000000021e+01,4.343469873000301851e-01,4.343469938470752023e-01,4.343476420046709086e-01,4.344124594057242050e-01,4.409112739550514748e-01,4.786038907301555234e-01
1.350000000000000000e+01,4.247161882324874682e-01,4.247161946833685198e-01,4.247168333207341773e-01,4.247806988256908056e-01,4.311854662128660198e-01,5.033869692240344751e-01
1.350999999999999979e+01,4.148340949325148297e-01,4.148341012870452316e-01,4.148347303856997348e-01,4.148976421496152200e-01,4.212081901326995004e-01,5.276264690611005559e-01
1.351999999999999957e+01,4.047055159234785315e-01,4.047055221815678561e-01,4.047061417325821253e-01,4.047680988660662393e-01,4.109843500043891540e-01,5.513658798757872237e-01
1.353000000000000114e+01,3.943354519863895291e-01,3.943354581480340015e-01,3.943360681510208465e-01,3.943970706134534154e-01,4.005190317460513016e-01,5.746504152108626862e-01
1.354000000000000092e+01,3.837290975282906524e-01,3.837291035935618821e-01,3.837297040556074679e-01,3.837897525526292042e-01,3.898175037301517820e-01,5.975265786678716218e-01
1.355000000000000071e+01,3.728918416030858607e-01,3.728918475721196835e-01,3.728924385066743064e-01,3.729515343858854637e-01,3.788852172853850453e-01,6.200416778751248748e-01
1.356000000000000050e+01,3.618292685596614655e-01,3.618292744326460642e-01,3.618298558583534774e-01,3.618880009884073989e-01,3.677278068575857706e-01,6.422433020710767160e-01
1.357000000000000028e+01,3.505471582681155551e-01,3.505471640452795246e-01,3.505477359847611885e-01,3.506049326254940812e-01,3.563510898083308565e-01,6.641787797201395005e-01
1.358000000000000007e+01,3.390514859206237852e-01,3.390514916022230874e-01,3.390520540808225625e-01,3.391083047671876738e-01,3.447610658306442533e-01,6.858946330102061451e-01
1.358999999999999986e+01,3.273484213866060255e-01,3.273484269729112217e-01,3.273489800174035347e-01,3.274042874308171758e-01,3.329639159653081659e-01,7.074360450452685800e-01
1.359999999999999964e+01,3.154443280952041184e-01,3.154443335864867692e-01,3.154448772237546939e-01,3.154992440504141848e-01,3.209660012234685222e-01,7.288463545505508012e-01
1.360999999999999943e+01,3.033457614142087144e-01,3.033457668107277794e-01,3.033463010664053106e-01,3.033997298595101366e-01,3.087738607757336551e-01,7.501665904402509133e-01
1.362000000000000099e+01,2.910594665110298740e-01,2.910594718130178338e-01,2.910599967101272223e-01,2.911124897708634585e-01,2.963942097069249826e-01,7.714350569143906267e-01
1.363000000000000078e+01,2.785923757258197964e-01,2.785923809334689416e-01,2.785928964910510119e-01,2.786444557265572164e-01,2.838339363296493723e-01,7.926869761856327745e-01
1.364000000000000057e+01,2.659516053722801865e-01,2.659516104857287400e-01,2.659521167174610512e-01,2.660027434935942625e-01,2.711000990531011734e-01,8.139541940886885207e-01
1.365000000000000036e+01,2.531444519962472439e-01,2.531444570155653162e-01,2.531449539283945338e-01,2.531946489336873163e-01,2.581999227964812960e-01,8.352649500285423967e-01
1.366000000000000014e+01,2.401783880847918606e-01,2.401783930099680719e-01,2.401788806027652656e-01,2.402276437260538189e-01,2.451407949369109052e-01,8.566437113255380709e-01
1.366999999999999993e+01,2.270610572229348756e-01,2.270610620538630609e-01,2.270615403161079793e-01,2.271093705067717405e-01,2.319302607866413068e-01,8.781110689392813695e-01
1.367999999999999972e+01,2.138002686830821619e-01,2.138002734195481591e-01,2.138007423300474497e-01,2.138476374560376314e-01,2.185760186409745343e-01,8.996836897249921305e-01
1.368999999999999950e+01,2.004039914347289231e-01,2.004039960763983608e-01,2.004044556020445622e-01,2.004504123381079805e-01,2.050859143562448472e-01,9.213743200557998891e-01
1.370000000000000107e+01,1.868803476234447980e-01,1.868803521698512715e-01,1.868808022644760092e-01,1.869258159924148399e-01,1.914679354718485937e-01,9.431918322672989685e-01
1.371000000000000085e+01,1.732376055254278846e-01,1.732376099759619648e-01,1.732380505792316949e-01,1.732821152702261891e-01,1.777302048936077739e-01,9.651413068440380938e-01
1.372000000000000064e+01,1.594841719333634222e-01,1.594841762872624413e-01,1.594846073236661499e-01,1.595277154187050017e-01,1.638809741547452570e-01,9.872241433335227079e-01
1.373000000000000043e+01,1.456285840405399379e-01,1.456285882968785805e-01,1.456290096748086293e-01,1.456711520045905761e-01,1.499286162633719499e-01,1.009438189842891909e+00
1.374000000000000021e+01,1.316795008399805067e-01,1.316795049976626775e-01,1.316799166086040085e-01,1.317210823233751216e-01,1.358816181436883763e-01,1.031777885211955237e+00
1.375000000000000000e+01,1.176456940602085138e-01,1.176456981179602457e-01,1.176460998357922588e-01,1.176862763227879971e-01,1.217485726799270168e-01,1.054234405570668276e+00
1.375999999999999979e+01,1.035360386516302744e-01,1.035360426079938723e-01,1.035364342884077804e-01,1.035756071008249457e-01,1.075381703923029009e-01,1.076795808790643294e+00
1.376999999999999957e+01,8.935950284011748290e-02,8.935950669344683295e-02,8.935988817348003432e-02,8.939804099710671470e-02,9.325919083367448237e-02,1.099447171299013259e+00
1.378000000000000114e+01,7.512513781154303572e-02,7.512514156000067722e-02,7.512551265773968756e-02,7.516262730640221879e-02,7.892049360260067203e-02,1.122170710982164366e+00
1.379000000000000092e+01,6.084206711779683446e-02,6.084207075935210707e-02,6.084243127375295324e-02,6.087848764078875041e-02,6.453100909336755009e-02,1.144945892022361189e+00
1.380000000000000071e+01,4.651947570014176858e-02,4.651947923257039597e-02,4.651982894342769626e-02,4.655480499857229254e-02,5.009972898653367035e-02,1.167749506942724613e+00
1.381000000000000050e+01,3.216659869655754539e-02,3.216660211744284958e-02,3.216694078550982883e-02,3.220081259853577876e-02,3.563569651306617431e-02,1.190555732262744248e+00
1.382000000000000028e+01,1.779271003271865742e-02,1.779271333945435518e-02,1.779304070671378774e-02,1.782578247226777185e-02,2.114799651971732350e-02,1.213336153871925616e+00
1.383000000000000007e+01,3.407110849616868699e-03,3.407114039411323313e-03,3.407429829496949874e-03,3.439013905559707394e-03,6.645745363222706030e-03,1.236059758714677770e+00
1.383999999999999986e+01,-1.098088218939556084e-02,-1.098087911951354037e-02,-1.098057520074848664e-02,-1.095017823830458405e-02,-7.861919325569483030e-03,1.258692889116919122e+00
1.384999999999999964e+01,-2.536194866777242291e-02,-2.536194572094637584e-02,-2.536165398471704538e-02,-2.533247526343924624e-02,-2.236584894679669033e-02,1.281199155993822281e+00
1.385999999999999943e+01,-3.972677619009135075e-02,-3.972677336962852912e-02,-3.972649414335559931e-02,-3.969856640801414788e-02,-3.685689432179280883e-02,1.303539306557931488e+00
1.387000000000000099e+01,-5.406607212724522799e-02,-5.406606943660663411e-02,-5.406580306292457783e-02,-5.403916058309821135e-02,-5.132591609088243967e-02,1.325671041802623851e+00
1.388000000000000078e+01,-6.837057528887748037e-02,-6.837057273166638471e-02,-6.837031956729880400e-02,-6.834499802081250852e-02,-6.576379509488147757e-02,1.347548777989199476e+00
1.389000000000000057e+01,-8.263106745959625243e-02,-8.263106503954564808e-02,-8.263082545406000290e-02,-8.260686180396256684e-02,-8.016144270142408490e-02,1.369123344190323222e+00
1.390000000000000036e+01,-9.683838476110764870e-02,-9.683838248206642907e-02,-9.683815685651642191e-02,-9.681558921380774285e-02,-9.450981104062713967e-02,1.390341610870124534e+00
1.391000000000000014e+01,-1.109834287897344257e-01,-1.109834266556528060e-01,-1.109832153811180222e-01,-1.109620828572220746e-01,-1.087999031152230706e-01,1.411146037853810986e+00
1.391999999999999993e+01,-1.250571774818867998e-01,-1.250571754968007876e-01,-1.250569789728352699e-01,-1.250373215283031303e-01,-1.230227827456502054e-01,1.431474129626602032e+00
1.392999999999999972e+01,-1.390506956738557509e-01,-1.390506938418704097e-01,-1.390505124748743215e-01,-1.390323707572268530e-01,-1.371695843116281233e-01,1.451257790045111351e+00
1.393999999999999950e+01,-1.529551453126406502e-01,-1.529551436379130991e-01,-1.529549778394357629e-01,-1.529383930075949583e-01,-1.512315222701247353e-01,1.470422560569420778e+00
1.395000000000000107e+01,-1.667617952742011522e-01,-1.667617937609227607e-01,-1.667616439459119193e-01,-1.667466574991513795e-01,-1.651999004026679096e-01,1.488886730650878842e+00
1.396000000000000085e+01,-1.804620307624210662e-01,-1.804620294147993853e-01,-1.804618959998111061e-01,-1.804485496024074709e-01,-1.790661207709932645e-01,1.506560310025039984e+00
1.397000000000000064e+01,-1.940473622639981022e-01,-1.940473610862386289e-01,-1.940472444876201741e-01,-1.940355797817380767e-01,-1.928216923510384651e-01,1.523343859538140332e+00
1.398000000000000043e+01,-2.075094340237910728e-01,-2.075094330200787374e-01,-2.075093336521358078e-01,-2.074993920680567316e-01,-2.064582393156911000e-01,1.539127188478873309e+00
1.399000000000000021e+01,-2.208400320067079869e-01,-2.208400311811885008e-01,-2.208399494543488717e-01,-2.208317720355171265e-01,-2.199675089385951243e-01,1.553787951340435569e+00
1.400000000000000000e+01,-2.340310913424461792e-01,-2.340310906992077444e-01,-2.340310270182024421e-01,-2.340246542512802730e-01,-2.333413791038627672e-01,1.567190217243352279e+00
1.400999999999999979e+01,-2.470747032566307788e-01,-2.470747027996858247e-01,-2.470746575617476792e-01,-2.470701291750855288e-01,-2.465718654086984096e-01,1.579183152454558758e+00
1.401999999999999957e+01,-2.599631214238767307e-01,-2.599631211571440392e-01,-2.599630947502423739e-01,-2.599604495422852546e-01,-2.596511278214724272e-01,1.589600063850222789e+00
1.403000000000000114e+01,-2.726887677706906765e-01,-2.726887676979782293e-01,-2.726887604990985148e-01,-2.726880361758713400e-01,-2.725714768920246001e-01,1.598258206222658906e+00
1.404000000000000092e+01,-2.852442377232864978e-01,-2.852442378482744623e-01,-2.852442502217538700e-01,-2.852454832278067398e-01,-2.853253795053390385e-01,1.604959968374596091e+00
1.405000000000000071e+01,-2.976223048951788241e-01,-2.976223052214036491e-01,-2.976223375173300822e-01,-2.976255628639679074e-01,-2.979054641704070860e-01,1.609496294921960668e+00
1.406000000000000050e+01,-3.098159252027116173e-01,-3.098159257335503236e-01,-3.098159782862307532e-01,-3.098212293967731457e-01,-3.103045258314510724e-01,1.611653396681248296e+00
1.407000000000000028e+01,-3.218182404051468937e-01,-3.218182411438019752e-01,-3.218183142703099353e-01,-3.218256228596408364e-01,-3.225155301909846117e-01,1.611223773665049652e+00
1.408000000000000007e+01,-3.336225811381667850e-01,-3.336225820876531079e-01,-3.336226760864652308e-01,-3.336320720172581411e-01,-3.345316175415519178e-01,1.608022040887166826e+00
1.408999999999999986e+01,-3.452224693898570673e-01,-3.452224705529888249e-01,-3.452225857027045874e-01,-3.452340968325738890e-01,-3.463461061537716490e-01,1.601904726879341823e+00
1.409999999999999964e+01,-3.566116204415684665e-01,-3.566116218209470778e-01,-3.566117583791040824e-01,-3.566254104617218590e-01,-3.579524951626283924e-01,1.592791139280982371e+00
1.410999999999999943e+01,-3.677839443066254765e-01,-3.677839459046284842e-01,-3.677841041066134409e-01,-3.677999206888397099e-01,-3.693444669827930515e-01,1.580680308929164335e+00
1.412000000000000099e+01,-3.787335466897940872e-01,-3.787335485085654430e-01,-3.787337285666240172e-01,-3.787517308840836483e-01,-3.805158892610291388e-01,1.565658407800212926e+00
1.413000000000000078e+01,-3.894547294784950209e-01,-3.894547315199356485e-01,-3.894549336222802860e-01,-3.894751404950822504e-01,-3.914608163850913369e-01,1.547893128931884021e+00
1.414000000000000057e+01,-3.999419907743473335e-01,-3.999419930401078016e-01,-3.999422173501224198e-01,-3.999646451002393244e-01,-4.021734905584756214e-01,1.527615861103508221e+00
1.415000000000000036e+01,-4.101900244763307946e-01,-4.101900269678034894e-01,-4.101902736233462576e-01,-4.102149360351630136e-01,-4.126483424486797613e-01,1.505096696108975340e+00
1.416000000000000014e+01,-4.201937195066364206e-01,-4.201937222249501058e-01,-4.201939913377569225e-01,-4.202208996041150169e-01,-4.228799914181672337e-01,1.480618914734979086e+00
1.416999999999999993e+01,-4.299481586639226083e-01,-4.299481616099369852e-01,-4.299484532651143276e-01,-4.299776158949768501e-01,-4.328632453485726783e-01,1.454458167497637566e+00
1.417999999999999972e+01,-4.394486170884751575e-01,-4.394486202627768123e-01,-4.394489345183878459e-01,-4.394803573103166494e-01,-4.425931001238326279e-01,1.426868650205062483e+00
1.418999999999999950e+01,-4.486905604278169646e-01,-4.486905638307158162e-01,-4.486909007174545438e-01,-4.487245867402371857e-01,-4.520647387928946603e-01,1.398076012900575149e+00
1.420000000000000107e+01,-4.576696427105785281e-01,-4.576696463421056071e-01,-4.576700058630555068e-01,-4.577059554280962228e-01,-4.612735303345203430e-01,1.368275390180385020e+00
1.421000000000000085e+01,-4.663817039575595125e-01,-4.663817078174655184e-01,-4.663820899479380055e-01,-4.664203005853612138e-01,-4.702150281596443326e-01,1.337632677864210251e+00
1.422000000000000064e+01,-4.748227675501600631e-01,-4.748227716379141428e-01,-4.748231763253641935e-01,-4.748636427695682727e-01,-4.788849683264782553e-01,1.306287505629679213e+00
1.423000000000000043e+01,-4.829890373761687172e-01,-4.829890416909586315e-01,-4.829894688549716819e-01,-4.830321830526279614e-01,-4.872792675016427433e-01,1.274356844928493881e+00
1.424000000000000021e+01,-4.908768947946237082e-01,-4.908768993353561649e-01,-4.908773488677000696e-01,-4.909223000009724780e-01,-4.953940206892317732e-01,1.241938623880140424e+00
1.425000000000000000e+01,-4.984828954867688844e-01,-4.984829002520709818e-01,-4.984833720168115323e-01,-4.985305464892235139e-01,-5.032254987499154009e-01,1.209115028858917418e+00
1.425999999999999979e+01,-5.058037661258107942e-01,-5.058037711140312975e-01,-5.058042649477056951e-01,-5.058536464041275549e-01,-5.107701457384364874e-01,1.175955364618928911e+00
1.426999999999999957e+01,-5.128364009710346672e-01,-5.128364061802467289e-01,-5.128369218920886263e-01,-5.128884912499103166e-01,-5.180245761068282828e-01,1.142518451397904533e+00
1.428000000000000114e+01,-5.195778583832103559e-01,-5.195778638112139580e-01,-5.195784011834266858e-01,-5.196321366571697853e-01,-5.249855717587309512e-01,1.108854590995174139e+00
1.429000000000000092e+01,-5.260253572904407537e-01,-5.260253629347662052e-01,-5.260259217228395734e-01,-5.260817988550301472e-01,-5.316500790108839025e-01,1.075007155008857129e+00
1.430000000000000071e+01,-5.321762736278418116e-01,-5.321762794857529677e-01,-5.321768594188198698e-01,-5.322348511150064576e-01,-5.380152054778128967e-01,1.041013853706906689e+00
1.431000000000000050e+01,-5.380281367735854081e-01,-5.380281428420838896e-01,-5.380287436233118781e-01,-5.380888201929254766e-01,-5.440782169051152639e-01,1.006907740792808648e+00
1.432000000000000028e+01,-5.435786260095861744e-01,-5.435786322854159192e-01,-5.435792535924293123e-01,-5.436413827915328456e-01,-5.498365339765096671e-01,9.727180031744006028e-01
1.433000000000000007e+01,-5.488255670263093577e-01,-5.488255735059603957e-01,-5.488262149912915833e-01,-5.488903620659818516e-01,-5.552877291189811659e-01,9.384705779021959016e-01
1.433999999999999986e+01,-5.537669284893130817e-01,-5.537669351690270858e-01,-5.537675964605914825e-01,-5.538337241956748924e-01,-5.604295233296976431e-01,9.041886319333189981e-01
1.434999999999999964e+01,-5.584008186936684215e-01,-5.584008255694433709e-01,-5.584015062710361299e-01,-5.584695750385932911e-01,-5.652597830474039853e-01,8.698929347553793212e-01
1.435999999999999943e+01,-5.627254823203621248e-01,-5.627254893879574116e-01,-5.627261890797685684e-01,-5.627961568916484136e-01,-5.697765170899122822e-01,8.356021492593568301e-01
1.437000000000000099e+01,-5.667392973151739177e-01,-5.667393045701160093e-01,-5.667400228092629444e-01,-5.668118453721189276e-01,-5.739778736805576376e-01,8.013330623954298959e-01
1.438000000000000078e+01,-5.704407719097625007e-01,-5.704407793473503796e-01,-5.704415156684224941e-01,-5.705151464368765080e-01,-5.778621375830195195e-01,7.671007740315837209e-01
1.439000000000000057e+01,-5.738285417986770387e-01,-5.738285494139876430e-01,-5.738293033296057999e-01,-5.739046935585375708e-01,-5.814277273618844166e-01,7.329188599105441737e-01
1.440000000000000036e+01,-5.769013674801015679e-01,-5.769013752679954532e-01,-5.769021462693810776e-01,-5.769792450760055091e-01,-5.846731927895635339e-01,6.987995227787759944e-01
1.441000000000000014e+01,-5.796581317884460516e-01,-5.796581397435742744e-01,-5.796589273011275578e-01,-5.797376817223074408e-01,-5.875972124195864010e-01,6.647537420776907791e-01
1.441999999999999993e+01,-5.820978376223322481e-01,-5.820978457391405847e-01,-5.820986493030286812e-01,-5.821790043513029866e-01,-5.901985913404375061e-01,6.307914342096208049e-01
1.442999999999999972e+01,-5.842196058789388413e-01,-5.842196141516751151e-01,-5.842204331524274430e-01,-5.843023318766307206e-01,-5.924762591149097535e-01,5.969216298809595367e-01
1.443999999999999950e+01,-5.860226736066170838e-01,-5.860226820293368277e-01,-5.860235158784486975e-01,-5.861068994272525812e-01,-5.944292679380177580e-01,5.631526760373045670e-01
1.445000000000000107e+01,-5.875063923898050655e-01,-5.875064009563776279e-01,-5.875072490469196440e-01,-5.875920567288518415e-01,-5.960567910132281710e-01,5.294924674081528115e-01
1.446000000000000085e+01,-5.886702269733373738e-01,-5.886702356774522471e-01,-5.886710973846885908e-01,-5.887572667232134904e-01,-5.973581211602795316e-01,4.959487107815699902e-01
1.447000000000000064e+01,-5.895137541166723949e-01,-5.895137629518458766e-01,-5.895146376338606942e-01,-5.896021044370461928e-01,-5.983326696652078169e-01,4.625292251702584623e-01
1.448000000000000043e+01,-5.900366617098420363e-01,-5.900366706694227803e-01,-5.900375576677537870e-01,-5.901262560918416611e-01,-5.989799653851763939e-01,4.292422781112062991e-01
1.449000000000000021e+01,-5.902387481396590418e-01,-5.902387572168352747e-01,-5.902396558571163521e-01,-5.903295184669203888e-01,-5.992996541164978819e-01,3.960969582823520296e-01
1.450000000000000000e+01,-5.901199219105566218e-01,-5.901199310983623603e-01,-5.901208406909773663e-01,-5.902117985262912425e-01,-5.992914982183865646e-01,3.631035841903867967e-01
1.450999999999999979e+01,-5.896802015233799654e-01,-5.896802108147023436e-01,-5.896811306554482490e-01,-5.897731133007149129e-01,-5.989553765162890508e-01,3.302741467531978281e-01
1.451999999999999957e+01,-5.889197156184903248e-01,-5.889197250060754785e-01,-5.889206543768386037e-01,-5.890135900276186609e-01,-5.982912844792824814e-01,2.976227842269144053e-01
1.453000000000000114e+01,-5.878387033813963214e-01,-5.878387128578570486e-01,-5.878396510273027342e-01,-5.879334665525443038e-01,-5.972993346732642372e-01,2.651662867127717593e-01
1.454000000000000092e+01,-5.864375151929240859e-01,-5.864375247507468414e-01,-5.864384709750243285e-01,-5.865330919950579869e-01,-5.959797574904376338e-01,2.329246269526286661e-01
1.455000000000000071e+01,-5.847166135486224769e-01,-5.847166231801743663e-01,-5.847175767036386640e-01,-5.848129276612740179e-01,-5.943329021580260330e-01,2.009215111939843257e-01
1.456000000000000050e+01,-5.826765742249753188e-01,-5.826765839225118704e-01,-5.826775439784637189e-01,-5.827735482097665676e-01,-5.923592380281706982e-01,1.691849412304586853e-01
1.457000000000000028e+01,-5.803180876908363706e-01,-5.803180974465091957e-01,-5.803190632579557917e-01,-5.804156430694178415e-01,-5.900593561344313898e-01,1.377477705853796253e-01
1.458000000000000007e+01,-5.776419607595255634e-01,-5.776419705653902392e-01,-5.776429413458281648e-01,-5.777400180966898446e-01,-5.874339710122097324e-01,1.066482254198464208e-01
1.458999999999999986e+01,-5.746491184782074324e-01,-5.746491283262314953e-01,-5.746501032804518516e-01,-5.747475974612035188e-01,-5.844839227892921762e-01,7.593033856390246639e-02
1.459999999999999964e+01,-5.713406062368610039e-01,-5.713406161189326093e-01,-5.713415944438566818e-01,-5.714394257549995082e-01,-5.812101795254516201e-01,4.564420889750592236e-02
1.460999999999999943e+01,-5.677175920908874573e-01,-5.677176019988237066e-01,-5.677185828843629434e-01,-5.678166703213864963e-01,-5.776138397955279391e-01,1.584594110071840811e-02
1.462000000000000099e+01,-5.637813692911508578e-01,-5.637813792167074567e-01,-5.637823618466535347e-01,-5.638806237974809399e-01,-5.736961355049575717e-01,-1.340296453578920799e-02
1.463000000000000078e+01,-5.595333590058462203e-01,-5.595333689407260280e-01,-5.595343524936728929e-01,-5.596327068281851114e-01,-5.694584349271296642e-01,-4.203711872167120722e-02
1.464000000000000057e+01,-5.549751132159314038e-01,-5.549751231517944250e-01,-5.549761068020961918e-01,-5.550744709615071937e-01,-5.649022459497495818e-01,-6.999012737303422771e-02
1.465000000000000036e+01,-5.501083177724575002e-01,-5.501083277009312100e-01,-5.501093106196939253e-01,-5.502076017204663438e-01,-5.600292195040156296e-01,-9.719943245207293692e-02
1.466000000000000014e+01,-5.449347956044111596e-01,-5.449348055171003846e-01,-5.449357868732108701e-01,-5.450339218149021780e-01,-5.548411531713923761e-01,-1.236136173219533341e-01
1.466999999999999993e+01,-5.394565100649657552e-01,-5.394565199534635536e-01,-5.394574989146488919e-01,-5.395553944838208382e-01,-5.493399949432180573e-01,-1.492022059591984751e-01
1.467999999999999972e+01,-5.336755683905820558e-01,-5.336755782464812636e-01,-5.336765539804158021e-01,-5.337741269497127128e-01,-5.435278471116675725e-01,-1.739668388906281116e-01
1.468999999999999950e+01,-5.275942252267079580e-01,-5.275942350416124027e-01,-5.275952067170642801e-01,-5.276923739684538095e-01,-5.374069702726748110e-01,-1.979509418911252205e-01
1.470000000000000107e+01,-5.212148862624965684e-01,-5.212148960280327259e-01,-5.212158628160444840e-01,-5.213125414576237349e-01,-5.309797874142834218e-01,-2.212435063701380655e-01
1.471000000000000085e+01,-5.145401119006444146e-01,-5.145401216084743989e-01,-5.145410826835858931e-01,-5.146371901772719415e-01,-5.242488880625932879e-01,-2.439731277782979380e-01
1.472000000000000064e+01,-5.075726209605146977e-01,-5.075726306023485845e-01,-5.075735851438598623e-01,-5.076690394251508476e-01,-5.172170324595696256e-01,-2.662920978404905714e-01
1.473000000000000043e+01,-5.003152943888468096e-01,-5.003153039564559590e-01,-5.003162511497274423e-01,-5.004109707597865775e-01,-5.098871557515973763e-01,-2.883553661598716733e-01
1.474000000000000021e+01,-4.927711789530764275e-01,-4.927711884383070284e-01,-4.927721274760978876e-01,-4.928660316945705500e-01,-5.022623721439327671e-01,-3.103016460796340081e-01
1.475000000000000000e+01,-4.849434908916792075e-01,-4.849435002864655453e-01,-4.849444303703068782e-01,-4.850374393524740091e-01,-4.943459789964545492e-01,-3.322418984372592643e-01
1.475999999999999979e+01,-4.768356194965583383e-01,-4.768356287929380599e-01,-4.768365491345364915e-01,-4.769285840533921128e-01,-4.861414608309718721e-01,-3.542560871282746104e-01
1.476999999999999957e+01,-4.684511306013962040e-01,-4.684511397915240294e-01,-4.684520496141981738e-01,-4.685430328046470971e-01,-4.776524932141171798e-01,-3.763958929447616675e-01
1.478000000000000114e+01,-4.597937699461339678e-01,-4.597937790222966781e-01,-4.597946775624375260e-01,-4.598845326647131859e-01,-4.688829464733966779e-01,-3.986902716327280771e-01
1.479000000000000092e+01,-4.508674663882775713e-01,-4.508674753429090520e-01,-4.508683618514626179e-01,-4.509570139603841232e-01,-4.598368892079936487e-01,-4.211515061096148815e-01
1.480000000000000071e+01,-4.416763349383391324e-01,-4.416763437640351952e-01,-4.416772175079995977e-01,-4.417645933252912771e-01,-4.505185915849909684e-01,-4.437805136353563107e-01
1.481000000000000050e+01,-4.322246795876391046e-01,-4.322246882771730858e-01,-4.322255485411076181e-01,-4.323115765227621976e-01,-4.409325283484336055e-01,-4.665709952725700660e-01
1.482000000000000028e+01,-4.225169958930540259e-01,-4.225170044393918856e-01,-4.225178505269315821e-01,-4.226024610309456753e-01,-4.310833815176216000e-01,-4.895124560675327974e-01
1.483000000000000007e+01,-4.125579732871116345e-01,-4.125579816834274438e-01,-4.125588129187933717e-01,-4.126419383640969052e-01,-4.209760427433990038e-01,-5.125922946793820545e-01
1.483999999999999986e+01,-4.023524971089398328e-01,-4.023525053486304293e-01,-4.023533210781270464e-01,-4.024348960948973541e-01,-4.106156152837867612e-01,-5.357971891200064007e-01
1.484999999999999964e+01,-3.919056502950662435e-01,-3.919056583717667186e-01,-3.919064579652644653e-01,-3.919864195401583373e-01,-4.000074155512255980e-01,-5.591139756299512431e-01
1.485999999999999943e+01,-3.812227147118980586e-01,-3.812227226194961904e-01,-3.812235054718848826e-01,-3.813017930884539108e-01,-3.891569741908897928e-01,-5.825301731833729679e-01
1.487000000000000099e+01,-3.703091721080032928e-01,-3.703091798406539237e-01,-3.703099453732577873e-01,-3.703865011631388149e-01,-3.780700366982999716e-01,-6.060342653338613994e-01
1.488000000000000078e+01,-3.591707046586712915e-01,-3.591707122108102612e-01,-3.591714598727557828e-01,-3.592462287479036842e-01,-3.667525634929955647e-01,-6.296158183037831035e-01
1.489000000000000057e+01,-3.478131950658915894e-01,-3.478132024322485027e-01,-3.478139317017783227e-01,-3.478868614775551538e-01,-3.552107294364291734e-01,-6.532654905043887572e-01
1.490000000000000036e+01,-3.362427261789434629e-01,-3.362427333545547348e-01,-3.362434437402748166e-01,-3.363144852687754427e-01,-3.434509227754291016e-01,-6.769749717083508589e-01
1.491000000000000014e+01,-3.244655801488024460e-01,-3.244655871290228477e-01,-3.244662781710642152e-01,-3.245353854636383595e-01,-3.314797434850847990e-01,-7.007368784612904022e-01
1.491999999999999993e+01,-3.124882370678258026e-01,-3.124882438483395641e-01,-3.124889151194395476e-01,-3.125560454509002106e-01,-3.193040009748487340e-01,-7.245446243725537361e-01
1.492999999999999972e+01,-3.003173730635058658e-01,-3.003173796403364459e-01,-3.003180307468197308e-01,-3.003831447423862544e-01,-3.069307111285296541e-01,-7.483922783877987595e-01
1.493999999999999950e+01,-2.879598578503063111e-01,-2.879598642198253344e-01,-2.879604948024735989e-01,-2.880235565381856766e-01,-2.943670927189361852e-01,-7.722744202627576104e-01
1.495000000000000107e+01,-2.754227517257617497e-01,-2.754227578846963898e-01,-2.754233676194990377e-01,-2.754843446963562981e-01,-2.816205631370242157e-01,-7.961860000496457923e-01
1.496000000000000085e+01,-2.627133019876043418e-01,-2.627133079330438159e-01,-2.627138965318223107e-01,-2.627727601258367240e-01,-2.686987334307470721e-01,-8.201222057752446393e-01
1.497000000000000064e+01,-2.498389387471215695e-01,-2.498389444765218292e-01,-2.498395116874234101e-01,-2.498962365990128331e-01,-2.556094026701231092e-01,-8.440783426042792748e-01
1.498000000000000043e+01,-2.368072701531769853e-01,-2.368072756643643806e-01,-2.368078212721967946e-01,-2.368623859797360787e-01,-2.423605516514373281e-01,-8.680497250197845016e-01
1.499000000000000021e+01,-2.236260770594414304e-01,-2.236260823506146522e-01,-2.236266061770417479e-01,-2.236789928500631519e-01,-2.289603359372616997e-01,-8.920315827263325392e-01
1.500000000000000000e+01,-2.103033070537912441e-01,-2.103033121235216019e-01,-2.103038140270979683e-01,-2.103540085209257837e-01,-2.154170782293102770e-01,-9.160189799928823984e-01
1.500999999999999979e+01,-1.968470679102580223e-01,-1.968470727574880286e-01,-1.968475526335335679e-01,-1.968955444726120385e-01,-2.017392600790035573e-01,-9.400067474307556292e-01
1.501999999999999957e+01,-1.832656204693931257e-01,-1.832656250934337483e-01,-1.832660828737391612e-01,-1.833118652411320770e-01,-1.879355130539349661e-01,-9.639894243096411852e-01
1.503000000000000114e+01,-1.695673709606043411e-01,-1.695673753611302292e-01,-1.695678110134955507e-01,-1.696113806953380432e-01,-1.740146093061958610e-01,-9.879612092151862646e-01
1.504000000000000092e+01,-1.557608627682598723e-01,-1.557608669453031947e-01,-1.557612804729140432e-01,-1.558026377783783001e-01,-1.599854515617820105e-01,-1.011915915955888590e+00
1.505000000000000071e+01,-1.418547676463408069e-01,-1.418547716002833414e-01,-1.418551630409298214e-01,-1.418943117299197032e-01,-1.458570626299032502e-01,-1.035846931526857251e+00
1.506000000000000050e+01,-1.278578764400234991e-01,-1.278578801715867241e-01,-1.278582495966909816e-01,-1.278951968131754047e-01,-1.316385744455439988e-01,-1.059747172020962136e+00
1.507000000000000028e+01,-1.137790893939752135e-01,-1.137790929042090948e-01,-1.137794404177190494e-01,-1.138141965622246066e-01,-1.173392166925198710e-01,-1.083609032561053009e+00
1.508000000000000007e+01,-9.962740594013996809e-02,-9.962740923041026042e-02,-9.962773496753206393e-02,-9.966031356807561470e-02,-1.029683050502700203e-01,-1.107424326418339433e+00
1.508999999999999986e+01,-8.541191411987056337e-02,-8.541191719184446085e-02,-8.541222131763040459e-02,-8.544263886896499849e-02,-8.853522913224060042e-02,-1.131184208157354654e+00
1.509999999999999964e+01,-7.114177964160538215e-02,-7.114178249723590586e-02,-7.114206520503363329e-02,-7.117034104301339648e-02,-7.404944016931075401e-02,-1.154879075573722158e+00
1.510999999999999943e+01,-5.682623462313263207e-02,-5.682623726464169911e-02,-5.682649877441599273e-02,-5.685265489630342284e-02,-5.952043847808487914e-02,-1.178498443683374974e+00
1.512000000000000099e+01,-4.247456605591931611e-02,-4.247456848577958743e-02,-4.247480904232204396e-02,-4.249886992097770544e-02,-4.495776079196579789e-02,-1.202030783446249806e+00
1.513000000000000078e+01,-2.809610403101768170e-02,-2.809610625193346978e-02,-2.809632612297631796e-02,-2.811831852416346589e-02,-3.037096750179380661e-02,-1.225463318116467359e+00
1.514000000000000057e+01,-1.370020980280572953e-02,-1.370021181769300392e-02,-1.370041129192053550e-02,-1.372036408458400525e-02,-1.576962986988414070e-02,-1.248781766224762668e+00
1.515000000000000036e+01,7.037362545377094311e-04,7.037344425720507522e-04,7.035550575751631924e-04,6.856111156235291217e-04,-1.163317280577129756e-03,-1.271970020496153708e+00
1.516000000000000014e+01,1.510634679255725213e-02,1.510634518023667300e-02,1.510618556009886426e-02,1.509021803459540886e-02,1.343841542188560154e-02,-1.295009749059033100e+00
1.516999999999999993e+01,2.949823963325488158e-02,2.949823821715504696e-02,2.949809802287317942e-02,2.948407301798052285e-02,2.802604045714315179e-02,-1.317879902068467501e+00
1.517999999999999972e+01,4.387004988306143771e-02,4.387004865963234357e-02,4.386992753975388348e-02,4.385780991462859962e-02,4.259006942331249046e-02,-1.340556104262493831e+00
1.518999999999999950e+01,5.821244195855088122e-02,5.821244092413896398e-02,5.821233851695551548e-02,5.820209210464204197e-02,5.712106536006097274e-02,-1.363009909856919943e+00
1.520000000000000107e+01,7.251612147008350273e-02,7.251612062095372235e-02,7.251603655668900639e-02,7.250762438222786710e-02,7.160965452058604130e-02,-1.385207891908044608e+00
1.521000000000000085e+01,8.677184691486877766e-02,8.677184624722632245e-02,8.677178015020139967e-02,8.676516464998461353e-02,8.604653779832240057e-02,-1.407110534952362269e+00
1.522000000000000064e+01,1.009704411342677577e-01,1.009704406442798463e-01,1.009703921350446343e-01,1.009655353704042025e-01,1.004225017519350949e-01,-1.428670897068060386e+00
1.523000000000000043e+01,1.151028024816036777e-01,1.151028021654204037e-01,1.151027708628347412e-01,1.150996347240363926e-01,1.147284292032063613e-01,-1.449833008482339869e+00
1.524000000000000021e+01,1.291599156575699570e-01,1.291599155113446196e-01,1.291599010345943488e-01,1.291584474455889087e-01,1.289553094096758945e-01,-1.470529982219084708e+00
1.525000000000000000e+01,1.431328621813747204e-01,1.431328622012835727e-01,1.431328641718185857e-01,1.431330552865306138e-01,1.430942477091424192e-01,-1.490681832678667718e+00
1.525999999999999979e+01,1.570128304545335696e-01,1.570128306367944149e-01,1.570128486801806722e-01,1.570146470607861056e-01,1.571364746593447992e-01,-1.510193041771413114e+00
1.526999999999999957e+01,1.707911253725824530e-01,1.707911257134724359e-01,1.707911594611492834e-01,1.707945282498482542e-01,1.710733546494263013e-01,-1.528949990248215318e+00
1.528000000000000114e+01,1.844591774564661446e-01,1.844591779523384045e-01,1.844592270432609260e-01,1.844641301407213274e-01,1.848963939590275718e-01,-1.546818502049852162e+00
1.529000000000000092e+01,1.980085515134804852e-01,1.980085521607795052e-01,1.980086162429478547e-01,1.980150184589784534e-01,1.985972482319269261e-01,-1.563641944509061688e+00
1.530000000000000071e+01,2.114309547470457629e-01,2.114309555423216636e-01,2.114310342741937687e-01,2.114389014616760709e-01,2.121677293629743999e-01,-1.579240585624314797e+00
1.531000000000000050e+01,2.247182443279128472e-01,2.247182452678342934e-01,2.247183383196094675e-01,2.247276375012552951e-01,2.255998118532165919e-01,-1.593413185623886230e+00
1.532000000000000028e+01,2.378624344146076930e-01,2.378624354959734399e-01,2.378625425507427393e-01,2.378732420455702545e-01,2.388856385282848160e-01,-1.605941973895606223e+00
1.533000000000000007e+01,2.508557026104840659e-01,2.508557038302335895e-01,2.508558245849989987e-01,2.508678941016893038e-01,2.520175256859287227e-01,-1.616602011806878014e+00
1.533999999999999986e+01,2.636903958353695177e-01,2.636903971905917299e-01,2.636905313571577536e-01,2.637039420723495398e-01,2.649879676722336486e-01,-1.625175215547549179e+00
1.534999999999999964e+01,2.763590355983863711e-01,2.763590370863273638e-01,2.763591843920604196e-01,2.763739090420707645e-01,2.777896408912073900e-01,-1.631467910976533320e+00
1.535999999999999943e+01,2.888543227311285433e-01,2.888543243491977774e-01,2.888544845376367354e-01,2.888704974848151918e-01,2.904154072383952623e-01,-1.635329063571665298e+00
1.537000000000000099e+01,3.011691415268722971e-01,3.011691432726475992e-01,3.011693161040042144e-01,3.011865933809054763e-01,3.028583169617432569e-01,-1.636665143602683337e+00
1.538000000000000078e+01,3.132965632985498239e-01,3.132965651697813270e-01,3.132967504213094445e-01,3.133152697518538643e-01,3.151116110446404717e-01,-1.635447898417004886e+00
1.539000000000000057e+01,3.252298493850465100e-01,3.252298513796588741e-01,3.252300488458979011e-01,3.252497896899574359e-01,3.271687230339423991e-01,-1.631713299862322053e+00
1.540000000000000036e+01,3.369624536207020404e-01,3.369624557367958961e-01,3.369626652296953684e-01,3.369836087940367708e-01,3.390232803637064918e-01,-1.625552664746547915e+00
1.541000000000000014e+01,3.484880242712085074e-01,3.484880265070604555e-01,3.484882478559960806e-01,3.485103770810966117e-01,3.506691052073496184e-01,-1.617098974528909494e+00
1.541999999999999993e+01,3.598004054375271710e-01,3.598004077915886723e-01,3.598006408432821157e-01,3.598239403890662880e-01,3.621002148790603004e-01,-1.606511926981362137e+00
1.542999999999999972e+01,3.708936379501621694e-01,3.708936404210583238e-01,3.708938850393858067e-01,3.709183412946459590e-01,3.733108217943580387e-01,-1.593964458148521945e+00
1.543999999999999950e+01,3.817619598549444326e-01,3.817619624414705370e-01,3.817622185071692931e-01,3.817878195539625708e-01,3.842953329974753696e-01,-1.579632166922604330e+00
1.545000000000000107e+01,3.923998063875219211e-01,3.923998090886400281e-01,3.924000764989491463e-01,3.924268120739647925e-01,3.950483492934560581e-01,-1.563685938276435872e+00
1.546000000000000085e+01,4.028018095335102466e-01,4.028018123483445012e-01,4.028020910165575064e-01,4.028299524442059409e-01,4.055646640707831763e-01,-1.546287376226247900e+00
1.547000000000000064e+01,4.129627971898310879e-01,4.129628001176625096e-01,4.129630899726048909e-01,4.129920701396694316e-01,4.158392617160756588e-01,-1.527586389553952317e+00
1.548000000000000043e+01,4.228777919581961919e-01,4.228777949984567908e-01,4.228780959838950304e-01,4.229081892769128714e-01,4.258673157380752361e-01,-1.507720269931300816e+00
1.549000000000000021e+01,4.325420095877904325e-01,4.325420127400566583e-01,4.325423248140496391e-01,4.325735270419748257e-01,4.356441865983489148e-01,-1.486813717224259701e+00
1.550000000000000000e+01,4.419508570829642213e-01,4.419508603469498031e-01,4.419511834811533646e-01,4.419834917991221079e-01,4.451654192770093110e-01,-1.464979410840009599e+00
1.550999999999999979e+01,4.510999304978358104e-01,4.510999338733841513e-01,4.511002680523105157e-01,4.511336809108858481e-01,4.544267405924015679e-01,-1.442318853794475775e+00
1.551999999999999957e+01,4.599850125197081363e-01,4.599850160067845972e-01,4.599853612269935721e-01,4.600198782900873917e-01,4.634240562941710495e-01,-1.418923315327546675e+00
1.553000000000000114e+01,4.686020697781972943e-01,4.686020733768804236e-01,4.686024296461643868e-01,4.686380517028967407e-01,4.721534479789442074e-01,-1.394874766670680000e+00
1.554000000000000092e+01,4.769472499364315610e-01,4.769472536469048229e-01,4.769476209834290215e-01,4.769843498500777601e-01,4.806111698378404684e-01,-1.370246751911508909e+00
1.555000000000000071e+01,4.850168786103516982e-01,4.850168824328944250e-01,4.850172608643116279e-01,4.850550993086321094e-01,4.887936452500816209e-01,-1.345105164699905265e+00
1.556000000000000050e+01,4.928074561306713397e-01,4.928074600656496274e-01,4.928078496281913523e-01,4.928468012783212560e-01,4.966974632658907596e-01,-1.319508919859294416e+00
1.557000000000000028e+01,5.003156541739411933e-01,5.003156582217984649e-01,5.003160589593479424e-01,5.003561282067124916e-01,5.043193749921590641e-01,-1.293510519585786556e+00
1.558000000000000007e+01,5.075383122848059481e-01,5.075383164460531837e-01,5.075387284092056639e-01,5.075799203138595672e-01,5.116562899068187731e-01,-1.267156519601003728e+00
1.558999999999999986e+01,5.144724343159547963e-01,5.144724385911610964e-01,5.144728618362707229e-01,5.145151820381507202e-01,5.187052721261578014e-01,-1.240487903978455542e+00
1.559999999999999964e+01,5.211151848312536305e-01,5.211151892210366121e-01,5.211156238092501392e-01,5.211590784278428146e-01,5.254635366465126856e-01,-1.213540378687951948e+00
1.561000000000000121e+01,5.274638854620432582e-01,5.274638899670592851e-01,5.274643359633479633e-01,5.275089315006938895e-01,5.319284455800701306e-01,-1.186344594567938060e+00
1.562000000000000099e+01,5.335160112639535379e-01,5.335160158848877288e-01,5.335164733570736395e-01,5.335622165989294396e-01,5.380975044112896732e-01,-1.158926310552329531e+00
1.563000000000000078e+01,5.392691870893222550e-01,5.392691918268786022e-01,5.392696608446569950e-01,5.393165587645103454e-01,5.439683582936531980e-01,-1.131306508218319351e+00
1.564000000000000057e+01,5.447211839966664693e-01,5.447211888515579581e-01,5.447216694855203656e-01,5.447697291464326241e-01,5.495387884022548963e-01,-1.103501468278427655e+00
1.565000000000000036e+01,5.498699157196500487e-01,5.498699206925887761e-01,5.498704130132459067e-01,5.499196414714737635e-01,5.548067083648173803e-01,-1.075522820111074918e+00
1.566000000000000014e+01,5.547134352166451787e-01,5.547134403083326948e-01,5.547139443851392127e-01,5.547643485914264261e-01,5.597701607959484349e-01,-1.047377575057289789e+00
1.566999999999999993e+01,5.592499313154014606e-01,5.592499365265189981e-01,5.592504524269037436e-01,5.593020391279809322e-01,5.644273139511144510e-01,-1.019068154375904811e+00
1.567999999999999972e+01,5.634777254738222441e-01,5.634777308050207267e-01,5.634782585934190458e-01,5.635310342360826397e-01,5.687764584977066384e-01,-9.905924225844107145e-01
1.568999999999999950e+01,5.673952686762433473e-01,5.673952741281336198e-01,5.673958138650260219e-01,5.674497845022579146e-01,5.728160044520003158e-01,-9.619437366511500720e-01
1.570000000000000107e+01,5.710011384777471388e-01,5.710011440508904190e-01,5.710016957918473413e-01,5.710568669838617106e-01,5.765444782787761957e-01,-9.331110212542422788e-01
1.571000000000000085e+01,5.742940362099946405e-01,5.742940419048931933e-01,5.742946056996278692e-01,5.743509824200410119e-01,5.799605201675707145e-01,-9.040788785652705828e-01
1.572000000000000064e+01,5.772727843663674197e-01,5.772727901834545650e-01,5.772733660748819995e-01,5.773309526200776087e-01,5.830628815009657462e-01,-8.748277418782544057e-01
1.573000000000000043e+01,5.799363241837344196e-01,5.799363301233657619e-01,5.799369181466705880e-01,5.799957180404144985e-01,5.858504225356758743e-01,-8.453340781761033984e-01
1.574000000000000021e+01,5.822837134215380628e-01,5.822837194839814989e-01,5.822843196656977138e-01,5.823443355631984231e-01,5.883221103095971349e-01,-8.155706455861322368e-01
1.575000000000000000e+01,5.843141243511899008e-01,5.843141305366169602e-01,5.843147428937149890e-01,5.843759764923293076e-01,5.904770167543845760e-01,-7.855068068212355259e-01
1.575999999999999979e+01,5.860268419772581838e-01,5.860268482857344807e-01,5.860274728247198972e-01,5.860899247780267940e-01,5.923143170650062572e-01,-7.551088982369676961e-01
1.576999999999999957e+01,5.874212624870267518e-01,5.874212689185032144e-01,5.874219056345281187e-01,5.874855754584871192e-01,5.938332883138518481e-01,-7.243406527673470485e-01
1.578000000000000114e+01,5.884968919363308126e-01,5.884968984906351341e-01,5.884975473666209655e-01,5.885624333525619756e-01,5.950333083141552404e-01,-6.931636682222832579e-01
1.579000000000000092e+01,5.892533451819659263e-01,5.892533518587932395e-01,5.892540128645684661e-01,5.893201119971371860e-01,5.959138547402760278e-01,-6.615379139855709356e-01
1.580000000000000071e+01,5.896903450718424811e-01,5.896903518707471425e-01,5.896910249621951650e-01,5.897583328323352525e-01,5.964745045182074934e-01,-6.294222625910876889e-01
1.581000000000000050e+01,5.898077218843758018e-01,5.898077288047629541e-01,5.898084139229913259e-01,5.898769246396836641e-01,5.967149334938923744e-01,-5.967750345180737881e-01
1.582000000000000028e+01,5.896054130193493226e-01,5.896054200604665674e-01,5.896061171309886495e-01,5.896758232420745705e-01,5.966349163484584439e-01,-5.635545395350884945e-01
1.583000000000000007e+01,5.890834629595296246e-01,5.890834701204589186e-01,5.890841790523927424e-01,5.891550714690135804e-01,5.962343268019518749e-01,-5.297195998996860888e-01
1.583999999999999986e+01,5.882420234869010223e-01,5.882420307665510162e-01,5.882427514518379086e-01,5.883148193652130153e-01,5.955131380896054871e-01,-4.952300398295669259e-01
1.584999999999999964e+01,5.870813541556241244e-01,5.870813615527220586e-01,5.870820938653656951e-01,5.871553246717657881e-01,5.944714237046577754e-01,-4.600471271321854849e-01
1.586000000000000121e+01,5.856018230237574063e-01,5.856018305368420052e-01,5.856025743321667809e-01,5.856769535624614109e-01,5.931093584080427972e-01,-4.241339563494982978e-01
1.587000000000000099e+01,5.838039076461636334e-01,5.838039152735774451e-01,5.838046703875091614e-01,5.838801816319638682e-01,5.914272195098146945e-01,-3.874557645557122898e-01
1.588000000000000078e+01,5.816881963093892827e-01,5.816882040492721284e-01,5.816889702976454357e-01,5.817655951340082732e-01,5.894253884209368355e-01,-3.499801770799781386e-01
1.589000000000000057e+01,5.792553895110720275e-01,5.792553973613537854e-01,5.792561745392431627e-01,5.793338924698218095e-01,5.871043524410419767e-01,-3.116773850995853135e-01
1.590000000000000036e+01,5.765063016845990429e-01,5.765063096429938749e-01,5.765070975240714768e-01,5.765858859134391778e-01,5.844647068121590072e-01,-2.725202649087780093e-01
1.591000000000000014e+01,5.734418631550839418e-01,5.734418712190831879e-01,5.734426695550070008e-01,5.735225035628119805e-01,5.815071570170362580e-01,-2.324844566028259063e-01
1.591999999999999993e+01,5.700631223116110480e-01,5.700631304784780085e-01,5.700639389983124250e-01,5.701447915207362716e-01,5.782325213098096217e-01,-1.915484317826627314e-01
1.592999999999999972e+01,5.663712479903449948e-01,5.663712562571092679e-01,5.663720746667787465e-01,5.664539162890483981e-01,5.746417334684617018e-01,-1.496935943035224703e-01
1.593999999999999950e+01,5.623675320643047870e-01,5.623675404277568290e-01,5.623683684095339697e-01,5.624511673604037920e-01,5.707358457668231244e-01,-1.069044795036832585e-01
1.595000000000000107e+01,5.580533922350019438e-01,5.580534006916888501e-01,5.580542379037178868e-01,5.581379599983911088e-01,5.665160321641454777e-01,-6.316914666153694569e-02
1.596000000000000085e+01,5.534303749929427862e-01,5.534303835391632953e-01,5.534312296150345478e-01,5.535158381986939879e-01,5.619835916890807415e-01,-1.847990459189791101e-02
1.597000000000000064e+01,5.485001587134858969e-01,5.485001673452871707e-01,5.485010218936463566e-01,5.485864778231178684e-01,5.571399519752624485e-01,2.716542333130866904e-02
1.598000000000000043e+01,5.432645569423713017e-01,5.432645656555445957e-01,5.432654282597529916e-01,5.433516898690471386e-01,5.519866730035980495e-01,7.376138875816035112e-02
1.599000000000000021e+01,5.377255217918164298e-01,5.377255305818952058e-01,5.377264007997392126e-01,5.378134238625178476e-01,5.465254509832000451e-01,1.212915113581323201e-01
1.600000000000000000e+01,5.318851474529622259e-01,5.318851563152187101e-01,5.318860336786742637e-01,5.319737713861365513e-01,5.407581223729660547e-01,1.697229234026276790e-01
1.601000000000000156e+01,5.257456738020155340e-01,5.257456827314599401e-01,5.257465667465139880e-01,5.258349696916679861e-01,5.346866680252831960e-01,2.189981687896245532e-01
1.601999999999999957e+01,5.193094900835850680e-01,5.193094990749635986e-01,5.193103892214981920e-01,5.193994053901928032e-01,5.283132174389028046e-01,2.690230463315198550e-01
1.603000000000000114e+01,5.125791386539871874e-01,5.125791477017819231e-01,5.125800434335219258e-01,5.126696181977987710e-01,5.216400531072462599e-01,3.196494525334358516e-01
1.603999999999999915e+01,5.055573187616528852e-01,5.055573278600817844e-01,5.055582286046141904e-01,5.056483047173022660e-01,5.146696149288803035e-01,3.706531115358379092e-01
1.605000000000000071e+01,4.982468903217337486e-01,4.982468994647518690e-01,4.982478046236197833e-01,4.983383222355471931e-01,5.074045046659981795e-01,4.217089368094792401e-01
1.605999999999999872e+01,4.906508776986625575e-01,4.906508868799634993e-01,4.906517958288386660e-01,4.907426925054230171e-01,4.998474904420777687e-01,4.723725841931748493e-01
1.607000000000000028e+01,4.827724734442152554e-01,4.827724826572339367e-01,4.827733947461724795e-01,4.828646054914341734e-01,4.920015112399562796e-01,5.220842707550220618e-01
1.608000000000000185e+01,4.746150419764009198e-01,4.746150512143170741e-01,4.746159657681046085e-01,4.747074230606298517e-01,4.838696813877054748e-01,5.702128218832849260e-01
1.608999999999999986e+01,4.661821231735603366e-01,4.661821324293028423e-01,4.661830487478919594e-01,4.662746825823418373e-01,4.754552950040700221e-01,6.161426166848646968e-01
1.610000000000000142e+01,4.574774358540364960e-01,4.574774451202885950e-01,4.574783624793347103e-01,4.575701004188674204e-01,4.667618303746599029e-01,6.593750369898353503e-01
1.610999999999999943e+01,4.485048811113967471e-01,4.485048903806029275e-01,4.485058080321019935e-01,4.485975752761703905e-01,4.577929542347383141e-01,6.995975968743627371e-01
1.612000000000000099e+01,4.392685454847525817e-01,4.392685547491257392e-01,4.392694719221590383e-01,4.393611913825319348e-01,4.485525259387939112e-01,7.366935085437855690e-01
1.612999999999999901e+01,4.297727039352094991e-01,4.297727131867398187e-01,4.297736290883291121e-01,4.298652214672172844e-01,4.390446014705017275e-01,7.707029760998316270e-01
1.614000000000000057e+01,4.200218225887902834e-01,4.200218318192547873e-01,4.200227456353328170e-01,4.201141295264544384e-01,4.292734372705661050e-01,8.017669778348837095e-01
1.614999999999999858e+01,4.100205612248543074e-01,4.100205704258280681e-01,4.100214813223261312e-01,4.101125733227952708e-01,4.192434938563455171e-01,8.300774812100074618e-01
1.616000000000000014e+01,3.997737754847142111e-01,3.997737846475824530e-01,3.997746917716390458e-01,3.998654065993744178e-01,4.089594391952791619e-01,8.558429950144974541e-01
1.617000000000000171e+01,3.892865187655539794e-01,3.892865278815255126e-01,3.892874303628178767e-01,3.893776809841152931e-01,3.984261517865267388e-01,8.792684986381521517e-01
1.617999999999999972e+01,3.785640437612337039e-01,3.785640528213557454e-01,3.785649497735559255e-01,3.786546475535560452e-01,3.876487234205021060e-01,9.005455259943516699e-01
1.619000000000000128e+01,3.676118036277103984e-01,3.676118126228844485e-01,3.676127031452398053e-01,3.677017580176015210e-01,3.766324616121308200e-01,9.198483964054021689e-01
1.619999999999999929e+01,3.564354527707789266e-01,3.564354616917779772e-01,3.564363448708171012e-01,3.565246654904708490e-01,3.653828916150767547e-01,9.373337754727583127e-01
1.621000000000000085e+01,3.450408471783713571e-01,3.450408560158585436e-01,3.450417309272203470e-01,3.451292248576255384e-01,3.539057580138367243e-01,9.531418472421302468e-01
1.621999999999999886e+01,3.334340443024881306e-01,3.334340530470359387e-01,3.334349187574203177e-01,3.335214926728825025e-01,3.422070258584404279e-01,9.673981365016252054e-01
1.623000000000000043e+01,3.216213024655372732e-01,3.216213111076491327e-01,3.216221666768848131e-01,3.217077265662843799e-01,3.302928812978906392e-01,9.802154798418769577e-01
1.624000000000000199e+01,3.096090797637036651e-01,3.096090882938355993e-01,3.096099327770617249e-01,3.096943841524529839e-01,3.181697316570371026e-01,9.916959035252498333e-01
1.625000000000000000e+01,2.974040324307999361e-01,2.974040408393836543e-01,2.974048732893381231e-01,2.974881214171294364e-01,3.058442049363729875e-01,1.001932305533959733e+00
1.626000000000000156e+01,2.850130126406241748e-01,2.850130209180911089e-01,2.850138403874984405e-01,2.850957905487011557e-01,2.933231487382148006e-01,1.011009910562860936e+00
1.626999999999999957e+01,2.724430657848110338e-01,2.724430739216177066e-01,2.724438794656691698e-01,2.725244371830261580e-01,2.806136285093028260e-01,1.019007501146048433e+00
1.628000000000000114e+01,2.597014271348724312e-01,2.597014351215262140e-01,2.597022258004402229e-01,2.597812970910123864e-01,2.677229251220199502e-01,1.025998443294783735e+00
1.628999999999999915e+01,2.467955179127823695e-01,2.467955257398678492e-01,2.467963006215207478e-01,2.468737922734818291e-01,2.546585317665325254e-01,1.032051530307411369e+00
1.630000000000000071e+01,2.337329407658047531e-01,2.337329484240109889e-01,2.337337065866257890e-01,2.338095264282084584e-01,2.414281501191405388e-01,1.037231668909603277e+00
1.630999999999999872e+01,2.205214746405078918e-01,2.205214821206561426e-01,2.205222226555351439e-01,2.205962798156314020e-01,2.280396857424958901e-01,1.041600430410885014e+00
1.632000000000000028e+01,2.071690690374914656e-01,2.071690763305628902e-01,2.071697983448486102e-01,2.072420035230633784e-01,2.145012427304685831e-01,1.045216487291507734e+00
1.633000000000000185e+01,1.936838376324497013e-01,1.936838447296135857e-01,1.936845473490605429e-01,1.937548131178397637e-01,2.008211176228444916e-01,1.048135953167751211e+00
1.633999999999999986e+01,1.800740513270998044e-01,1.800740582197414008e-01,1.800747405914908117e-01,1.801429816768929104e-01,1.870077924933373215e-01,1.050412641980117190e+00
1.635000000000000142e+01,1.663481307124058395e-01,1.663481373921541495e-01,1.663487986874812030e-01,1.664149322081635296e-01,1.730699272749556816e-01,1.052098260151848041e+00
1.635999999999999943e+01,1.525146379210029490e-01,1.525146443797582019e-01,1.525152837967816422e-01,1.525792295575932045e-01,1.590163513292899289e-01,1.053242543894661543e+00
1.637000000000000099e+01,1.385822679315732997e-01,1.385822741615336251e-01,1.385828909278681298e-01,1.386445716913571602e-01,1.448560542621238345e-01,1.053893352275007800e+00
1.637999999999999901e+01,1.245598393470218057e-01,1.245598453407093242e-01,1.245604387160432064e-01,1.246197804552219568e-01,1.305981759791546848e-01,1.054096725370603282e+00
1.639000000000000057e+01,1.104562846663692394e-01,1.104562904166551396e-01,1.104568596952325288e-01,1.105137918273471076e-01,1.162519960085116322e-01,1.053896915787187138e+00
1.639999999999999858e+01,9.628064006600436930e-02,9.628064556613279146e-02,9.628119007912031013e-02,9.633564570058081311e-02,1.018269222300355048e-01,1.053336400690495056e+00
1.641000000000000014e+01,8.204203471237447864e-02,8.204203995598499666e-02,8.204255907370455736e-02,8.209447521628997213e-02,8.733247889002865305e-02,1.052455880513734954e+00
1.642000000000000171e+01,6.774967972613413214e-02,6.774968470728306991e-02,6.775017784131233400e-02,6.779949567419379930e-02,7.277829404541814873e-02,1.051294269780853163e+00
1.642999999999999972e+01,5.341285677282905930e-02,5.341286148600886408e-02,5.341332809110091451e-02,5.345999307850270166e-02,5.817408647637433566e-02,1.049888684438477826e+00
1.644000000000000128e+01,3.904090631242378151e-02,3.904091075258070420e-02,3.904135032841297981e-02,3.908531243389322396e-02,4.352965212424968200e-02,1.048274429424825627e+00
1.644999999999999929e+01,2.464321560707916775e-02,2.464321976962895872e-02,2.464363186235937059e-02,2.468484570025906988e-02,2.885485010350412327e-02,1.046484989393578147e+00
1.646000000000000085e+01,1.022920651635932099e-02,1.022921039720092219e-02,1.022959460082094145e-02,1.026801956887632081e-02,1.415958834742539474e-02,1.044552024892750230e+00
1.646999999999999886e+01,-4.191676866449474750e-03,-4.191673270922447597e-03,-4.191317313448914353e-03,-4.155716923758214290e-03,-5.461909735489251785e-04,1.042505375572776449e+00
1.648000000000000043e+01,-1.860998068823851298e-02,-1.860997738112865618e-02,-1.860964997695098433e-02,-1.857690488515807009e-02,-1.525252626236923460e-02,1.040373071520830583e+00
1.649000000000000199e+01,-3.301625385572995452e-02,-3.301625083962891199e-02,-3.301595224531932854e-02,-3.298608810646980194e-02,-2.994945142199947202e-02,1.038181353051955913e+00
1.650000000000000000e+01,-4.740106052877175041e-02,-4.740105780575575023e-02,-4.740078822685381277e-02,-4.737382559682003919e-02,-4.462701081507904066e-02,1.035954699447668048e+00
1.651000000000000156e+01,-6.175499256787323615e-02,-6.175499013950073307e-02,-6.175474973029146386e-02,-6.173070403837274678e-02,-5.927527418276908044e-02,1.033715865859461402e+00
1.651999999999999957e+01,-7.606868184759622842e-02,-7.606867971490799407e-02,-7.606846857843428678e-02,-7.604735012999642996e-02,-7.388435144240987351e-02,1.031485928284779918e+00
1.653000000000000114e+01,-9.033281239667727280e-02,-9.033281056019892841e-02,-9.033262874850619961e-02,-9.031444274841499142e-02,-8.844440728347376102e-02,1.029284335553247498e+00
1.653999999999999915e+01,-1.045381323073440866e-01,-1.045381307670909254e-01,-1.045379782816988345e-01,-1.045227248799186909e-01,-1.029456754828627502e-01,1.027128966937703280e+00
1.655000000000000071e+01,-1.186754653591333974e-01,-1.186754641146174349e-01,-1.186753409072122262e-01,-1.186630152713386843e-01,-1.173784728704178049e-01,1.025036195412871276e+00
1.655999999999999872e+01,-1.327357223151168775e-01,-1.327357213653559964e-01,-1.327356273386980368e-01,-1.327262197456845760e-01,-1.317332128690859028e-01,1.023020954138603500e+00
1.657000000000000028e+01,-1.467099118459317397e-01,-1.467099111894607510e-01,-1.467098461984940316e-01,-1.467033421402424431e-01,-1.460004185538417709e-01,1.021096805704551969e+00
1.658000000000000185e+01,-1.605891510293410429e-01,-1.605891506642248556e-01,-1.605891145173770629e-01,-1.605854948345924460e-01,-1.601707351605969332e-01,1.019276012951180643e+00
1.658999999999999986e+01,-1.743646753939293026e-01,-1.743646753177778841e-01,-1.743646677784411458e-01,-1.743639088120428338e-01,-1.742349419834441082e-01,1.017569609882525095e+00
1.660000000000000142e+01,-1.880278484794078719e-01,-1.880278486893929846e-01,-1.880278694775705528e-01,-1.880299432275200355e-01,-1.881839636399775528e-01,1.015987471696394140e+00
1.660999999999999943e+01,-2.015701708737637210e-01,-2.015701713666369910e-01,-2.015702201607374733e-01,-2.015750944604413064e-01,-2.020088806392779379e-01,1.014538383550313894e+00
1.662000000000000099e+01,-2.149832886890054862e-01,-2.149832894611177769e-01,-2.149833658998786534e-01,-2.149910046198093561e-01,-2.157009392181107044e-01,1.013230106231989058e+00
1.662999999999999901e+01,-2.282590014753139163e-01,-2.282590025226360897e-01,-2.282591062071772092e-01,-2.282694694661198676e-01,-2.292515604343819957e-01,1.012069438609769279e+00
1.664000000000000057e+01,-2.413892695661025156e-01,-2.413892708842472479e-01,-2.413894013802148353e-01,-2.414024457384839617e-01,-2.426523484948759080e-01,1.011062275980079805e+00
1.664999999999999858e+01,-2.543662207968184208e-01,-2.543662223810625456e-01,-2.543663792208587515e-01,-2.543820579162898166e-01,-2.558950982842685962e-01,1.010213663631602810e+00
1.666000000000000014e+01,-2.671821566225814348e-01,-2.671821584678891748e-01,-2.671823411529701264e-01,-2.672006043351000670e-01,-2.689718020890070060e-01,1.009527845201952712e+00
1.667000000000000171e+01,-2.798295576318742817e-01,-2.798295597329209516e-01,-2.798297677361489821e-01,-2.798505626951338643e-01,-2.818746555738491644e-01,1.009008305472484324e+00
1.667999999999999972e+01,-2.923010884475952809e-01,-2.923010907987915186e-01,-2.923013235668188159e-01,-2.923245949621121609e-01,-2.945960629322065261e-01,1.008657807087959712e+00
1.669000000000000128e+01,-3.045896020024584372e-01,-3.045896045979742950e-01,-3.045898615536377640e-01,-3.046155516616412817e-01,-3.071286412674658628e-01,1.008478421053205398e+00
1.669999999999999929e+01,-3.166881432015443698e-01,-3.166881460353336286e-01,-3.166884265800646858e-01,-3.167164755578489865e-01,-3.194652242265558773e-01,1.008471550741687928e+00
1.671000000000000085e+01,-3.285899520423228859e-01,-3.285899551081474801e-01,-3.285902586243745760e-01,-3.286206047171539857e-01,-3.315988649010274125e-01,1.008637949306222970e+00
1.671999999999999886e+01,-3.402884661080729511e-01,-3.402884693995268384e-01,-3.402887952530432858e-01,-3.403213750379204261e-01,-3.435228379977630642e-01,1.008977730336549694e+00
1.673000000000000043e+01,-3.517773225081952670e-01,-3.517773260187279094e-01,-3.517776735610295136e-01,-3.518124221925166828e-01,-3.552306413087451542e-01,1.009490371726779134e+00
1.674000000000000199e+01,-3.630503592811056279e-01,-3.630503630040451402e-01,-3.630507315746274721e-01,-3.630875830141429006e-01,-3.667159965925088083e-01,1.010174712780056661e+00
1.675000000000000000e+01,-3.741016162837366155e-01,-3.741016202123126355e-01,-3.741020091409128501e-01,-3.741408963678465316e-01,-3.779728497840033619e-01,1.011028944525366402e+00
1.676000000000000156e+01,-3.849253355755279937e-01,-3.849253397028936652e-01,-3.849257483116628187e-01,-3.849666035327913849e-01,-3.889953706329141170e-01,1.012050593337094906e+00
1.676999999999999957e+01,-3.955159613057022128e-01,-3.955159656249550015e-01,-3.955163932305439944e-01,-3.955591481090097172e-01,-3.997779518085923245e-01,1.013236498047680900e+00
1.678000000000000114e+01,-4.058681391592012799e-01,-4.058681436634037354e-01,-4.058685895790098419e-01,-4.059131754596990160e-01,-4.103152075110544916e-01,1.014582780644966986e+00
1.678999999999999915e+01,-4.159767154373097964e-01,-4.159767201195091468e-01,-4.159771836568081360e-01,-4.160235317110645425e-01,-4.206019716078334136e-01,1.016084810767544866e+00
1.680000000000000071e+01,-4.258367356752512656e-01,-4.258367405284980700e-01,-4.258372209994956692e-01,-4.258852624290078159e-01,-4.306332953172238298e-01,1.017737164379356241e+00
1.680999999999999872e+01,-4.354434429258619010e-01,-4.354434479432277572e-01,-4.354439446620197440e-01,-4.354936108842949460e-01,-4.404044445430520538e-01,1.019533576891058724e+00
1.682000000000000028e+01,-4.447922757113543790e-01,-4.447922808859490207e-01,-4.447927931703921089e-01,-4.448440159839477381e-01,-4.499108968803804398e-01,1.021466891191016080e+00
1.683000000000000185e+01,-4.538788656778989239e-01,-4.538788710028860418e-01,-4.538793981761746199e-01,-4.539321099091143674e-01,-4.591483382660888624e-01,1.023529001033026020e+00
1.683999999999999986e+01,-4.626990349726016749e-01,-4.626990404412135161e-01,-4.626995818333560218e-01,-4.627537154847760070e-01,-4.681126593851362427e-01,1.025710790427802221e+00
1.685000000000000142e+01,-4.712487933620560510e-01,-4.712487989676078515e-01,-4.712493539167950107e-01,-4.713048433057487330e-01,-4.767999518481503829e-01,1.028002069686539066e+00
1.685999999999999943e+01,-4.795243351358481343e-01,-4.795243408717504985e-01,-4.795249087256506781e-01,-4.795816886393354794e-01,-4.852065041719453298e-01,1.030391508788838451e+00
1.687000000000000099e+01,-4.875220358759948525e-01,-4.875220417357664093e-01,-4.875226218527201616e-01,-4.875806281305522516e-01,-4.933287975844456996e-01,1.032866569089196052e+00
1.687999999999999901e+01,-4.952384490096272129e-01,-4.952384549869052743e-01,-4.952390467370161864e-01,-4.952982163935718551e-01,-5.011635016897226791e-01,1.035413434180511461e+00
1.689000000000000057e+01,-5.026703022612192262e-01,-5.026703083497703339e-01,-5.026709111159125554e-01,-5.027311824453954969e-01,-5.087074700765095159e-01,1.038016940677124689e+00
1.689999999999999858e+01,-5.098144940020670202e-01,-5.098145001957956612e-01,-5.098151133745323360e-01,-5.098764260405841409e-01,-5.159577358133395908e-01,1.040660510544280548e+00
1.691000000000000014e+01,-5.166680895271698049e-01,-5.166680958201275153e-01,-5.166687188225425054e-01,-5.167310139391690926e-01,-5.229115069162389995e-01,1.043326085493980759e+00
1.692000000000000171e+01,-5.232283172822504991e-01,-5.232283236686429140e-01,-5.232289559210877572e-01,-5.232921761265316718e-01,-5.295661618009355198e-01,1.045994064714361738e+00
1.692999999999999972e+01,-5.294925650631886471e-01,-5.294925715373821618e-01,-5.294932124821378761e-01,-5.295573020099281214e-01,-5.359192447444428575e-01,1.048643247293560732e+00
1.694000000000000128e+01,-5.354583762244339296e-01,-5.354583827809618057e-01,-5.354590318768325252e-01,-5.355239366134126877e-01,-5.419684613755263447e-01,1.051250779825250836e+00
1.694999999999999929e+01,-5.411234459102152172e-01,-5.411234525437829124e-01,-5.411241092666045915e-01,-5.411897767989972685e-01,-5.477116742148913087e-01,1.053792110158507933e+00
1.696000000000000085e+01,-5.464856173274624807e-01,-5.464856240329519776e-01,-5.464862878760332610e-01,-5.465526675388225897e-01,-5.531468983023040131e-01,1.056240948759210374e+00
1.696999999999999886e+01,-5.515428780897511096e-01,-5.515428848622243585e-01,-5.515435553367165067e-01,-5.516105982477554903e-01,-5.582722969075808450e-01,1.058569236916728551e+00
1.698000000000000043e+01,-5.562933566466365942e-01,-5.562933634813391759e-01,-5.562940401165384907e-01,-5.563616992081825696e-01,-5.630861773570199347e-01,1.060747122850511426e+00
1.699000000000000199e+01,-5.607353188193763271e-01,-5.607353257117392298e-01,-5.607360080553265291e-01,-5.608042380990252429e-01,-5.675869869888257035e-01,1.062742945824448171e+00
1.700000000000000000e+01,-5.648671644627426547e-01,-5.648671714083846052e-01,-5.648678590266038579e-01,-5.649366166489387941e-01,-5.717733092525369987e-01,1.064523226289638025e+00
1.701000000000000156e+01,-5.686874242667305790e-01,-5.686874312614589311e-01,-5.686881237392329425e-01,-5.687573674328550988e-01,-5.756438599689472913e-01,1.066052661771696108e+00
1.701999999999999957e+01,-5.721947567122238620e-01,-5.721947637520350405e-01,-5.721954606930276244e-01,-5.722651508263359998e-01,-5.791974837647908547e-01,1.067294128239720585e+00
1.703000000000000114e+01,-5.753879452019529106e-01,-5.753879522830330773e-01,-5.753886533096561617e-01,-5.754587521252783056e-01,-5.824331506893909438e-01,1.068208681788978209e+00
1.703999999999999915e+01,-5.782658953757504605e-01,-5.782659024944744042e-01,-5.782666072478420682e-01,-5.783370788569620613e-01,-5.853499530315044996e-01,1.068755560088388679e+00
1.705000000000000071e+01,-5.808276326204853124e-01,-5.808276397734158936e-01,-5.808283479132462235e-01,-5.808991582877349735e-01,-5.879471023455783429e-01,1.068892178584877062e+00
1.705999999999999872e+01,-5.830722997887382020e-01,-5.830723069726245766e-01,-5.830730181770940046e-01,-5.831441351371298154e-01,-5.902239266936996076e-01,1.068574117637775212e+00
1.707000000000000028e+01,-5.849991551411918289e-01,-5.849991623529678941e-01,-5.849998763185223494e-01,-5.850712695101698557e-01,-5.921798681130295838e-01,1.067755094901560398e+00
1.708000000000000185e+01,-5.866075705159283782e-01,-5.866075777527101076e-01,-5.866082941938225437e-01,-5.866799350618996378e-01,-5.938144803218561307e-01,1.066386916824444864e+00
1.708999999999999986e+01,-5.878970297248616861e-01,-5.878970369839440213e-01,-5.878977556328336407e-01,-5.879696174008257614e-01,-5.951274266708432847e-01,1.064419401841469437e+00
1.710000000000000142e+01,-5.888671272038872306e-01,-5.888671344827414167e-01,-5.888678550890489305e-01,-5.889399127219945296e-01,-5.961184783293094203e-01,1.061800267164434652e+00
1.710999999999999943e+01,-5.895175669078265290e-01,-5.895175742040957845e-01,-5.895182965345172610e-01,-5.895905267013501483e-01,-5.967875127363588827e-01,1.058474969334678217e+00
1.712000000000000099e+01,-5.898481614555273200e-01,-5.898481687670232843e-01,-5.898488926049010317e-01,-5.899212736398461443e-01,-5.971345123065032734e-01,1.054386487895804470e+00
1.712999999999999901e+01,-5.898588315312569552e-01,-5.898588388559548035e-01,-5.898595640008317265e-01,-5.899320758613900706e-01,-5.971595633925541602e-01,1.049475039159089018e+00
1.714000000000000057e+01,-5.895496055506278532e-01,-5.895496128866617447e-01,-5.895503391538010618e-01,-5.896229633683842675e-01,-5.968628555104403821e-01,1.043677706324881660e+00
1.715000000000000213e+01,-5.889206195839455926e-01,-5.889206269296027862e-01,-5.889213541494613402e-01,-5.889940737619324684e-01,-5.962446808342320992e-01,1.036927968945980938e+00
1.716000000000000014e+01,-5.879721175295483659e-01,-5.879721248832642244e-01,-5.879728529009364824e-01,-5.880456524236890026e-01,-5.953054339534499251e-01,1.029155113236295938e+00
1.717000000000000171e+01,-5.867044515578188069e-01,-5.867044589181704684e-01,-5.867051875927953297e-01,-5.867780529417814250e-01,-5.940456118834518406e-01,1.020283501819508443e+00
1.717999999999999972e+01,-5.851180828056721239e-01,-5.851180901713721738e-01,-5.851188193755050282e-01,-5.851917378072817311e-01,-5.924658143498952034e-01,1.010231679582058728e+00
1.719000000000000128e+01,-5.832135823209648740e-01,-5.832135896908549055e-01,-5.832143193098029421e-01,-5.832872793573491421e-01,-5.905667443258992844e-01,9.989112908350015196e-01
1.719999999999999929e+01,-5.809916322552386436e-01,-5.809916396282819306e-01,-5.809923695594101378e-01,-5.810653609639527817e-01,-5.883492088207874504e-01,9.862257850091278311e-01
1.721000000000000085e+01,-5.784530273037665760e-01,-5.784530346790408561e-01,-5.784537648310462687e-01,-5.785267784644492206e-01,-5.858141199199151661e-01,9.720688947525707446e-01
1.721999999999999886e+01,-5.755986763724001420e-01,-5.755986837490898456e-01,-5.755994140412372673e-01,-5.756724418319458803e-01,-5.829624960734117733e-01,9.563228903635814238e-01
1.723000000000000043e+01,-5.724296044704388908e-01,-5.724296118478273687e-01,-5.724303422091588933e-01,-5.725033770660219457e-01,-5.797954636084897695e-01,9.388566561229625407e-01
1.724000000000000199e+01,-5.689469548258947462e-01,-5.689469622033556107e-01,-5.689476925718702782e-01,-5.690207282991807114e-01,-5.763142584743554675e-01,9.195237204059583114e-01
1.725000000000000000e+01,-5.651519912068154738e-01,-5.651519985838043825e-01,-5.651527289056063053e-01,-5.652257601151852162e-01,-5.725202282084264072e-01,8.981605356781665606e-01
1.726000000000000156e+01,-5.610461004317434108e-01,-5.610461078077889630e-01,-5.610468380362031438e-01,-5.611198600618416688e-01,-5.684148341054717779e-01,8.745856063519495960e-01
1.726999999999999957e+01,-5.566307950610426269e-01,-5.566308024357370376e-01,-5.566315325303974326e-01,-5.567045413410157684e-01,-5.639996535764798535e-01,8.486005853010230027e-01
1.728000000000000114e+01,-5.519077162615145804e-01,-5.519077236345043547e-01,-5.519084535604157349e-01,-5.519814456661783497e-01,-5.592763826925277737e-01,8.199952936692642691e-01
1.728999999999999915e+01,-5.468786368360545325e-01,-5.468786442070308063e-01,-5.468793739336108573e-01,-5.469523462785608192e-01,-5.542468389089322267e-01,7.885597554937233689e-01
1.730000000000000071e+01,-5.415454643770717391e-01,-5.415454717457598433e-01,-5.415462012458367447e-01,-5.416191511115864277e-01,-5.489129639407608341e-01,7.541073766368471265e-01
1.730999999999999872e+01,-5.359102445283161487e-01,-5.359102518944658389e-01,-5.359109811432636317e-01,-5.359839060584207227e-01,-5.432768267497392056e-01,7.165129712505687865e-01
1.732000000000000028e+01,-5.299751643787096178e-01,-5.299751717420844166e-01,-5.299759007161801705e-01,-5.300487983423785021e-01,-5.373406266870427439e-01,6.757647028434379255e-01
1.733000000000000185e+01,-5.237425559254713647e-01,-5.237425632858374591e-01,-5.237432919620954586e-01,-5.238161599885033937e-01,-5.311066967288914364e-01,6.320176912641302103e-01
1.733999999999999986e+01,-5.172148996034708901e-01,-5.172149069605866956e-01,-5.172156353150693109e-01,-5.172884713498913101e-01,-5.245775067964643101e-01,5.856229625225082280e-01
1.735000000000000142e+01,-5.103948278576274644e-01,-5.103948352112317455e-01,-5.103955632180902091e-01,-5.104683646790419971e-01,-5.177556671394578647e-01,5.371041371553498811e-01
1.735999999999999943e+01,-5.032851287392674511e-01,-5.032851360890684411e-01,-5.032858637194135287e-01,-5.033586277215260640e-01,-5.106439317708014736e-01,4.870795357717701002e-01
1.737000000000000099e+01,-4.958887495066861550e-01,-4.958887568523498435e-01,-4.958894840731090659e-01,-4.959622073115556584e-01,-5.032452019397712917e-01,4.361632339684091697e-01
1.737999999999999901e+01,-4.882088002023571294e-01,-4.882088075434954377e-01,-4.882095343162533019e-01,-4.882822129485016593e-01,-4.955625296103322031e-01,3.848885090914962448e-01
1.739000000000000057e+01,-4.802485571715413570e-01,-4.802485645077004262e-01,-4.802492907875249850e-01,-4.803219203221592570e-01,-4.875991208933956322e-01,3.336739305776090792e-01
1.740000000000000213e+01,-4.720114665256448516e-01,-4.720114738562929957e-01,-4.720121995905557366e-01,-4.720847747647423653e-01,-4.793583394820574162e-01,2.828248797174128804e-01
1.741000000000000014e+01,-4.635011474991372893e-01,-4.635011548236533940e-01,-4.635018799508416332e-01,-4.635743946136651195e-01,-4.708437100095969052e-01,2.325529516844715705e-01
1.742000000000000171e+01,-4.547213956872828144e-01,-4.547214030049436251e-01,-4.547221274534727353e-01,-4.547945744462045248e-01,-4.620589213269551410e-01,1.829993526918125557e-01
1.742999999999999972e+01,-4.456761861362705801e-01,-4.456761934462390995e-01,-4.456769171332645718e-01,-4.457492881694100628e-01,-4.530078296733106580e-01,1.342554081671429866e-01
1.744000000000000128e+01,-4.363696762558732511e-01,-4.363696835571871380e-01,-4.363704063874239147e-01,-4.364426919352309420e-01,-4.436944617189774731e-01,8.637819747416436433e-02
1.744999999999999929e+01,-4.268062085250525217e-01,-4.268062158166119335e-01,-4.268069376811653992e-01,-4.268791268503751568e-01,-4.341230174601053982e-01,3.940161461229113593e-02
1.746000000000000085e+01,-4.169903129745001213e-01,-4.169903202550558907e-01,-4.169910410302709591e-01,-4.170631214526540065e-01,-4.242978729370169289e-01,-6.656147177024507311e-03
1.746999999999999886e+01,-4.069267094114817906e-01,-4.069267166796244339e-01,-4.069274362259562849e-01,-4.069993939425892160e-01,-4.142235827395619463e-01,-5.178767941394485375e-02
1.748000000000000043e+01,-3.966203093534752533e-01,-3.966203166076235909e-01,-3.966210347685379389e-01,-3.966928541222232152e-01,-4.039048823053090764e-01,-9.599320634922464679e-02
1.749000000000000199e+01,-3.860762176516139843e-01,-3.860762248900045379e-01,-3.860769414909155928e-01,-3.861486050203665199e-01,-3.933466899596157473e-01,-1.392786122518050451e-01
1.750000000000000000e+01,-3.752997337803053446e-01,-3.752997410009820678e-01,-3.753004558482336828e-01,-3.753719441829233006e-01,-3.825541086880054342e-01,-1.816542412506930160e-01
1.751000000000000156e+01,-3.642963527601658646e-01,-3.642963599609703174e-01,-3.642970728408685410e-01,-3.643683646028481604e-01,-3.715324276154001737e-01,-2.231341917796333396e-01
1.751999999999999957e+01,-3.530717656795800963e-01,-3.530717728581421744e-01,-3.530724835360462555e-01,-3.531435552556528856e-01,-3.602871231653301809e-01,-2.637359164613398699e-01
1.753000000000000114e+01,-3.416318598011567897e-01,-3.416318669548861764e-01,-3.416325751743706229e-01,-3.417034012070310212e-01,-3.488238598730243334e-01,-3.034799982943797714e-01
1.753999999999999915e+01,-3.299827182494375899e-01,-3.299827253755164835e-01,-3.299834308576066189e-01,-3.300539832976132626e-01,-3.371484908453025175e-01,-3.423900144949470481e-01
1.755000000000000071e+01,-3.181306192100514796e-01,-3.181306263054273220e-01,-3.181313287479214380e-01,-3.182015773679131576e-01,-3.252670578363948684e-01,-3.804924270821109511e-01
1.755999999999999872e+01,-3.060820346514204759e-01,-3.060820417128001236e-01,-3.060827407896851149e-01,-3.061526529841510635e-01,-3.131857909115626781e-01,-4.178164588171047744e-01
1.757000000000000028e+01,-2.938436285498157163e-01,-2.938436355736607775e-01,-2.938443309346316923e-01,-2.939138716679415841e-01,-3.009111076891829439e-01,-4.543939272468284774e-01
1.758000000000000185e+01,-2.814222545967091649e-01,-2.814222615792320026e-01,-2.814229528493225052e-01,-2.814920846143458832e-01,-2.884496121472447383e-01,-4.902590206300457276e-01
1.758999999999999986e+01,-2.688249533595481466e-01,-2.688249602967097696e-01,-2.688256470760405081e-01,-2.688943298737948018e-01,-2.758080929688756511e-01,-5.254480075624266000e-01
1.760000000000000142e+01,-2.560589488792453516e-01,-2.560589557667536376e-01,-2.560596376304098976e-01,-2.561278289708925904e-01,-2.629935213998148558e-01,-5.599988797555044417e-01
1.760999999999999943e+01,-2.431316447519161206e-01,-2.431316515852262605e-01,-2.431323280832722311e-01,-2.431999829635598520e-01,-2.500130486157924881e-01,-5.939509320777704993e-01
1.762000000000000099e+01,-2.300506196136036519e-01,-2.300506263879196212e-01,-2.300512970455509676e-01,-2.301183679764049472e-01,-2.368740026167971691e-01,-6.273442890654981063e-01
1.762999999999999901e+01,-2.168236220542517634e-01,-2.168236287645293747e-01,-2.168242930823748860e-01,-2.168907301215253214e-01,-2.235838845740708014e-01,-6.602193897020545155e-01
1.764000000000000057e+01,-2.034585649675755836e-01,-2.034585716085271501e-01,-2.034592290631038747e-01,-2.035249798598114668e-01,-2.101503646635374811e-01,-6.926164451096032959e-01
1.765000000000000213e+01,-1.899635193425944224e-01,-1.899635259086948080e-01,-1.899641759530200924e-01,-1.900291858017164603e-01,-1.965812773787329326e-01,-7.245748840979548966e-01
1.766000000000000014e+01,-1.763467074888916963e-01,-1.763467139743864487e-01,-1.763473560387481265e-01,-1.764115679535582237e-01,-1.828846163160505189e-01,-7.561328021501640961e-01
1.767000000000000171e+01,-1.626164956888912494e-01,-1.626165020878054257e-01,-1.626171355806902974e-01,-1.626804904033416488e-01,-1.690685284148845113e-01,-7.873264279922371767e-01
1.767999999999999972e+01,-1.487813863141852766e-01,-1.487813926203348514e-01,-1.487820169295268613e-01,-1.488444534436345335e-01,-1.551413076457175411e-01,-8.181896208986431107e-01
1.769000000000000128e+01,-1.348500094754715439e-01,-1.348500156824760654e-01,-1.348506301763076620e-01,-1.349120852035977924e-01,-1.411113882210721093e-01,-8.487534088198895876e-01
1.769999999999999929e+01,-1.208311141078606266e-01,-1.208311202091574277e-01,-1.208317242379200462e-01,-1.208921327994583045e-01,-1.269873372576303394e-01,-8.790455754163044588e-01
1.771000000000000085e+01,-1.067335586057632651e-01,-1.067335645946232009e-01,-1.067341574921304853e-01,-1.067934529654671200e-01,-1.127778469224881286e-01,-9.090903002719317172e-01
1.771999999999999886e+01,-9.256630101603173510e-02,-9.256630688557643261e-02,-9.256688797087633813e-02,-9.262500225889963579e-02,-9.849172609450590476e-02,-9.389078550216722885e-01
1.773000000000000043e+01,-7.833838882571332596e-02,-7.833839456893400277e-02,-7.833896314816164719e-02,-7.839582685745040413e-02,-8.413789156021356241e-02,-9.685143533206820310e-01
1.774000000000000199e+01,-6.405894836766171108e-02,-6.405895397743918696e-02,-6.405950934579957012e-02,-6.411505198301006847e-02,-6.972535875091993851e-02,-9.979215523922712050e-01
1.775000000000000000e+01,-4.973717386938066032e-02,-4.973717933850665962e-02,-4.973772078237437277e-02,-4.979187097825744923e-02,-5.526323202687130620e-02,-1.027136698672630022e+00
1.776000000000000156e+01,-3.538231621057279230e-02,-3.538232153177219702e-02,-3.538284833090825365e-02,-3.543553406603434930e-02,-4.076069455518806228e-02,-1.056162411224027764e+00
1.776999999999999957e+01,-2.100367148307778417e-02,-2.100367664903191739e-02,-2.100418807889297551e-02,-2.105533688801106834e-02,-2.622699788262073881e-02,-1.084996593479667926e+00
1.778000000000000114e+01,-6.610569276570277264e-03,-6.610574279941171076e-03,-6.611069614070489570e-03,-6.660608845177893103e-03,-1.167145109371697971e-02,-1.113632362482357196e+00
1.778999999999999915e+01,7.787639156585546459e-03,7.787634323130303640e-03,7.787155810643955206e-03,7.739298754255254965e-03,2.896590296144467558e-03,-1.142057985278936760e+00
1.780000000000000071e+01,2.218159284583983565e-02,2.218158818960170447e-02,2.218112722161370842e-02,2.213502463106527263e-02,1.746773570683185506e-02,-1.170256810524433533e+00
1.780999999999999872e+01,3.656193310003619246e-02,3.656192862826009027e-02,3.656148592202434350e-02,3.651720952960216954e-02,3.203257107598062731e-02,-1.198207183861790259e+00
1.782000000000000028e+01,5.091931550993254035e-02,5.091931122978099467e-02,5.091888749438768652e-02,5.087650821652947575e-02,4.658167062318280954e-02,-1.225882334694055054e+00
1.783000000000000185e+01,6.524442190430723709e-02,6.524441782283449398e-02,6.524401375664864999e-02,6.520360143443346135e-02,6.110560872561085488e-02,-1.253250222398205604e+00
1.783999999999999986e+01,7.952797219328375244e-02,7.952796831740999162e-02,7.952758460552414310e-02,7.948920775499057623e-02,7.559497186580049766e-02,-1.280273329670613913e+00
1.785000000000000142e+01,9.376073606968890473e-02,9.376073240617485705e-02,9.376036971789813990e-02,9.372409527589978251e-02,9.004037061337344383e-02,-1.306908390657929964e+00
1.785999999999999943e+01,1.079335445040713604e-01,1.079335410594934597e-01,1.079332000458915752e-01,1.078990931256186558e-01,1.044324515727891867e-01,-1.333106041448692380e+00
1.787000000000000099e+01,1.220373009919250157e-01,1.220372977726511265e-01,1.220369790641539776e-01,1.220051027147262546e-01,1.187619092513342856e-01,-1.358810381601120332e+00
1.787999999999999901e+01,1.360629925070378221e-01,1.360629895192040917e-01,1.360626937232956857e-01,1.360331086976230286e-01,1.330194977995781958e-01,-1.383958435241759988e+00
1.789000000000000057e+01,1.500017001128241545e-01,1.500016973623126693e-01,1.500014250613186939e-01,1.499741895971825612e-01,1.471960425738105815e-01,-1.408479504069354515e+00
1.790000000000000213e+01,1.638446091934619986e-01,1.638446066858795791e-01,1.638443584348685533e-01,1.638195280461135495e-01,1.612824514571180867e-01,-1.432294408698081334e+00
1.791000000000000014e+01,1.775830192774857652e-01,1.775830170181438850e-01,1.775827933429496575e-01,1.775604206168595045e-01,1.752697259105266969e-01,-1.455314623895749948e+00
1.792000000000000171e+01,1.912083534033074406e-01,1.912083513972037130e-01,1.912081527925830193e-01,1.911882872084352814e-01,1.891489716930427334e-01,-1.477441329100865897e+00
1.792999999999999972e+01,2.047121670024862616e-01,2.047121652542871484e-01,2.047119921822221356e-01,2.046946799443241372e-01,2.029114092128272984e-01,-1.498564421799918556e+00
1.794000000000000128e+01,2.180861562830458400e-01,2.180861547970710801e-01,2.180860076852250140e-01,2.180712915648165828e-01,2.165483834671904917e-01,-1.518561583128171133e+00
1.794999999999999929e+01,2.313221660852008976e-01,2.313221648654095741e-01,2.313220441057408094e-01,2.313099632980490372e-01,2.300513735302639473e-01,-1.537297550373798227e+00
1.796000000000000085e+01,2.444121971791751724e-01,2.444121962291535000e-01,2.444121021766907931e-01,2.444026921829802745e-01,2.434120015531072156e-01,-1.554623844672166966e+00
1.796999999999999886e+01,2.573484129883659155e-01,2.573484123113163324e-01,2.573483452831047402e-01,2.573416378169502972e-01,2.566220412530709205e-01,-1.570379330562587938e+00
1.798000000000000043e+01,2.701231457743668019e-01,2.701231453730991716e-01,2.701231056473167857e-01,2.701191285251484664e-01,2.696734258544561391e-01,-1.584392136624650060e+00
1.799000000000000199e+01,2.827289022126660001e-01,2.827289020895902838e-01,2.827288899048291948e-01,2.827276669841140011e-01,2.825582554584501471e-01,-1.596483611090932619e+00
1.800000000000000000e+01,2.951583683852052609e-01,2.951583685423261327e-01,2.951583840970443129e-01,2.951599352247178953e-01,2.952688038303968865e-01,-1.606475040492814532e+00
1.801000000000000156e+01,3.074044141955840637e-01,3.074044146344969697e-01,3.074044580866371335e-01,3.074087990594763786e-01,3.077975245885409272e-01,-1.614197683042822629e+00
1.801999999999999957e+01,3.194600972122293436e-01,3.194600979341183367e-01,3.194601694008893933e-01,3.194673119362810843e-01,3.201370567745305262e-01,-1.619506082453562312e+00
1.803000000000000114e+01,3.313186659337020723e-01,3.313186669393389794e-01,3.313187664971517510e-01,3.313287182255207908e-01,3.322802297939605465e-01,-1.622293533818802036e+00
1.803999999999999915e+01,3.429735624721795828e-01,3.429735637619250044e-01,3.429736914464758257e-01,3.429864559365997656e-01,3.442200677605140036e-01,-1.622507153901092680e+00
1.805000000000000071e+01,3.544184247067722060e-01,3.544184262805777919e-01,3.544185820870894288e-01,3.544341588643228347e-01,3.559497932094477513e-01,-1.620158898625664534e+00
1.805999999999999872e+01,3.656470879260276252e-01,3.656470897834400158e-01,3.656472736670272061e-01,3.656656582340004347e-01,3.674628301922304718e-01,-1.615328972155522180e+00
1.807000000000000028e+01,3.766535859194023450e-01,3.766535880595680008e-01,3.766537999357345567e-01,3.766749838350665902e-01,3.787528067743238247e-01,-1.608159876836890545e+00
1.808000000000000185e+01,3.874321515856872788e-01,3.874321540073588643e-01,3.874323937526146233e-01,3.874563646331243838e-01,3.898135569520192467e-01,-1.598842256823888697e+00
1.808999999999999986e+01,3.979772170793837160e-01,3.979772197809272605e-01,3.979774872335172242e-01,3.980042289190937055e-01,4.006391219949795302e-01,-1.587596173316592640e+00
1.810000000000000142e+01,4.082834135170689827e-01,4.082834164964725399e-01,4.082837114572075987e-01,4.083132040206852720e-01,4.112237512218881452e-01,-1.574652232194765133e+00
1.810999999999999943e+01,4.183455702560687217e-01,4.183455735109513629e-01,4.183458957441267834e-01,4.183781155968390175e-01,4.215619022482651745e-01,-1.560235983412285865e+00
1.812000000000000099e+01,4.281587137587545833e-01,4.281587172863767776e-01,4.281590665207665181e-01,4.281939865291013447e-01,4.316482407692447953e-01,-1.544557168516041745e+00
1.812999999999999901e+01,4.377180660874933626e-01,4.377180698847675799e-01,4.377184458147039270e-01,4.377560354243989482e-01,4.414776398241762045e-01,-1.527803754737696806e+00
1.814000000000000057e+01,4.470190431336985570e-01,4.470190471972008694e-01,4.470194494837128607e-01,4.470596747824199246e-01,4.510451786244073502e-01,-1.510139767737698868e+00
1.815000000000000213e+01,4.560572524516480764e-01,4.560572567776299824e-01,4.560576850496282919e-01,4.561005089196105700e-01,4.603461409703650808e-01,-1.491705683552859707e+00
1.816000000000000014e+01,4.648284908466707721e-01,4.648284954310719086e-01,4.648289492865826933e-01,4.648743315242873098e-01,4.693760132954973852e-01,-1.472620289293308016e+00
1.817000000000000171e+01,4.733287417102861605e-01,4.733287465487472367e-01,4.733292255561825090e-01,4.733771229991990959e-01,4.781304823587330111e-01,-1.452983217274398164e+00
1.817999999999999972e+01,4.815541721375909412e-01,4.815541772254663955e-01,4.815546809249235949e-01,4.816050475776029738e-01,4.866054326076182379e-01,-1.432877644203743639e+00
1.819000000000000128e+01,4.895011298496406149e-01,4.895011351820123258e-01,4.895016630865937080e-01,4.895544502491066541e-01,4.947969432374577092e-01,-1.412372868525363367e+00
1.819999999999999929e+01,4.971661399423118466e-01,4.971661455140024000e-01,4.971666971111456945e-01,4.972218535179407928e-01,5.027012850624154039e-01,-1.391526627797209148e+00
1.821000000000000085e+01,5.045459014917885732e-01,5.045459072973748071e-01,5.045464820501915915e-01,5.046039540157010173e-01,5.103149171580927401e-01,-1.370387107916186009e+00
1.821999999999999886e+01,5.116372840890311968e-01,5.116372901228579684e-01,5.116378874714786473e-01,5.116976190023962978e-01,5.176344832929119510e-01,-1.348994645662069836e+00
1.823000000000000043e+01,5.184373242560382788e-01,5.184373305122317310e-01,5.184379498751412463e-01,5.184998828162277196e-01,5.246568082436315894e-01,-1.327383150435969439e+00
1.824000000000000199e+01,5.249432218184816312e-01,5.249432282909626268e-01,5.249438690663289497e-01,5.250079432319572081e-01,5.313788939979505743e-01,-1.305581280068384809e+00
1.825000000000000000e+01,5.311523362496940459e-01,5.311523429321916012e-01,5.311530044991825683e-01,5.312191578047054108e-01,5.377979158788411818e-01,-1.283613407357492520e+00
1.826000000000000156e+01,5.370621830090018811e-01,5.370621898950660444e-01,5.370628716151490956e-01,5.371310402064511935e-01,5.439112186167133212e-01,-1.261500411067297378e+00
1.826999999999999957e+01,5.426704298979377894e-01,5.426704369809528528e-01,5.426711381991751182e-01,5.427412565804725642e-01,5.497163124064243789e-01,-1.239260321279490595e+00
1.828000000000000114e+01,5.479748934562285179e-01,5.479749007294256735e-01,5.479756207756725228e-01,5.480476219362961920e-01,5.552108689913108908e-01,-1.216908844371722420e+00
1.828999999999999915e+01,5.529735354221609889e-01,5.529735428786306528e-01,5.529742810688591526e-01,5.530480966065388637e-01,5.603927177719438824e-01,-1.194459788726976779e+00
1.830000000000000071e+01,5.576644592773721820e-01,5.576644669100764284e-01,5.576652225475247082e-01,5.577407827885887404e-01,5.652598419906174065e-01,-1.171925408637747301e+00
1.830999999999999872e+01,5.620459068923721047e-01,5.620459146941564343e-01,5.620466870705245199e-01,5.621239211884287990e-01,5.698103750085531383e-01,-1.149316680761356846e+00
1.832000000000000028e+01,5.661162552960518068e-01,5.661162632596568045e-01,5.661170516562601396e-01,5.661958877862116601e-01,5.740425967002011909e-01,-1.126643524957247067e+00
1.833000000000000185e+01,5.698740135820290487e-01,5.698740217001015962e-01,5.698748253889963644e-01,5.699551907414700525e-01,5.779549299855124556e-01,-1.103914979345650860e+00
1.833999999999999986e+01,5.733178199703653499e-01,5.733178282354700617e-01,5.733186464805497540e-01,5.734004674516099964e-01,5.815459375208790194e-01,-1.081139337961066538e+00
1.835000000000000142e+01,5.764464390426182749e-01,5.764464474472482669e-01,5.764472795053121601e-01,5.765304817815082306e-01,5.848143185731022875e-01,-1.058324257938418222e+00
1.835999999999999943e+01,5.792587591614424269e-01,5.792587676980294198e-01,5.792596128198228556e-01,5.793441214812641293e-01,5.877589060858141590e-01,-1.035476842467204506e+00
1.837000000000000099e+01,5.817537900808464890e-01,5.817537987417709111e-01,5.817546561729985966e-01,5.818403957983654395e-01,5.903786639599584163e-01,-1.012603704903402013e+00
1.837999999999999901e+01,5.839306607729459753e-01,5.839306695505480649e-01,5.839315385328600616e-01,5.840184332954629909e-01,5.926726845603660365e-01,-9.897110193686284862e-01
1.839000000000000057e+01,5.857886174722646278e-01,5.857886263588529818e-01,5.857895061308066031e-01,5.858774798940232786e-01,5.946401864609373034e-01,-9.668045612774383013e-01
1.840000000000000213e+01,5.873270219464499231e-01,5.873270309343114892e-01,5.873279207323075513e-01,5.874168971445943299e-01,5.962805124410844870e-01,-9.438897428063158790e-01
1.841000000000000014e+01,5.885453500032795660e-01,5.885453590846886351e-01,5.885462581438853924e-01,5.886361607314929412e-01,5.975931277437016576e-01,-9.209716475407720981e-01
1.842000000000000171e+01,5.894431902456866990e-01,5.894431994129138985e-01,5.894441069681195522e-01,5.895348592218151440e-01,5.985776185969367003e-01,-8.980550658332027147e-01
1.842999999999999972e+01,5.900202430777912177e-01,5.900202523231127261e-01,5.900211676096569491e-01,5.901126930693901818e-01,5.992336910130344751e-01,-8.751445357021304661e-01
1.844000000000000128e+01,5.902763199528966442e-01,5.902763292686024066e-01,5.902772515231893280e-01,5.903694738696676492e-01,5.995611698664350397e-01,-8.522443932977861181e-01
1.844999999999999929e+01,5.902113428913031701e-01,5.902113522697054471e-01,5.902122807312500941e-01,5.903051238654453137e-01,5.995599982530126493e-01,-8.293588318383772195e-01
1.846000000000000085e+01,5.898253442533880619e-01,5.898253536868296454e-01,5.898262875972778430e-01,5.899196757220929177e-01,5.992302371324477184e-01,-8.064919687752911681e-01
1.846999999999999886e+01,5.891184667708067035e-01,5.891184762516693540e-01,5.891194148568039690e-01,5.892132725590282227e-01,5.985720652565611477e-01,-7.836479341085154093e-01
1.848000000000000043e+01,5.880909638370683812e-01,5.880909733577802667e-01,5.880919159080143510e-01,5.881861682389758483e-01,5.975857793829238984e-01,-7.608309658447068857e-01
1.849000000000000199e+01,5.867432000613433951e-01,5.867432096143879727e-01,5.867441553655474706e-01,5.868387279164093417e-01,5.962717947614486480e-01,-7.380455203546517629e-01
1.850000000000000000e+01,5.850756520775638458e-01,5.850756616554864120e-01,5.850766098695813211e-01,5.851714288474092474e-01,5.946306459026633462e-01,-7.152963947074132411e-01
1.851000000000000156e+01,5.830889095954929768e-01,5.830889191909092162e-01,5.830898691368977538e-01,5.831848614457724178e-01,5.926629876146889409e-01,-6.925888582924828452e-01
1.851999999999999957e+01,5.807836767094392005e-01,5.807836863150428464e-01,5.807846372695868453e-01,5.808797305828129476e-01,5.903695963018298354e-01,-6.699287903836415037e-01
1.853000000000000114e+01,5.781607734435754153e-01,5.781607830521452440e-01,5.781617343003596643e-01,5.782568571341520913e-01,5.877513715165971764e-01,-6.473228179464567411e-01
1.853999999999999915e+01,5.752211375275015914e-01,5.752211471319095271e-01,5.752220979681051949e-01,5.753171797587722791e-01,5.848093377576324414e-01,-6.247784464519613445e-01
1.855000000000000071e+01,5.719658263951423738e-01,5.719658359883604826e-01,5.719667857167829439e-01,5.720617568973314082e-01,5.815446465007838572e-01,-6.023041728172682241e-01
1.855999999999999872e+01,5.683960194021847601e-01,5.683960289772930219e-01,5.683969769128579541e-01,5.684917689827975185e-01,5.779585784439038587e-01,-5.799095653206163270e-01
1.857000000000000028e+01,5.645130202486655646e-01,5.645130297988590895e-01,5.645139752678793865e-01,5.646085208577458214e-01,5.740525459621605986e-01,-5.576052892628093893e-01
1.858000000000000185e+01,5.603182595785132225e-01,5.603182690971094670e-01,5.603192114380208810e-01,5.604134443919246422e-01,5.698280957509571643e-01,-5.354030473726876238e-01
1.858999999999999986e+01,5.558132977693710508e-01,5.558133072498174787e-01,5.558142458139000430e-01,5.559081012664151000e-01,5.652869116406024075e-01,-5.133153905393346150e-01
1.860000000000000142e+01,5.509998278822675344e-01,5.509998373181482778e-01,5.510007714702420678e-01,5.510941859080987770e-01,5.604308175641645740e-01,-4.913553345647996839e-01
1.860999999999999943e+01,5.458796787573089171e-01,5.458796881423522152e-01,5.458806172615668917e-01,5.459735285954547823e-01,5.552617806603917794e-01,-4.695356906915998385e-01
1.862000000000000099e+01,5.404548182368682507e-01,5.404548275649538880e-01,5.404557510453704694e-01,5.405480986824947598e-01,5.497819144925891743e-01,-4.478679802153850420e-01
1.862999999999999901e+01,5.347273565016822383e-01,5.347273657668480951e-01,5.347282830182140678e-01,5.348200079356575376e-01,5.439934823573747691e-01,-4.263607571324301571e-01
1.864000000000000057e+01,5.286995495044902738e-01,5.286995587009393205e-01,5.287004691493543129e-01,5.287915139624618233e-01,5.378989006585441768e-01,-4.050171164630027576e-01
1.865000000000000213e+01,5.223738024837764060e-01,5.223738116058835868e-01,5.223747146944734965e-01,5.224650237144348175e-01,5.315007423320083912e-01,-3.838311438687744825e-01
1.866000000000000014e+01,5.157526735113511229e-01,5.157526825536700166e-01,5.157535777432394886e-01,5.158430970459975118e-01,5.248017402858888847e-01,-3.627831235247661601e-01
1.867000000000000171e+01,5.088388770808565109e-01,5.088388860381257706e-01,5.088397728078029036e-01,5.089284503066947574e-01,5.178047908364417085e-01,-3.418335736354876087e-01
1.867999999999999972e+01,5.016352877078619210e-01,5.016352965750117132e-01,5.016361744228670094e-01,5.017239599241442027e-01,5.105129571116915344e-01,-3.209167752174779675e-01
1.869000000000000128e+01,4.941449435078872909e-01,4.941449522800448468e-01,4.941458207236876232e-01,4.942326659875694306e-01,5.029294723937918210e-01,-2.999354926285393574e-01
1.869999999999999929e+01,4.863710497363646912e-01,4.863710584088605793e-01,4.863719169860074021e-01,4.864577757833755678e-01,4.950577433709265618e-01,-2.787598116137435245e-01
1.871000000000000085e+01,4.783169822624294687e-01,4.783169908308027019e-01,4.783178390998146234e-01,4.784026672644266509e-01,4.869013532768509123e-01,-2.572335047293201060e-01
1.871999999999999886e+01,4.699862909491447915e-01,4.699862994091479340e-01,4.699871369495303153e-01,4.700708924287418933e-01,4.784640648855185141e-01,-2.351896370479562570e-01
1.873000000000000043e+01,4.613827029132263613e-01,4.613827112608300807e-01,4.613835376736926674e-01,4.614661805779183279e-01,4.697498233280307245e-01,-2.124728216681435744e-01
1.874000000000000199e+01,4.525101256436545594e-01,4.525101338750522895e-01,4.525109487835237698e-01,4.525924414254842709e-01,4.607627587075416864e-01,-1.889610454838438758e-01
1.875000000000000000e+01,4.433726499428910506e-01,4.433726580545021001e-01,4.433734611040934803e-01,4.434537680318296760e-01,4.515071884859626627e-01,-1.645793401507097686e-01
1.876000000000000156e+01,4.339745526637802664e-01,4.339745606522530386e-01,4.339753515111649529e-01,4.340544395431632507e-01,4.419876196106762301e-01,-1.393018413587625570e-01
1.876999999999999957e+01,4.243202992182901756e-01,4.243203070805048327e-01,4.243210854398749565e-01,4.243989236910113982e-01,4.322087503482302528e-01,-1.131443713924091821e-01
1.878000000000000114e+01,4.144145458307531560e-01,4.144145535638232847e-01,4.144153191379074119e-01,4.144918790330103242e-01,4.221754717988704941e-01,-8.615252039990328736e-02
1.878999999999999915e+01,4.042621415012824793e-01,4.042621491025563119e-01,4.042629016288372124e-01,4.043381569103194906e-01,4.118928690873726595e-01,-5.838965186379913019e-02
1.880000000000000071e+01,3.938681296448558466e-01,3.938681371119168162e-01,3.938688763511348778e-01,3.939428030907398126e-01,4.013662221705061040e-01,-2.992721533795628108e-02
1.880999999999999872e+01,3.832377493978820215e-01,3.832377567285478182e-01,3.832384824646568600e-01,3.833110590622658131e-01,3.906010062552262019e-01,-8.379626919732818813e-04
1.882000000000000028e+01,3.723764365587367564e-01,3.723764437510581615e-01,3.723771557910902086e-01,3.724483629475320301e-01,3.796028918057735568e-01,2.880829383906774455e-02
1.883000000000000185e+01,3.612898241181518033e-01,3.612898311704105248e-01,3.612905293442522092e-01,3.613603500456618045e-01,3.683777441201342429e-01,5.894704191163008256e-02
1.883999999999999986e+01,3.499837423722068630e-01,3.499837492829122043e-01,3.499844334429889625e-01,3.500528529342810113e-01,3.569316224493107037e-01,8.952016982958271862e-02
1.885000000000000142e+01,3.384642185958998128e-01,3.384642253637847320e-01,3.384648953846497998e-01,3.385319011238324682e-01,3.452707786340382112e-01,1.204762821253284044e-01
1.885999999999999943e+01,3.267374762475890870e-01,3.267374828716048119e-01,3.267381386494290219e-01,3.268037202481591241e-01,3.334016552621197338e-01,1.517705536407744638e-01
1.887000000000000099e+01,3.148099336715733942e-01,3.148099401508834272e-01,3.148105816028413662e-01,3.148747307709430787e-01,3.213308833447371948e-01,1.833643286431528296e-01
1.887999999999999901e+01,3.026882022888394697e-01,3.026882086228119828e-01,3.026888356863741691e-01,3.027515461781347672e-01,3.090652794599999531e-01,2.152245904371514196e-01
1.889000000000000057e+01,2.903790842950382811e-01,2.903790904832386777e-01,2.903797031153598218e-01,2.904409706279456604e-01,2.966118423841449525e-01,2.473233746815078349e-01
1.890000000000000213e+01,2.778895697830335298e-01,2.778895758252145076e-01,2.778901740014216304e-01,2.779499960819725168e-01,2.839777492071966503e-01,2.796371677714541981e-01
1.891000000000000014e+01,2.652268333213281259e-01,2.652268392174199074e-01,2.652274229308031472e-01,2.652857988886199725e-01,2.711703509333880935e-01,3.121463127874268828e-01
1.892000000000000171e+01,2.523982299773678828e-01,2.523982357274668353e-01,2.523988049875786066e-01,2.524557357835446325e-01,2.581971675592130144e-01,3.448344350180033158e-01
1.892999999999999972e+01,2.394112907792216582e-01,2.394112963835784980e-01,2.394118512152419165e-01,2.394673393302109710e-01,2.450658826242546329e-01,3.776878934474567906e-01
1.894000000000000128e+01,2.262737175984737004e-01,2.262737230574805025e-01,2.262742634995106306e-01,2.263283128004466294e-01,2.317843372354472242e-01,4.106952618516775400e-01
1.894999999999999929e+01,2.129933774419713877e-01,2.129933827561479309e-01,2.129939088599933639e-01,2.130465244876953435e-01,2.183605236459623677e-01,4.438468418538879523e-01
1.896000000000000085e+01,1.995782962118849979e-01,1.995783013818642204e-01,1.995788132101868895e-01,1.996300014421525382e-01,2.048025783274718958e-01,4.771342098872583537e-01
1.896999999999999886e+01,1.860366519077033820e-01,1.860366569342164489e-01,1.860371545593997589e-01,1.860869226289015854e-01,1.911187745572447416e-01,5.105497996437112773e-01
1.898000000000000043e+01,1.723767672563755737e-01,1.723767721402362785e-01,1.723772556428430636e-01,1.724256115971881664e-01,1.773175145766227589e-01,5.440865213106791387e-01
1.899000000000000199e+01,1.586071018203973337e-01,1.586071065624859444e-01,1.586075760296739023e-01,1.586545285841645669e-01,1.634073213256587442e-01,5.777374184518930811e-01
1.900000000000000000e+01,1.447362436044047351e-01,1.447362482056519795e-01,1.447367037295578251e-01,1.447822621035038670e-01,1.493968297812797996e-01,6.114953626753235616e-01
1.901000000000000156e+01,1.307729001774920463e-01,1.307729046388623750e-01,1.307733463149657882e-01,1.308175200531051519e-01,1.352947779228614034e-01,6.453527852097789008e-01
1.901999999999999957e+01,1.167258893241982093e-01,1.167258936466732955e-01,1.167263215721518477e-01,1.167691203715862935e-01,1.211099973513426603e-01,6.793014433836503940e-01
1.903000000000000114e+01,1.026041292396717708e-01,1.026041334242337316e-01,1.026045476963212966e-01,1.026459812654194753e-01,1.068514036144672941e-01,7.133322187514907764e-01
1.903999999999999915e+01,8.841662834677949112e-02,8.841663239439467858e-02,8.841703310876100619e-02,8.845711102796578740e-02,9.252798626466629539e-02,7.474349418742266549e-01
1.905000000000000071e+01,7.417247479669504540e-02,7.417247870829801748e-02,7.417286595745635480e-02,7.421159747539662899e-02,7.814879866641744055e-02,7.815982375606674859e-01
1.905999999999999872e+01,5.988082557238811471e-02,5.988082934886584247e-02,5.988120322062441547e-02,5.991859710509016279e-02,6.372294761884197967e-02,8.158093825307392022e-01
1.907000000000000028e+01,4.555089535184191074e-02,4.555089899401874864e-02,4.555125956998855308e-02,4.558732397606939102e-02,4.925958281570604058e-02,8.500541658994826832e-01
1.908000000000000185e+01,3.119194513211107772e-02,3.119194864073435852e-02,3.119229599490511845e-02,3.122703831697873703e-02,3.476788618637774442e-02,8.843167412158741136e-01
1.908999999999999986e+01,1.681327066679848270e-02,1.681327404252494148e-02,1.681360823992070208e-02,1.684703497360973135e-02,2.025706116046722960e-02,9.185794564500907589e-01
1.910000000000000142e+01,2.424190760069243333e-03,2.424194003452390458e-03,2.424515098878113513e-03,2.456631713759324567e-03,5.736321899300989534e-03,9.528226473063957647e-01
1.910999999999999943e+01,-1.196596453774384852e-02,-1.196596142626520434e-02,-1.196565338937474049e-02,-1.193484255744140313e-02,-8.785117472838232383e-03,9.870243754070493480e-01
1.912000000000000099e+01,-2.634786576066554253e-02,-2.634786278077796279e-02,-2.634756777140033132e-02,-2.631805962474110389e-02,-2.329805360100846434e-02,1.021160090791495723e+00
1.912999999999999901e+01,-4.071219585159892296e-02,-4.071219300312370337e-02,-4.071191100357222231e-02,-4.068370378177108004e-02,-3.779330453938894996e-02,1.055202194725154197e+00
1.914000000000000057e+01,-5.504966193363446808e-02,-5.504965921653571376e-02,-5.504939022325755493e-02,-5.502248357856876632e-02,-5.226172026913185331e-02,1.089119472994013238e+00
1.915000000000000213e+01,-6.935100696542526033e-02,-6.935100437981660260e-02,-6.935074840406016405e-02,-6.932514347007032174e-02,-6.669419306325598262e-02,1.122876365790185904e+00
1.916000000000000014e+01,-8.360702124213789665e-02,-8.360701878828791234e-02,-8.360677585663547906e-02,-8.358247529963262756e-02,-8.108166766059166086e-02,1.156432032503109442e+00
1.917000000000000171e+01,-9.780855368999025190e-02,-9.780855136832634911e-02,-9.780832152308938099e-02,-9.778532957949863380e-02,-9.541515120558508034e-02,1.189739162439448661e+00
1.917999999999999972e+01,-1.119465229052864774e-01,-1.119465207163974907e-01,-1.119463040158722583e-01,-1.119246265221449377e-01,-1.096857229123986699e-01,1.222742474893485420e+00
1.919000000000000128e+01,-1.260119279045593677e-01,-1.260119258491967653e-01,-1.260117223677796605e-01,-1.259913667737759535e-01,-1.238845434503875742e-01,1.255376845779164752e+00
1.919999999999999929e+01,-1.399958585419691925e-01,-1.399958566210469102e-01,-1.399956664492132963e-01,-1.399766418084784081e-01,-1.380028640263625261e-01,1.287564997734682581e+00
1.921000000000000085e+01,-1.538895055471918016e-01,-1.538895037617845629e-01,-1.538893270059317198e-01,-1.538716439640553935e-01,-1.520320350884025451e-01,1.319214702783251036e+00
1.921999999999999886e+01,-1.676841701567036158e-01,-1.676841685080439626e-01,-1.676840052902020262e-01,-1.676676760604309258e-01,-1.659635146700910724e-01,1.350215484684790690e+00
1.923000000000000043e+01,-1.813712733134478228e-01,-1.813712718029219517e-01,-1.813711222603371920e-01,-1.813561605770487861e-01,-1.797888763489932928e-01,1.380434892213521891e+00
1.924000000000000199e+01,-1.949423643980975340e-01,-1.949423630272400509e-01,-1.949422273118390503e-01,-1.949286483692094785e-01,-1.934998167982361350e-01,1.409714576628505522e+00
1.925000000000000000e+01,-2.083891294561789898e-01,-2.083891282266663036e-01,-2.083890065044081419e-01,-2.083768268985695948e-01,-2.070881629036288030e-01,1.437866682845244881e+00
1.926000000000000156e+01,-2.217033989123085025e-01,-2.217033978259510540e-01,-2.217032902760674995e-01,-2.216925279451925634e-01,-2.205458784224013091e-01,1.464671482465456087e+00
1.926999999999999957e+01,-2.348771547844191177e-01,-2.348771538431528305e-01,-2.348770606572958553e-01,-2.348677347741676691e-01,-2.338650702208653620e-01,1.489877711530399162e+00
1.928000000000000114e+01,-2.479025373207233707e-01,-2.479025365266000758e-01,-2.479024579078999424e-01,-2.478945887876021215e-01,-2.470379940525866957e-01,1.513207561899419407e+00
1.928999999999999915e+01,-2.607718510922465427e-01,-2.607718504474236809e-01,-2.607717866094677595e-01,-2.607653956187395705e-01,-2.600570598468440187e-01,1.534368332529537415e+00
1.930000000000000071e+01,-2.734775705328621465e-01,-2.734775700395917220e-01,-2.734775212053314752e-01,-2.734726306517059613e-01,-2.729148365372350282e-01,1.553071799969499400e+00
1.930999999999999872e+01,-2.860123449218153757e-01,-2.860123445824322985e-01,-2.860123109830315924e-01,-2.860089439877986361e-01,-2.856040564274291427e-01,1.569060018289166969e+00
1.932000000000000028e+01,-2.983690027952902168e-01,-2.983690026122003403e-01,-2.983689844858367635e-01,-2.983671648607996718e-01,-2.981176190915057478e-01,1.582132975463390601e+00
1.933000000000000185e+01,-3.105405557807164874e-01,-3.105405557563840624e-01,-3.105405533470118051e-01,-3.105403054949841257e-01,-3.104485948011946883e-01,1.592171072313498303e+00
1.933999999999999986e+01,-3.225202019211982352e-01,-3.225202020581328100e-01,-3.225202156142022991e-01,-3.225215643982389802e-01,-3.225902274743227549e-01,1.599145880865098679e+00
1.935000000000000142e+01,-3.343013284438894894e-01,-3.343013287446331416e-01,-3.343013585178029601e-01,-3.343043291045614263e-01,-3.345359371852151820e-01,1.603116536539386683e+00
1.935999999999999943e+01,-3.458775139854834979e-01,-3.458775144525975120e-01,-3.458775606964302751e-01,-3.458821784443897318e-01,-3.462793222672286841e-01,1.604214240014691040e+00
1.937000000000000099e+01,-3.572425303113543893e-01,-3.572425309474058785e-01,-3.572425939160582820e-01,-3.572488842516660101e-01,-3.578141609264408052e-01,1.602620634390378163e+00
1.937999999999999901e+01,-3.683903435489011002e-01,-3.683903443564501279e-01,-3.683904243033642167e-01,-3.683984125854931624e-01,-3.691344124601851351e-01,1.598545968416904106e+00
1.939000000000000057e+01,-3.793151149453578563e-01,-3.793151159269440020e-01,-3.793152131035507635e-01,-3.793249244788257646e-01,-3.802342180690855833e-01,1.592210933261014594e+00
1.940000000000000213e+01,-3.900112011570372461e-01,-3.900112023151670604e-01,-3.900113169696129978e-01,-3.900227762413018828e-01,-3.911079012839786540e-01,1.583833630463490794e+00
1.941000000000000014e+01,-4.004731540805832601e-01,-4.004731554177176078e-01,-4.004732877936197921e-01,-4.004865193268052903e-01,-4.017499680182214372e-01,1.573621413947517311e+00
1.942000000000000171e+01,-4.106957203193634109e-01,-4.106957218379047037e-01,-4.106958721731055473e-01,-4.107108997762859426e-01,-4.121551062566414236e-01,1.561766560978305129e+00
1.942999999999999972e+01,-4.206738402596650328e-01,-4.206738419619454605e-01,-4.206740104873329944e-01,-4.206908572534803215e-01,-4.223181853949417031e-01,1.548444594758620063e+00
1.944000000000000128e+01,-4.304026467519721511e-01,-4.304026486402420248e-01,-4.304028355785942117e-01,-4.304215237846496511e-01,-4.322342552970955820e-01,1.533814264264548477e+00
1.944999999999999929e+01,-4.398774634775444725e-01,-4.398774655539607337e-01,-4.398776711188321364e-01,-4.398982221267269122e-01,-4.418985450444331553e-01,1.518018456593841936e+00
1.946000000000000085e+01,-4.490938030102237799e-01,-4.490938052768397304e-01,-4.490940296714883706e-01,-4.491164638173775203e-01,-4.513064613924959723e-01,1.501185561062554408e+00
1.946999999999999886e+01,-4.580473646004802890e-01,-4.580473670592346558e-01,-4.580476104755950573e-01,-4.580719469591123527e-01,-4.604535869903911838e-01,1.483430989488577989e+00
1.948000000000000043e+01,-4.667340317010658102e-01,-4.667340343537731417e-01,-4.667342969714778356e-01,-4.667605537523992210e-01,-4.693356783659448639e-01,1.464858683245177762e+00
1.949000000000000199e+01,-4.751498692533566159e-01,-4.751498721016976789e-01,-4.751501540871547746e-01,-4.751783478037738817e-01,-4.779486637025420759e-01,1.445562518739412106e+00
1.950000000000000000e+01,-4.832911207836002587e-01,-4.832911238291133227e-01,-4.832914253346128897e-01,-4.833215712298162270e-01,-4.862886404300007515e-01,1.425627571274636907e+00
1.951000000000000156e+01,-4.911542053593771495e-01,-4.911542086034494936e-01,-4.911545297663337251e-01,-4.911866415786005358e-01,-4.943518726517866502e-01,1.405131225930771111e+00
1.951999999999999957e+01,-4.987357143531232495e-01,-4.987357177969832800e-01,-4.987360587388595112e-01,-4.987701486288430019e-01,-5.021347884337316048e-01,1.384144138550492675e+00
1.953000000000000114e+01,-5.060324081126440499e-01,-5.060324117573535840e-01,-5.060327725833555501e-01,-5.060688510667628037e-01,-5.096339769762505689e-01,1.362731057767407217e+00
1.953999999999999915e+01,-5.130412125351800912e-01,-5.130412163816279181e-01,-5.130415971797225305e-01,-5.130796730555072793e-01,-5.168461856899487783e-01,1.340951521629017540e+00
1.955000000000000071e+01,-5.197592155747553511e-01,-5.197592196236499040e-01,-5.197596204639898243e-01,-5.197997007486013787e-01,-5.237683172028201328e-01,1.318860442858535986e+00
1.955999999999999872e+01,-5.261836637058165955e-01,-5.261836679576804565e-01,-5.261840888920001902e-01,-5.262261787584290307e-01,-5.303974263144524137e-01,1.296508596008651315e+00
1.957000000000000028e+01,-5.323119583659866594e-01,-5.323119628211507859e-01,-5.323124038822066861e-01,-5.323565066058527639e-01,-5.367307169216385399e-01,1.273943018439752217e+00
1.958000000000000185e+01,-5.381416524076704233e-01,-5.381416570662687082e-01,-5.381421182673173931e-01,-5.381882351736609893e-01,-5.427655389401320196e-01,1.251207335350729810e+00
1.958999999999999986e+01,-5.436704465749806481e-01,-5.436704514369452568e-01,-5.436709327712628825e-01,-5.437190631864403656e-01,-5.484993852457396013e-01,1.228342017737192648e+00
1.960000000000000142e+01,-5.488961860275547444e-01,-5.488961910926113408e-01,-5.488966925330494018e-01,-5.489468337403742293e-01,-5.539298886389459886e-01,1.205384580475963752e+00
1.960999999999999943e+01,-5.538168569352713844e-01,-5.538168622029353561e-01,-5.538173837015124557e-01,-5.538695308993857314e-01,-5.590548188679534958e-01,1.182369727849946539e+00
1.962000000000000099e+01,-5.584305831593350256e-01,-5.584305886289073761e-01,-5.584311301164355257e-01,-5.584852763821713806e-01,-5.638720797294364262e-01,1.159329450167758679e+00
1.962999999999999901e+01,-5.627356230409595872e-01,-5.627356287115238276e-01,-5.627361900972664976e-01,-5.627923263547036647e-01,-5.683797062577911063e-01,1.136293077784648498e+00
1.964000000000000057e+01,-5.667303663181700868e-01,-5.667303721885887935e-01,-5.667309533599483862e-01,-5.667890683461863643e-01,-5.725758620196809145e-01,1.113287295849286762e+00
1.965000000000000213e+01,-5.704133311831292019e-01,-5.704133372520415746e-01,-5.704139380742797583e-01,-5.704740183084063831e-01,-5.764588365346954291e-01,1.090336123819052982e+00
1.966000000000000014e+01,-5.737831614913256884e-01,-5.737831677571444411e-01,-5.737837880731280205e-01,-5.738458178364449491e-01,-5.800270428436077319e-01,1.067460863494535506e+00
1.967000000000000171e+01,-5.768386241497890365e-01,-5.768386306106986217e-01,-5.768392702406720529e-01,-5.769032315527146126e-01,-5.832790152338855894e-01,1.044680019589633968e+00
1.967999999999999972e+01,-5.795786066889743182e-01,-5.795786133429282616e-01,-5.795792720843130352e-01,-5.796451446800893192e-01,-5.862134071163992433e-01,1.022009196743575155e+00
1.969000000000000128e+01,-5.820021150298191337e-01,-5.820021218745390357e-01,-5.820027995017582612e-01,-5.820705608156289124e-01,-5.888289891056543990e-01,9.994609775005705021e-01
1.969999999999999929e+01,-5.841082714595787762e-01,-5.841082784925522020e-01,-5.841089747568783963e-01,-5.841785999108051186e-01,-5.911246472884557068e-01,9.770447862019462359e-01
1.971000000000000085e+01,-5.858963128317624669e-01,-5.858963200502418367e-01,-5.858970346796659179e-01,-5.859684964685382136e-01,-5.930993816961414034e-01,9.547667447312377931e-01
1.971999999999999886e+01,-5.873655889961747478e-01,-5.873655963971763372e-01,-5.873663290963042627e-01,-5.874395979706383830e-01,-5.947523049908254311e-01,9.326295256755616769e-01
1.973000000000000043e+01,-5.885155614519572698e-01,-5.885155690322600996e-01,-5.885163194822295996e-01,-5.885913635481624384e-01,-5.960826413811532998e-01,9.106322099653247903e-01
1.974000000000000199e+01,-5.893458022577807709e-01,-5.893458100139266076e-01,-5.893465778723454562e-01,-5.894233628849389062e-01,-5.970897257792497914e-01,8.887701571704778036e-01
1.975000000000000000e+01,-5.898559931864506556e-01,-5.898560011147426785e-01,-5.898567860156516129e-01,-5.899352753712344688e-01,-5.977730031792465315e-01,8.670348948969655023e-01
1.976000000000000156e+01,-5.900459251302980768e-01,-5.900459332268017665e-01,-5.900467347806598317e-01,-5.901268895168716444e-01,-5.981320282916113840e-01,8.454140368599669664e-01
1.976999999999999957e+01,-5.899154977621809959e-01,-5.899155060227234681e-01,-5.899163238164168988e-01,-5.899981026167671061e-01,-5.981664654324501118e-01,8.238912369652982015e-01
1.978000000000000114e+01,-5.894647194601341234e-01,-5.894647278803045731e-01,-5.894655614771765473e-01,-5.895489206726396425e-01,-5.978760886651860451e-01,8.024461868179442181e-01
1.978999999999999915e+01,-5.886937074935483238e-01,-5.886937160686989134e-01,-5.886945650086083948e-01,-5.887794585763064248e-01,-5.972607821947323314e-01,7.810546658336643411e-01
1.980000000000000071e+01,-5.876026884542742135e-01,-5.876026971795207388e-01,-5.876035609789247438e-01,-5.876899405590467751e-01,-5.963205410213371360e-01,7.596886476270074962e-01
1.980999999999999872e+01,-5.861919989606938497e-01,-5.861920078309166282e-01,-5.861928859829789173e-01,-5.862807008881634196e-01,-5.950554718620075789e-01,7.383164691829360304e-01
1.982000000000000028e+01,-5.844620866111788215e-01,-5.844620956210244689e-01,-5.844629875957529919e-01,-5.845521848217706262e-01,-5.934657943428289784e-01,7.169030648334799860e-01
1.983000000000000185e+01,-5.824135111875397008e-01,-5.824135203314226850e-01,-5.824144255758370026e-01,-5.825049498201860798e-01,-5.915518424190021607e-01,6.954102649006367320e-01
1.983999999999999986e+01,-5.800469461054607034e-01,-5.800469553775650100e-01,-5.800478733158942468e-01,-5.801396670006949696e-01,-5.893140660713032108e-01,6.737971587869451273e-01
1.985000000000000142e+01,-5.773631801102028227e-01,-5.773631895044847306e-01,-5.773641195383962810e-01,-5.774571228298849279e-01,-5.867530332581080144e-01,6.520205155211489245e-01
1.985999999999999943e+01,-5.743631191994786889e-01,-5.743631287096692128e-01,-5.743640702185386360e-01,-5.744582210507201969e-01,-5.838694321102658735e-01,6.300352556206596510e-01
1.987000000000000099e+01,-5.710477887712135381e-01,-5.710477983908217592e-01,-5.710487507320346490e-01,-5.711439848416584031e-01,-5.806640733666758036e-01,6.077949631935465336e-01
1.987999999999999901e+01,-5.674183359906386226e-01,-5.674183457129546859e-01,-5.674193082222493967e-01,-5.675155591852960590e-01,-5.771378930461087409e-01,5.852524255449591539e-01
1.989000000000000057e+01,-5.634760323604836030e-01,-5.634760421785831586e-01,-5.634770141704357194e-01,-5.635742134344942089e-01,-5.732919553520724465e-01,5.623601861189300166e-01
1.990000000000000213e+01,-5.592222764799302803e-01,-5.592222863866783689e-01,-5.592232671547344713e-01,-5.593213440830235861e-01,-5.691274557995040784e-01,5.390710938105058858e-01
1.991000000000000014e+01,-5.546585969828907725e-01,-5.546586069709468214e-01,-5.546595957885006589e-01,-5.547584777128962141e-01,-5.646457245299756345e-01,5.153388325600822828e-01
1.992000000000000171e+01,-5.497866556463617549e-01,-5.497866657081850184e-01,-5.497876618287049766e-01,-5.498872741046376689e-01,-5.598482298432132520e-01,4.911184140436972156e-01
1.992999999999999972e+01,-5.446082506553774349e-01,-5.446082607832329892e-01,-5.446092634409404054e-01,-5.447095294956065814e-01,-5.547365819032202827e-01,4.663666181786173537e-01
1.994000000000000128e+01,-5.391253199802710228e-01,-5.391253301662356501e-01,-5.391263385767499638e-01,-5.392271799738548310e-01,-5.493125366135307441e-01,4.410423672476817547e-01
1.994999999999999929e+01,-5.333399448861648739e-01,-5.333399551221348345e-01,-5.333409684831665887e-01,-5.334423049943939343e-01,-5.435779996447321905e-01,4.151070221688584194e-01
1.996000000000000085e+01,-5.272543535377696156e-01,-5.272543638154676415e-01,-5.272553813075799845e-01,-5.273571309971021304e-01,-5.375350305967678821e-01,3.885245923928550837e-01
1.996999999999999886e+01,-5.208709246795029113e-01,-5.208709349904868668e-01,-5.208719557779201148e-01,-5.209740350759872740e-01,-5.311858472775556894e-01,3.612618543066208332e-01
1.998000000000000043e+01,-5.141921913726499316e-01,-5.141922017083222496e-01,-5.141932249398885046e-01,-5.142955487337402820e-01,-5.245328300758225204e-01,3.332883767465187885e-01
1.999000000000000199e+01,-5.072208447676214149e-01,-5.072208551192378678e-01,-5.072218799292866898e-01,-5.073243616604694584e-01,-5.175785264063399449e-01,3.045764558286722101e-01
2.000000000000000000e+01,-4.999597378892548516e-01,-4.999597482479359867e-01,-4.999607737573922295e-01,-5.000633255252781018e-01,-5.103256552045076777e-01,2.751009652327404131e-01
2.001000000000000156e+01,-4.924118894112816114e-01,-4.924118997680234644e-01,-4.924129250855013851e-01,-4.925154577576716930e-01,-5.027771114413207565e-01,2.448391312733059211e-01
2.001999999999999957e+01,-4.845804873900848575e-01,-4.845804977357712762e-01,-4.845815219587685241e-01,-4.846839452922148128e-01,-4.949359706379731771e-01,2.137702469084841184e-01
2.003000000000000114e+01,-4.764688929410048068e-01,-4.764689032664201074e-01,-4.764699254825889851e-01,-4.765721482494321148e-01,-4.868054933464504019e-01,1.818753415497625925e-01
2.003999999999999915e+01,-4.680806438215995291e-01,-4.680806541174423741e-01,-4.680816734059435325e-01,-4.681836035284641095e-01,-4.783891295595001925e-01,1.491368303785735039e-01
2.005000000000000071e+01,-4.594194579005329016e-01,-4.594194681574305661e-01,-4.594204835903666351e-01,-4.595220282865534189e-01,-4.696905230224950323e-01,1.155381709214966524e-01
2.005999999999999872e+01,-4.504892364843737784e-01,-4.504892466928974715e-01,-4.504902573368286256e-01,-4.505913232703732119e-01,-4.607135154287411716e-01,8.106356974911432811e-02
2.007000000000000028e+01,-4.412940674687475529e-01,-4.412940776194289039e-01,-4.412950825369700292e-01,-4.413955759726811978e-01,-4.514621504311558398e-01,4.569779321996769728e-02
2.008000000000000185e+01,-4.318382282803933103e-01,-4.318382383637408006e-01,-4.318392366152390416e-01,-4.319390635904648557e-01,-4.419406774530774129e-01,9.426166562812920979e-03
2.008999999999999986e+01,-4.221261885961640759e-01,-4.221261986026809687e-01,-4.221271892479672161e-01,-4.222262557518748349e-01,-4.321535552623703147e-01,-2.776511245258583838e-02
2.010000000000000142e+01,-4.121626128003305078e-01,-4.121626227205335002e-01,-4.121636048207518721e-01,-4.122618169749524553e-01,-4.221054552646477109e-01,-6.588814812840992907e-02
2.010999999999999943e+01,-4.019523621404056390e-01,-4.019523719648436799e-01,-4.019533445843521680e-01,-4.020506088265237699e-01,-4.118012644629218122e-01,-1.049516967338992024e-01
2.012000000000000099e+01,-3.915004965637575163e-01,-3.915005062830320681e-01,-3.915014684913672438e-01,-3.915976917794520284e-01,-4.012460880517291217e-01,-1.449581932527908568e-01
2.012999999999999901e+01,-3.808122762076862067e-01,-3.808122858124713961e-01,-3.808132366863737350e-01,-3.809083267004041984e-01,-3.904452516341930801e-01,-1.858986668673259235e-01
2.014000000000000057e+01,-3.698931625057880757e-01,-3.698931719868518986e-01,-3.698941106123468936e-01,-3.699879759543341917e-01,-3.794043029636631204e-01,-2.277443317670484468e-01
2.015000000000000213e+01,-3.587488188712880666e-01,-3.587488282195136491e-01,-3.587497536940404408e-01,-3.588423041028322436e-01,-3.681290132073544719e-01,-2.704330967116221895e-01
2.016000000000000014e+01,-3.473851109479401122e-01,-3.473851201543479150e-01,-3.473860315889197303e-01,-3.474771781676981863e-01,-3.566253776919015017e-01,-3.138487868521434021e-01
2.017000000000000171e+01,-3.358081064127098614e-01,-3.358081154684794400e-01,-3.358090119898774484e-01,-3.358986674213433332e-01,-3.448996160846896641e-01,-3.577912669387422473e-01
2.017999999999999972e+01,-3.240240742625495329e-01,-3.240240831590419646e-01,-3.240249639120250658e-01,-3.241130426698923817e-01,-3.329581719557455632e-01,-4.019387571367734058e-01
2.019000000000000128e+01,-3.120394835935794142e-01,-3.120394923223599459e-01,-3.120403564718802758e-01,-3.121267750499319704e-01,-3.208077117081846730e-01,-4.458124340573739186e-01
2.019999999999999929e+01,-2.998610018519116682e-01,-2.998610104047717551e-01,-2.998618571381825304e-01,-2.999465342751014285e-01,-3.084551228677392953e-01,-4.887685326632845717e-01
2.021000000000000085e+01,-2.874954925294119779e-01,-2.874955008983914317e-01,-2.874963294276361436e-01,-2.875791863149737004e-01,-2.959075116394981886e-01,-5.300528274932763129e-01
2.021999999999999886e+01,-2.749500122722388085e-01,-2.749500204496477807e-01,-2.749508300134199112e-01,-2.750317905074132208e-01,-2.831721997524937473e-01,-5.689291068852371236e-01
2.023000000000000043e+01,-2.622318073940501648e-01,-2.622318153724900736e-01,-2.622326052383401329e-01,-2.623115960909332967e-01,-2.702567205723788724e-01,-6.048321037536893430e-01
2.024000000000000199e+01,-2.493483098356144012e-01,-2.493483176079989427e-01,-2.493490870743806376e-01,-2.494260381328580189e-01,-2.571688144549720278e-01,-6.374593312529941436e-01
2.025000000000000000e+01,-2.363071324751693236e-01,-2.363071400347442341e-01,-2.363078884329865847e-01,-2.363827328289072605e-01,-2.439164233070791332e-01,-6.667624524479007775e-01
2.026000000000000156e+01,-2.231160638370491278e-01,-2.231160711774112237e-01,-2.231167978735976443e-01,-2.231894722071461334e-01,-2.305076843715161694e-01,-6.928728601345448546e-01
2.026999999999999957e+01,-2.097830621968543030e-01,-2.097830693119692724e-01,-2.097837737087088761e-01,-2.098542182426005598e-01,-2.169509232853720770e-01,-7.160176677159805214e-01
2.028000000000000114e+01,-1.963162490878131994e-01,-1.963162559720324496e-01,-1.963169375101097847e-01,-1.963850963256295323e-01,-2.032546463154457639e-01,-7.364573880784293092e-01
2.028999999999999915e+01,-1.827239021996243107e-01,-1.827239088477002338e-01,-1.827245670075929584e-01,-1.827903881395465391e-01,-1.894275318513983786e-01,-7.544496968772286261e-01
2.030000000000000071e+01,-1.690144476641957660e-01,-1.690144540712954502e-01,-1.690150883745463184e-01,-1.690785239600842704e-01,-1.754784211734432831e-01,-7.702322936264178743e-01
2.030999999999999872e+01,-1.551964517974174229e-01,-1.551964579591348370e-01,-1.551970679695511834e-01,-1.552580743882390757e-01,-1.614163085189733449e-01,-7.840169680264161833e-01
2.032000000000000028e+01,-1.412786123143584260e-01,-1.412786182267249113e-01,-1.412792035514176259e-01,-1.413377415204165877e-01,-1.472503304602534868e-01,-7.959893480048750858e-01
2.033000000000000185e+01,-1.272697489695540640e-01,-1.272697546290471049e-01,-1.272703149192822847e-01,-1.273263495645320931e-01,-1.329897546119237495e-01,-8.063111372013321843e-01
2.033999999999999986e+01,-1.131787937220389284e-01,-1.131787991255886749e-01,-1.131793340774492340e-01,-1.132328349980151888e-01,-1.186439677885989252e-01,-8.151231915724658217e-01
2.035000000000000142e+01,-9.901478044299943937e-02,-9.901478558799348129e-02,-9.901529494284035116e-02,-9.906623627727334513e-02,-1.042224636403764615e-01,-8.225486565360795588e-01
2.035999999999999943e+01,-8.478683420201954535e-02,-8.478683908630532673e-02,-8.478732263103508360e-02,-8.483568306973997275e-02,-8.973482974479174423e-02,-8.286958381070564927e-01
2.037000000000000099e+01,-7.050416016006871844e-02,-7.050416478195410674e-02,-7.050462234904977810e-02,-7.055038512891333158e-02,-7.519073430960437898e-02,-8.336607014647258174e-01
2.037999999999999901e+01,-5.617603210120462875e-02,-5.617603645945635354e-02,-5.617646792683071710e-02,-5.621962082943431083e-02,-6.059991251495865094e-02,-8.375289902594307279e-01
2.039000000000000057e+01,-4.181178070088964471e-02,-4.181178479472964782e-02,-4.181219008535175252e-02,-4.185272541023449255e-02,-4.597215256598503191e-02,-8.403780005671722675e-01
2.040000000000000213e+01,-2.742078156152236157e-02,-2.742078539062187820e-02,-2.742116447194126172e-02,-2.745907896715973559e-02,-3.131728152073999516e-02,-8.422780557043565430e-01
2.041000000000000014e+01,-1.301244301785825855e-02,-1.301244658232990001e-02,-1.301279946549469511e-02,-1.304809424265339184e-02,-1.664515097504459806e-02,-8.432937284200539008e-01
2.042000000000000171e+01,1.403806171138878523e-03,1.403802870751019683e-03,1.403476131874096568e-03,1.370795689238528403e-03,-1.965622693757224180e-03,-8.434848516601466395e-01
2.042999999999999972e+01,1.581852921708992374e-02,1.581852617982211148e-02,1.581822548981878102e-02,1.578814984192903476e-02,1.271144577189432801e-02,-8.429073531942279374e-01
2.044000000000000128e+01,3.022229372437082798e-02,3.022229094885328649e-02,3.022201617211464630e-02,3.019453176029994121e-02,2.737621537534987853e-02,-8.416139431244895608e-01
2.044999999999999929e+01,4.460568408531598306e-02,4.460568156978829413e-02,4.460543253203368141e-02,4.458052193032596006e-02,4.201887971883139228e-02,-8.396546776798595735e-01
2.046000000000000085e+01,5.895931379085607438e-02,5.895931153318414997e-02,5.895908802314231423e-02,5.893673010585316618e-02,5.662967897330933864e-02,-8.370774188774352531e-01
2.046999999999999886e+01,7.327383759887710901e-02,7.327383559657169032e-02,7.327363736780720394e-02,7.325380749423410220e-02,7.119891349949930559e-02,-8.339282054737193750e-01
2.048000000000000043e+01,8.753996351548104515e-02,8.753996176571748888e-02,8.753978853858651599e-02,8.752245874633030054e-02,8.571695712118868049e-02,-8.302515479276804111e-01
2.049000000000000199e+01,1.017484645281763189e-01,1.017484630278153585e-01,1.017483144915353188e-01,1.017334537055070431e-01,1.001742699864214270e-01,-8.260906584750287163e-01
2.050000000000000000e+01,1.158901900516001310e-01,1.158901887972099282e-01,1.158900646120267774e-01,1.158776388619109643e-01,1.145614109473508946e-01,-8.214876250307306949e-01
2.051000000000000156e+01,1.299560770340400517e-01,1.299560760219188038e-01,1.299559758213557070e-01,1.299459484615534399e-01,1.288690494241777895e-01,-8.164835368681181427e-01
2.051999999999999957e+01,1.439371606739678899e-01,1.439371599001671997e-01,1.439370832933362654e-01,1.439294152348884748e-01,1.430879767145172843e-01,-8.111185690338889032e-01
2.053000000000000114e+01,1.578245847199543084e-01,1.578245841803031235e-01,1.578245307542626708e-01,1.578191807069365682e-01,1.572091166936437356e-01,-8.054320316044405459e-01
2.053999999999999915e+01,1.716096113192316364e-01,1.716096110093601190e-01,1.716095803315025869e-01,1.716065050423464244e-01,1.712235358566333299e-01,-7.994623894847928680e-01
2.055000000000000071e+01,1.852836303633856319e-01,1.852836302787496114e-01,1.852836218992013340e-01,1.852827763849106413e-01,1.851224527287310129e-01,-7.932472579393302636e-01
2.055999999999999872e+01,1.988381683173484071e-01,1.988381684532535276e-01,1.988381819072707057e-01,1.988395196991391556e-01,1.988972465895156305e-01,-7.868233787126245327e-01
2.057000000000000028e+01,2.122648965144530719e-01,2.122648968660788005e-01,2.122649316764241290e-01,2.122684050608178163e-01,2.125394654767800429e-01,-7.802265812360779096e-01
2.058000000000000185e+01,2.255556388874339624e-01,2.255556394498570427e-01,2.255556951291433632e-01,2.255612553714926305e-01,2.260408334961421239e-01,-7.734917330525130641e-01
2.058999999999999986e+01,2.387023791051590682e-01,2.387023798733770019e-01,2.387024559263627999e-01,2.387100535002886770e-01,2.393932574293027304e-01,-7.666526833390586715e-01
2.060000000000000142e+01,2.516972671219621649e-01,2.516972680909158600e-01,2.516973640167404214e-01,2.517069488430898616e-01,2.525888326233024506e-01,-7.597422029595002346e-01
2.060999999999999943e+01,2.645326251612920565e-01,2.645326263258873656e-01,2.645327416202353787e-01,2.645442632787939341e-01,2.656198481489076002e-01,-7.527919241298527409e-01
2.062000000000000099e+01,2.772009530608935957e-01,2.772009544160224936e-01,2.772010885732064667e-01,2.772144965040336251e-01,2.784787913081280264e-01,-7.458322824275541718e-01
2.062999999999999901e+01,2.896949330280526591e-01,2.896949345686134492e-01,2.896950870835655611e-01,2.897103307846814468e-01,2.911583514486582036e-01,-7.388924633913536155e-01
2.064000000000000057e+01,3.020074338075032783e-01,3.020074355284197432e-01,3.020076058985857181e-01,3.020246351275881480e-01,3.036514230972433559e-01,-7.320003556334448991e-01
2.065000000000000213e+01,3.141315142648450909e-01,3.141315161610844786e-01,3.141317038882134316e-01,3.141504688303680126e-01,3.159511084649809787e-01,-7.251825118539675374e-01
2.066000000000000014e+01,3.260604263796449964e-01,3.260604284462348956e-01,3.260606330380588780e-01,3.260810844631161221e-01,3.280507193467478433e-01,-7.184641188254925481e-01
2.067000000000000171e+01,3.377876176535233865e-01,3.377876198855676027e-01,3.377878408573675717e-01,3.378099302959796102e-01,3.399437784221139847e-01,-7.118689770887328683e-01
2.067999999999999972e+01,3.493067330229397416e-01,3.493067354156329518e-01,3.493069722916901099e-01,3.493306521813519527e-01,3.516240199633560159e-01,-7.054194904974763203e-01
2.069000000000000128e+01,3.606116162119494262e-01,3.606116187605908907e-01,3.606118710755187307e-01,3.606370948931266751e-01,3.630853900343404828e-01,-6.991366658526282363e-01
2.069999999999999929e+01,3.716963105695867409e-01,3.716963132695920713e-01,3.716965805695504610e-01,3.717233029347815076e-01,3.743220462085343203e-01,-6.930401220161893638e-01
2.071000000000000085e+01,3.825550594288488204e-01,3.825550622757615260e-01,3.825553441195533866e-01,3.825835209194903275e-01,3.853283567648428942e-01,-6.871481080918646622e-01
2.071999999999999886e+01,3.931823060149521321e-01,3.931823090044532787e-01,3.931826049645044674e-01,3.932121934563801990e-01,3.960988994606944313e-01,-6.814775301477351555e-01
2.073000000000000043e+01,4.035726929175343369e-01,4.035726960454513179e-01,4.035730057086759359e-01,4.036039645918289009e-01,4.066284599022477741e-01,-6.760439851190127580e-01
2.074000000000000199e+01,4.137210611387721060e-01,4.137210644010862470e-01,4.137213873696374833e-01,4.137536768506624996e-01,4.169120295368274887e-01,-6.708618012611927695e-01
2.075000000000000000e+01,4.236224487367503677e-01,4.236224521296033663e-01,4.236227880215156505e-01,4.236563699043152109e-01,4.269448032826841932e-01,-6.659440839687122971e-01
2.076000000000000156e+01,4.332720891779578976e-01,4.332720926976575404e-01,4.332724411473882764e-01,4.333072788862146751e-01,4.367221768244284874e-01,-6.613027655386377601e-01
2.076999999999999957e+01,4.426654093287348823e-01,4.426654129717589869e-01,4.426657736306216506e-01,4.427018323707168079e-01,4.462397436825307762e-01,-6.569486581543501069e-01
2.078000000000000114e+01,4.517980271388347679e-01,4.517980309018349017e-01,4.517984034383368819e-01,4.518356500350436677e-01,4.554932919769718036e-01,-6.528915087881936863e-01
2.078999999999999915e+01,4.606657490712452452e-01,4.606657529510493898e-01,4.606661370511379583e-01,4.607045401003099783e-01,4.644788009746159130e-01,-6.491400547666046350e-01
2.080000000000000071e+01,4.692645672953370539e-01,4.692645712889503828e-01,4.692649666561692356e-01,4.693044965193997053e-01,4.731924374439445691e-01,-6.457020791985631503e-01
2.080999999999999872e+01,4.775906566692283972e-01,4.775906607738348852e-01,4.775910671293968623e-01,4.776316959316033728e-01,4.816305518416176268e-01,-6.425844651959244924e-01
2.082000000000000028e+01,4.856403715322241688e-01,4.856403757451863146e-01,4.856407928279638520e-01,4.856824944534235411e-01,4.897896743525069763e-01,-6.397932479348443779e-01
2.083000000000000185e+01,4.934102423325629205e-01,4.934102466514205254e-01,4.934106742178628879e-01,4.934534243143827714e-01,4.976665108034853402e-01,-6.373336638831305079e-01
2.083999999999999986e+01,5.008969721596828739e-01,5.008969765821519315e-01,5.008974144061347777e-01,5.009411903656951770e-01,5.052579385007787138e-01,-6.352101963745686586e-01
2.085000000000000142e+01,5.080974331512546627e-01,5.080974376752248611e-01,5.080978855478270884e-01,5.081426664837398466e-01,5.125610019973405596e-01,-6.334266169131863577e-01
2.085999999999999943e+01,5.150086628278454093e-01,5.150086674513771889e-01,5.150091251805989367e-01,5.150548918941382226e-01,5.195729088095613069e-01,-6.319860216658762520e-01
2.087000000000000099e+01,5.216278603818312876e-01,5.216278651031529545e-01,5.216283325135729898e-01,5.216750674649767161e-01,5.262910251199367506e-01,-6.308908626757219196e-01
2.087999999999999901e+01,5.279523829399804802e-01,5.279523877574834323e-01,5.279528646898632438e-01,5.280005519578334638e-01,5.327128714801440124e-01,-6.301429734409913497e-01
2.089000000000000057e+01,5.339797418236846838e-01,5.339797467359194139e-01,5.339802330467534608e-01,5.340288582828729425e-01,5.388361185378429674e-01,-6.297435884918888283e-01
2.090000000000000213e+01,5.397075988286347270e-01,5.397076038343054938e-01,5.397080993953240480e-01,5.397576497750955493e-01,5.446585828086361047e-01,-6.296933567940133925e-01
2.091000000000000014e+01,5.451337625481402771e-01,5.451337676460998871e-01,5.451342723437258009e-01,5.451847365123952960e-01,5.501782225117500813e-01,-6.299923488284986384e-01
2.092000000000000171e+01,5.502561847606207701e-01,5.502561899498644715e-01,5.502567036846275350e-01,5.503080716975364828e-01,5.553931334884667503e-01,-6.306400572173732622e-01
2.092999999999999972e+01,5.550729568980649065e-01,5.550729621777241718e-01,5.550734848636347252e-01,5.551257481247799941e-01,5.603015452246752348e-01,-6.316353909076024564e-01
2.094000000000000128e+01,5.595823066188467809e-01,5.595823119881825347e-01,5.595828435520668886e-01,5.596359947468644291e-01,5.649018169932306099e-01,-6.329766630544775285e-01
2.094999999999999929e+01,5.637825944978884785e-01,5.637825999562838808e-01,5.637831403370848760e-01,5.638371733619751414e-01,5.691924341298634227e-01,-6.346615726443114447e-01
2.096000000000000085e+01,5.676723108536492202e-01,5.676723164006023392e-01,5.676728655486451558e-01,5.677277754398601939e-01,5.731720044636798850e-01,-6.366871800292512873e-01
2.096999999999999886e+01,5.712500727311438098e-01,5.712500783662604054e-01,5.712506362424882855e-01,5.713064190999534997e-01,5.768392549229607313e-01,-6.390498768286055897e-01
2.098000000000000043e+01,5.745146210524385566e-01,5.745146267754231983e-01,5.745151933506011943e-01,5.745718462546173244e-01,5.801930283163374558e-01,-6.417453504180724577e-01
2.099000000000000199e+01,5.774648179406436377e-01,5.774648237512919335e-01,5.774653990051836772e-01,5.775229199349407594e-01,5.832322803095016939e-01,-6.447685434880524591e-01
2.100000000000000000e+01,5.800996442466337388e-01,5.800996501448236753e-01,5.801002340653410583e-01,5.801586218160081909e-01,5.859560766200373472e-01,-6.481136092199890619e-01
2.101000000000000156e+01,5.824181972790906103e-01,5.824182032647733376e-01,5.824187958471014337e-01,5.824780499418873436e-01,5.883635904299208130e-01,-6.517738627312119615e-01
2.101999999999999957e+01,5.844196887477998148e-01,5.844196948209912090e-01,5.844202960666882163e-01,5.844804166644794741e-01,5.904541000269010187e-01,-6.557417294035475797e-01
2.103000000000000114e+01,5.861034429318656702e-01,5.861034490926364526e-01,5.861040590087123192e-01,5.861650468154842031e-01,5.922269866912913683e-01,-6.600086909493466658e-01
2.103999999999999915e+01,5.874688950868179882e-01,5.874689013352846212e-01,5.874695199332597983e-01,5.875313761088978293e-01,5.936817328440642250e-01,-6.645652300912107124e-01
2.105000000000000071e+01,5.885155900943058738e-01,5.885155964306205689e-01,5.885162237255631146e-01,5.885789497815645532e-01,5.948179204406075504e-01,-6.694007748024701776e-01
2.105999999999999872e+01,5.892431813447954747e-01,5.892431877691362008e-01,5.892438237786816746e-01,5.893074214820934742e-01,5.956352296332942942e-01,-6.745036431689349632e-01
2.107000000000000028e+01,5.896514298874702131e-01,5.896514364000312591e-01,5.896520811433856313e-01,5.897165524189228458e-01,5.961334377143903129e-01,-6.798609898317495848e-01
2.108000000000000185e+01,5.897402038295960214e-01,5.897402104305766724e-01,5.897408639275049103e-01,5.898062107570506418e-01,5.963124183295130942e-01,-6.854587552818007801e-01
2.108999999999999986e+01,5.895094779928014006e-01,5.895094846823968338e-01,5.895101469521948356e-01,5.895763712694910286e-01,5.961721409673311767e-01,-6.912816191715469571e-01
2.110000000000000142e+01,5.889593338303327208e-01,5.889593406087225702e-01,5.889600116691786624e-01,5.890271152584891645e-01,5.957126707351504402e-01,-6.973129585718615964e-01
2.110999999999999943e+01,5.880899596088353665e-01,5.880899664761735091e-01,5.880906463425188413e-01,5.881586307320023632e-01,5.949341684266984398e-01,-7.035348125396750918e-01
2.112000000000000099e+01,5.869016508410535016e-01,5.869016577974570659e-01,5.869023464813039048e-01,5.869712128369655169e-01,5.938368908526713286e-01,-7.099278540390330239e-01
2.112999999999999901e+01,5.853948109811306644e-01,5.853948180266695944e-01,5.853955155349436223e-01,5.854652645516932319e-01,5.924211914637008691e-01,-7.164713697480270538e-01
2.114000000000000057e+01,5.835699523739001915e-01,5.835699595085864777e-01,5.835706658424508753e-01,5.836412976392785223e-01,5.906875212524607122e-01,-7.231432489812632536e-01
2.115000000000000213e+01,5.814276974513623575e-01,5.814277046751383793e-01,5.814284198289136896e-01,5.814999338413033847e-01,5.886364299245298026e-01,-7.299199824221767052e-01
2.116000000000000014e+01,5.789687801735209360e-01,5.789687874862493588e-01,5.789695114463289105e-01,5.790419063163458890e-01,5.862685673372096673e-01,-7.367766703631235536e-01
2.117000000000000171e+01,5.761940477115188308e-01,5.761940551129711707e-01,5.761947878567359460e-01,5.762680613224459014e-01,5.835846852073334201e-01,-7.436870412073611769e-01
2.117999999999999972e+01,5.731044623557289830e-01,5.731044698455748376e-01,5.731052113403071191e-01,5.731793601316780284e-01,5.805856390699848379e-01,-7.506234799654922796e-01
2.119000000000000128e+01,5.697011036444151744e-01,5.697011112222110096e-01,5.697018614240102474e-01,5.697768811577603731e-01,5.772723904770207248e-01,-7.575570653875194349e-01
2.119999999999999929e+01,5.659851707082639294e-01,5.659851783734424213e-01,5.659859372261453192e-01,5.660618222918134546e-01,5.736460094403947885e-01,-7.644576155536917383e-01
2.121000000000000085e+01,5.619579848142721712e-01,5.619579925661313258e-01,5.619587600002379224e-01,5.620355034425318363e-01,5.697076771027593800e-01,-7.712937407898843301e-01
2.121999999999999886e+01,5.576209920926568087e-01,5.576209999303491927e-01,5.576217758619559373e-01,5.576993692765266353e-01,5.654586886124060019e-01,-7.780329009847468669e-01
2.123000000000000043e+01,5.529757664382388693e-01,5.529757743607607301e-01,5.529765586905047714e-01,5.530549921440753858e-01,5.609004561959493040e-01,-7.846414661956531145e-01
2.124000000000000199e+01,5.480240125780846405e-01,5.480240205842656920e-01,5.480248131962821567e-01,5.481040751074931494e-01,5.560345124251974136e-01,-7.910847772888325302e-01
2.125000000000000000e+01,5.427675692939739616e-01,5.427675773824666150e-01,5.427683781433639831e-01,5.428484551698345983e-01,5.508625136739337957e-01,-7.973272040029276697e-01
2.126000000000000156e+01,5.372084127488556682e-01,5.372084209181255954e-01,5.372092296759740648e-01,5.372901066197875997e-01,5.453862437091347992e-01,-8.033321967481691361e-01
2.126999999999999957e+01,5.313486599383920872e-01,5.313486681867073402e-01,5.313494847700542811e-01,5.314311444832900966e-01,5.396076174061034125e-01,-8.090623285752505112e-01
2.128000000000000114e+01,5.251905722404622834e-01,5.251905805658839688e-01,5.251914047827913601e-01,5.252738280687971884e-01,5.335286846262490279e-01,-8.144793230705741349e-01
2.128999999999999915e+01,5.187365590327963627e-01,5.187365674331694265e-01,5.187373990702817128e-01,5.188205645876347027e-01,5.271516341807696016e-01,-8.195440639024358376e-01
2.130000000000000071e+01,5.119891813641215261e-01,5.119891898370654282e-01,5.119900286587082405e-01,5.120739128325173528e-01,5.204787978806518778e-01,-8.242165811222978977e-01
2.130999999999999872e+01,5.049511556576607996e-01,5.049511642005608536e-01,5.049520099478773671e-01,5.050365868882304987e-01,5.135126546517585489e-01,-8.284560092031119094e-01
2.132000000000000028e+01,4.976253574268815760e-01,4.976253660368806231e-01,4.976262184270081601e-01,4.977114598434906334e-01,5.062558347008794257e-01,-8.322205111262537258e-01
2.133000000000000185e+01,4.900148249820344137e-01,4.900148336560249396e-01,4.900156923813189236e-01,4.901015675035532149e-01,4.987111237185455348e-01,-8.354671626484089231e-01
2.133999999999999986e+01,4.821227630917144791e-01,4.821227718263312867e-01,4.821236365536381574e-01,4.822101120595435608e-01,4.908814670776682210e-01,-8.381517899177470809e-01
2.135000000000000142e+01,4.739525465890156997e-01,4.739525553806291924e-01,4.739534257506163861e-01,4.740404656998037924e-01,4.827699740010389373e-01,-8.402287527817318136e-01
2.135999999999999943e+01,4.655077238912296855e-01,4.655077327359397055e-01,4.655086083624866422e-01,4.655961741360999939e-01,4.743799217156696724e-01,-8.416506652419549761e-01
2.137000000000000099e+01,4.567920204051975075e-01,4.567920292988277842e-01,4.567929097684856332e-01,4.568809600168952656e-01,4.657147595284980568e-01,-8.423680426003157251e-01
2.137999999999999901e+01,4.478093417969298828e-01,4.478093507350233149e-01,4.478102356065472023e-01,4.478987261999791691e-01,4.567781128192424100e-01,-8.423288630754270923e-01
2.139000000000000057e+01,4.385637770943812686e-01,4.385637860721962600e-01,4.385646748761581892e-01,4.386535588641922168e-01,4.475737869216455111e-01,-8.414780289156230664e-01
2.140000000000000213e+01,4.290596015919861950e-01,4.290596106044932689e-01,4.290605028429815282e-01,4.291497304270626145e-01,4.381057708662042804e-01,-8.397567086717312446e-01
2.141000000000000014e+01,4.193012795336693577e-01,4.193012885755492691e-01,4.193021837219621517e-01,4.193917022374719084e-01,4.283782409579706685e-01,-8.371015384224640421e-01
2.142000000000000171e+01,4.092934665561545615e-01,4.092934756217973535e-01,4.092943731207348002e-01,4.093841270202962512e-01,4.183955641691403105e-01,-8.334436534106527406e-01
2.142999999999999972e+01,3.990410118415717577e-01,3.990410209250764284e-01,3.990419201923406378e-01,3.991318510478771286e-01,4.081623013117129939e-01,-8.287075176356286654e-01
2.144000000000000128e+01,3.885489599646467229e-01,3.885489690598223911e-01,3.885498694825308963e-01,3.886399160033096045e-01,3.976832099612482851e-01,-8.228095103112890163e-01
2.144999999999999929e+01,3.778225524097221788e-01,3.778225615100908596e-01,3.778234624469098968e-01,3.779135604995093045e-01,3.869632471107194438e-01,-8.156562243721434680e-01
2.146000000000000085e+01,3.668672287264534981e-01,3.668672378252532118e-01,3.668681386067578210e-01,3.669582212418321943e-01,3.760075715257397699e-01,-8.071424300065043189e-01
2.146999999999999886e+01,3.556886272871223609e-01,3.556886363773126281e-01,3.556895363064784821e-01,3.557795338129269291e-01,3.648215457623545932e-01,-7.971486645435422735e-01
2.148000000000000043e+01,3.442925856171664689e-01,3.442925946914341395e-01,3.442934930442675956e-01,3.443833330215277932e-01,3.534107378111532305e-01,-7.855384432307178644e-01
2.149000000000000199e+01,3.326851403124027051e-01,3.326851493631702850e-01,3.326860453894819880e-01,3.327756528138907655e-01,3.417809223739427527e-01,-7.721551668791788448e-01
2.150000000000000000e+01,3.208725264648034647e-01,3.208725354842378863e-01,3.208734284085622557e-01,3.209627257251670418e-01,3.299380817078474415e-01,-7.568189889076550880e-01
2.151000000000000156e+01,3.088611765980768809e-01,3.088611855781007165e-01,3.088620746007665896e-01,3.089509818407203956e-01,3.178884060108366771e-01,-7.393242900520322625e-01
2.151999999999999957e+01,2.966577190972559119e-01,2.966577280295593089e-01,2.966586123279141285e-01,2.967470472322830677e-01,3.056382933355169529e-01,-7.194391665423165438e-01
2.153000000000000114e+01,2.842689761121049985e-01,2.842689849881600006e-01,2.842698637179487120e-01,2.843577418565697568e-01,2.931943490021826637e-01,-6.969097077658130690e-01
2.153999999999999915e+01,2.717019609032407246e-01,2.717019697143169266e-01,2.717028420112148623e-01,2.717900769424808627e-01,2.805633844681230671e-01,-6.714740093927336062e-01
2.155000000000000071e+01,2.589638746045242468e-01,2.589638833417054475e-01,2.589647483230053671e-01,2.590512517750203081e-01,2.677524156145626444e-01,-6.428933930228212246e-01
2.155999999999999872e+01,2.460621024431997594e-01,2.460621110974026693e-01,2.460629678638570628e-01,2.461486499110275283e-01,2.547686604858183101e-01,-6.110086298809206395e-01
2.157000000000000028e+01,2.330042093627368027e-01,2.330042179247311940e-01,2.330050655625395817e-01,2.330898348157608990e-01,2.416195364021768155e-01,-5.758206682353819161e-01
2.158000000000000185e+01,2.197979350382057995e-01,2.197979434986358505e-01,2.197987810815764664e-01,2.198825449127421727e-01,2.283126564311780404e-01,-5.375716095447697906e-01
2.158999999999999986e+01,2.064511883052314589e-01,2.064511966546387356e-01,2.064520232463381288e-01,2.065346880272493080e-01,2.148558252235195920e-01,-4.967729021379898025e-01
2.160000000000000142e+01,1.929720410060690727e-01,1.929720492349170091e-01,1.929728638912492078e-01,1.930543352121497636e-01,2.012570341974660448e-01,-4.541353831448741163e-01
2.160999999999999943e+01,1.793687212448098478e-01,1.793687293435090035e-01,1.793695311151132232e-01,1.794497140302711014e-01,1.875244560407117733e-01,-4.104227436191433820e-01
2.162000000000000099e+01,1.656496060424927363e-01,1.656496140014273033e-01,1.656504019363294056e-01,1.657292012365457201e-01,1.736664385039383696e-01,-3.663108620149382877e-01
2.162999999999999901e+01,1.518232134161601465e-01,1.518232212257152602e-01,1.518239943720526841e-01,1.519013148758692200e-01,1.596914975580919216e-01,-3.223160486041874995e-01
2.164000000000000057e+01,1.378981939725471284e-01,1.378982016231374841e-01,1.378989590319636693e-01,1.379747058382136682e-01,1.456083098567228507e-01,-2.787920498507490130e-01
2.165000000000000213e+01,1.238833219051613810e-01,1.238833293872600716e-01,1.238840701154116652e-01,1.239581488944869331e-01,1.314257045009407654e-01,-2.359621896391981000e-01
2.166000000000000014e+01,1.097874855080517298e-01,1.097874928122197502e-01,1.097882159252355494e-01,1.098605332270537471e-01,1.171526541546506761e-01,-1.939579494873350241e-01
2.167000000000000171e+01,9.561967721879088833e-02,9.561968433570691706e-02,9.562038891078093739e-02,9.569085246756922625e-02,1.027982655258305594e-01,-1.528509343862646253e-01
2.167999999999999972e+01,8.138898322828727605e-02,8.138899014877781779e-02,8.138967527772789090e-02,8.145819426841706401e-02,8.837176921765960147e-02,-1.126755834666995360e-01
2.169000000000000128e+01,6.710457268101643891e-02,6.710457939608552302e-02,6.710524418831495530e-02,6.717172953947803116e-02,7.388250895269665719e-02,-7.344408549577768897e-02
2.169999999999999929e+01,5.277568649178026455e-02,5.277569299263921293e-02,5.277633657806778122e-02,5.284070126892850827e-02,5.933993025184497450e-02,-3.515574241270352784e-02
2.171000000000000085e+01,3.841162584634063432e-02,3.841163212443735736e-02,3.841225365640218992e-02,3.847441302280622810e-02,4.475356863142816027e-02,2.197335490336294050e-03
2.171999999999999886e+01,2.402174048274135706e-02,2.402174652978883440e-02,2.402234518787359913e-02,2.408221718115707496e-02,3.013303725450237197e-02,3.862687381181795221e-02
2.173000000000000043e+01,9.615416678977686468e-03,9.615422486981804046e-03,9.615997479763157413e-03,9.673502950167733178e-03,1.548801418481830783e-02,7.414654660584740764e-02
2.174000000000000199e+01,-4.797934897616990511e-03,-4.797929336330826293e-03,-4.797378768637308027e-03,-4.742315802036442887e-03,8.282292640400673589e-04,1.087710044613997562e-01
2.175000000000000000e+01,-1.920889146421226462e-02,-1.920888615697358137e-02,-1.920836073998725274e-02,-1.915581284059212491e-02,-1.383654933437564877e-02,1.425154711222108572e-01
2.176000000000000156e+01,-3.360803046066022925e-02,-3.360802541442938635e-02,-3.360752583721544895e-02,-3.355756191883964290e-02,-2.849652881673502697e-02,1.753956903649369625e-01
2.176999999999999957e+01,-4.798594190088265737e-02,-4.798593712222815055e-02,-4.798546403506387392e-02,-4.793814913173433112e-02,-4.314190564772048264e-02,2.074280839702663526e-01
2.178000000000000114e+01,-6.233324068212962865e-02,-6.233323617720716581e-02,-6.233279018951651262e-02,-6.228818524698193082e-02,-5.776287957008004875e-02,2.386300300189949652e-01
2.178999999999999915e+01,-7.664057878218859254e-02,-7.664057455672226848e-02,-7.664015623518924403e-02,-7.659831792529848971e-02,-7.234966767002061483e-02,2.690202004457624696e-01
2.180000000000000071e+01,-9.089865731450777475e-02,-9.089865337377284193e-02,-9.089826324065104768e-02,-9.085924379153394181e-02,-8.689251842176026752e-02,2.986189147064536309e-01
2.180999999999999872e+01,-1.050982383705242607e-01,-1.050982347193321897e-01,-1.050978732509565694e-01,-1.050617202998132549e-01,-1.013817256414637907e-01,3.274484780611395252e-01
2.182000000000000028e+01,-1.192301566073080826e-01,-1.192301532499936145e-01,-1.192298208755040168e-01,-1.191965773396866241e-01,-1.158076422825980722e-01,3.555334807549650478e-01
2.183000000000000185e+01,-1.332853305297907187e-01,-1.332853274702011648e-01,-1.332850245704818859e-01,-1.332547285391706138e-01,-1.301606939928804940e-01,3.829010393357582531e-01
2.183999999999999986e+01,-1.472547734166516076e-01,-1.472547706581384119e-01,-1.472544975649777710e-01,-1.472271822178735923e-01,-1.444313923735818517e-01,4.095809654120613486e-01
2.185000000000000142e+01,-1.611296038534321129e-01,-1.611296013988445242e-01,-1.611293583943207985e-01,-1.611050519409384374e-01,-1.586103478710640391e-01,4.356058521459356125e-01
2.185999999999999943e+01,-1.749010558367496415e-01,-1.749010536884308409e-01,-1.749008410045179152e-01,-1.748795666397654491e-01,-1.726882822405995388e-01,4.610110708217946551e-01
2.187000000000000099e+01,-1.885604884011042870e-01,-1.885604865608896397e-01,-1.885603043792827005e-01,-1.885420802690465081e-01,-1.866560405262502609e-01,4.858346749587521551e-01
2.187999999999999901e+01,-2.020993947437543514e-01,-2.020993932129717119e-01,-2.020992416651316015e-01,-2.020840809589192211e-01,-2.005046024963026419e-01,5.101172119932007032e-01
2.189000000000000057e+01,-2.155094108281735699e-01,-2.155094096076458909e-01,-2.155092887750561237e-01,-2.154971996242383558e-01,-2.142250934868837331e-01,5.339014474472505434e-01
2.190000000000000213e+01,-2.287823234335842892e-01,-2.287823225236344793e-01,-2.287822324382590700e-01,-2.287732180323561737e-01,-2.278087946278935239e-01,5.572320087542204092e-01
2.191000000000000014e+01,-2.419100776186302593e-01,-2.419100770190875660e-01,-2.419100176640179567e-01,-2.419040763057124510e-01,-2.412471523891016045e-01,5.801549599554653991e-01
2.192000000000000171e+01,-2.548847835992506528e-01,-2.548847833094591842e-01,-2.548847546197612890e-01,-2.548818798166210819e-01,-2.545317874273977377e-01,6.027173204629188152e-01
2.192999999999999972e+01,-2.676987230556768238e-01,-2.676987230745057622e-01,-2.676987249382274392e-01,-2.676989054888542219e-01,-2.676545027188800274e-01,6.249665434671439757e-01
2.194000000000000128e+01,-2.803443548023034082e-01,-2.803443551281588064e-01,-2.803443873875015036e-01,-2.803476075022601766e-01,-2.806072909508587343e-01,6.469499702502551353e-01
2.194999999999999929e+01,-2.928143198582962015e-01,-2.928143204891343609e-01,-2.928143829417733102e-01,-2.928206223878895287e-01,-2.933823411457870400e-01,6.687142774164399617e-01
2.196000000000000085e+01,-3.051014459205406704e-01,-3.051014468538829627e-01,-3.051015392544259575e-01,-3.051107734997435261e-01,-3.059720445292347102e-01,6.903049331283096501e-01
2.196999999999999886e+01,-3.171987512392347441e-01,-3.171987524721833207e-01,-3.171988745337481208e-01,-3.172110748816096004e-01,-3.183689996637579789e-01,7.117656777845102756e-01
2.198000000000000043e+01,-3.290994478891808850e-01,-3.290994494184357744e-01,-3.290996008143255436e-01,-3.291147345823424164e-01,-3.305660167999049937e-01,7.331380420981453705e-01
2.199000000000000199e+01,-3.407969444420456129e-01,-3.407969462639226510e-01,-3.407971266293949864e-01,-3.408151573441077220e-01,-3.425561214931999721e-01,7.544609138448392649e-01
2.200000000000000000e+01,-3.522848481228367801e-01,-3.522848502332861509e-01,-3.522850591674204779e-01,-3.523059467348940155e-01,-3.543325575066013089e-01,7.757701611830363220e-01
2.201000000000000156e+01,-3.635569663866579093e-01,-3.635569687812838513e-01,-3.635572058488860114e-01,-3.635809067385901150e-01,-3.658887890091470640e-01,7.970983184854969483e-01
2.201999999999999957e+01,-3.746073079632080138e-01,-3.746073106372881378e-01,-3.746075753708531519e-01,-3.746340428232690645e-01,-3.772185020760446261e-01,8.184743370994469469e-01
2.203000000000000114e+01,-3.854300834018479227e-01,-3.854300863503539176e-01,-3.854303782520697164e-01,-3.854595624947347865e-01,-3.883156055326066891e-01,8.399234012699409169e-01
2.203999999999999915e+01,-3.960197051461590845e-01,-3.960197083637768678e-01,-3.960200269075562773e-01,-3.960518753437638484e-01,-3.991742312288493744e-01,8.614668072247994024e-01
2.205000000000000071e+01,-4.063707871519820491e-01,-4.063707906331325836e-01,-4.063711352666537491e-01,-4.064055926550890208e-01,-4.097887336770895672e-01,8.831219002879266977e-01
2.205999999999999872e+01,-4.164781440611482477e-01,-4.164781478000080250e-01,-4.164785179467447862e-01,-4.165155266215537777e-01,-4.201536891530093243e-01,9.049020656885252700e-01
2.207000000000000028e+01,-4.263367899519199256e-01,-4.263367939424415054e-01,-4.263371890036861123e-01,-4.263766890993576086e-01,-4.302638942947136780e-01,9.268167646319442898e-01
2.208000000000000185e+01,-4.359419367838313630e-01,-4.359419410197636902e-01,-4.359423603766729993e-01,-4.359842900131288279e-01,-4.401143642394270139e-01,9.488716088375023228e-01
2.208999999999999986e+01,-4.452889924591461046e-01,-4.452889969340547149e-01,-4.452894399496164501e-01,-4.453337354211658328e-01,-4.497003303204238911e-01,9.710684650233447623e-01
2.210000000000000142e+01,-4.543735585640209518e-01,-4.543735632713077344e-01,-4.543740292922967550e-01,-4.544206252730101925e-01,-4.590172373469808553e-01,9.934055810568366285e-01
2.210999999999999943e+01,-4.631914278396755957e-01,-4.631914327725978331e-01,-4.631919211314906581e-01,-4.632407508787607098e-01,-4.680607405574415125e-01,1.015877726437330208e+00
2.212000000000000099e+01,-4.717385814052322823e-01,-4.717385865569216352e-01,-4.717390965737666142e-01,-4.717900921094905220e-01,-4.768267023044122643e-01,1.038476338808180799e+00
2.212999999999999901e+01,-4.800111857584509201e-01,-4.800111911219322458e-01,-4.800117221061677153e-01,-4.800648143720852579e-01,-4.853111884033553536e-01,1.061189670201178048e+00
2.214000000000000057e+01,-4.880055895756985063e-01,-4.880055951439069006e-01,-4.880061463961168911e-01,-4.880612654483788004e-01,-4.935104642839349132e-01,1.084002926085690266e+00
2.215000000000000213e+01,-4.957183203348011769e-01,-4.957183261005995156e-01,-4.957188969142062307e-01,-4.957759721021256505e-01,-5.014209909515325858e-01,1.106898392060579051e+00
2.216000000000000014e+01,-5.031460808371210902e-01,-5.031460867933165160e-01,-5.031466764562382288e-01,-5.032056365802929365e-01,-5.090394207974670016e-01,1.129855542739052421e+00
2.217000000000000171e+01,-5.102857456057596774e-01,-5.102857517451196978e-01,-5.102863595413351661e-01,-5.103471330049595966e-01,-5.163625932829437604e-01,1.152851128382716528e+00
2.217999999999999972e+01,-5.171343571953004314e-01,-5.171343635105679626e-01,-5.171349887216288854e-01,-5.171975036864969733e-01,-5.233875305239303888e-01,1.175859235150454207e+00
2.219000000000000128e+01,-5.236891224581865512e-01,-5.236891289420946283e-01,-5.236897708485699354e-01,-5.237539553814372084e-01,-5.301114328584217716e-01,1.198851315020911912e+00
2.219999999999999929e+01,-5.299474087820975621e-01,-5.299474154273832172e-01,-5.299480733102377439e-01,-5.300138555171773902e-01,-5.365316743767464258e-01,1.221796181799884584e+00
2.221000000000000085e+01,-5.359067403237697258e-01,-5.359067471231871993e-01,-5.359074202650935259e-01,-5.359747284202172057e-01,-5.426457984529637901e-01,1.244659969294619639e+00
2.221999999999999886e+01,-5.415647942610315457e-01,-5.415648012073650541e-01,-5.415654888939467337e-01,-5.416342515674211766e-01,-5.484515133214042937e-01,1.267406047684713544e+00
2.223000000000000043e+01,-5.469193970880136257e-01,-5.469194041740886858e-01,-5.469201056951017437e-01,-5.469902518718225970e-01,-5.539466877153614854e-01,1.289994893543126686e+00
2.224000000000000199e+01,-5.519685209803425474e-01,-5.519685281990381887e-01,-5.519692428494865633e-01,-5.520407020388093944e-01,-5.591293465905000648e-01,1.312383908826648016e+00
2.225000000000000000e+01,-5.567102802384695792e-01,-5.567102875827281139e-01,-5.567110146639167034e-01,-5.567837170055911500e-01,-5.639976669521181707e-01,1.334527182092071662e+00
2.226000000000000156e+01,-5.611429278399215903e-01,-5.611429353027592715e-01,-5.611436741232851411e-01,-5.612175504852749963e-01,-5.685499738170697315e-01,1.356375185726843569e+00
2.226999999999999957e+01,-5.652648521122911607e-01,-5.652648596868072861e-01,-5.652656095634900346e-01,-5.653405916352103322e-01,-5.727847363245108792e-01,1.377874400093396012e+00
2.228000000000000114e+01,-5.690745735457262144e-01,-5.690745812251116753e-01,-5.690753414838667368e-01,-5.691513618656083295e-01,-5.767005640068785244e-01,1.398966855500060724e+00
2.228999999999999915e+01,-5.725707417633674190e-01,-5.725707495409133596e-01,-5.725715195175695715e-01,-5.726485118012232256e-01,-5.802962032454398456e-01,1.419589580195763645e+00
2.230000000000000071e+01,-5.757521326647050408e-01,-5.757521405338105192e-01,-5.757529195748711803e-01,-5.758308184175902067e-01,-5.835705339200337738e-01,1.439673941494272746e+00
2.230999999999999872e+01,-5.786176457466714051e-01,-5.786176537008504983e-01,-5.786184411642009140e-01,-5.786971823621500643e-01,-5.865225662670521256e-01,1.459144866498249593e+00
2.232000000000000028e+01,-5.811663016281077843e-01,-5.811663096609960277e-01,-5.811671049165624270e-01,-5.812466254706711855e-01,-5.891514379580633509e-01,1.477919928425253104e+00
2.233000000000000185e+01,-5.833972397827320577e-01,-5.833972478880927737e-01,-5.833980503184507116e-01,-5.834782884921765334e-01,-5.914564114067402123e-01,1.495908286188055492e+00
2.233999999999999986e+01,-5.853097164891510884e-01,-5.853097246608811588e-01,-5.853105336618150689e-01,-5.853914290369761630e-01,-5.934368713133175710e-01,1.513009471179508569e+00
2.235000000000000142e+01,-5.869031030078680766e-01,-5.869031112400029393e-01,-5.869039262210199448e-01,-5.869854197549498886e-01,-5.950923224562547631e-01,1.529112026757686316e+00
2.235999999999999943e+01,-5.881768839979411023e-01,-5.881768922846594139e-01,-5.881777126694622826e-01,-5.882597467393985147e-01,-5.964223877347440972e-01,1.544092028920287962e+00
2.237000000000000099e+01,-5.891306561810432108e-01,-5.891306645166716205e-01,-5.891314897435849796e-01,-5.892140081853406430e-01,-5.974268064655037236e-01,1.557811558365664206e+00
2.237999999999999901e+01,-5.897641272413332025e-01,-5.897641356203499052e-01,-5.897649651427030459e-01,-5.898479132936863545e-01,-5.981054329403896475e-01,1.570117261450304724e+00
2.239000000000000057e+01,-5.900771149891824718e-01,-5.900771234062204273e-01,-5.900779566926958042e-01,-5.901612814264701745e-01,-5.984582352504841385e-01,1.580839248722127222e+00
2.240000000000000213e+01,-5.900695467799580429e-01,-5.900695552298086399e-01,-5.900703917647468488e-01,-5.901540415179661325e-01,-5.984852943675660342e-01,1.589790743101866966e+00
2.241000000000000014e+01,-5.897414591888682223e-01,-5.897414676664836097e-01,-5.897423069501510628e-01,-5.898262317493353502e-01,-5.981868034901445252e-01,1.596769116082864759e+00
2.242000000000000171e+01,-5.890929979439856190e-01,-5.890930064444812597e-01,-5.890938479933001126e-01,-5.891779994845589563e-01,-5.975630676558110199e-01,1.601559218241950244e+00
2.242999999999999972e+01,-5.881244181226068513e-01,-5.881244266412630761e-01,-5.881252699880086254e-01,-5.882096014529517580e-01,-5.966145036113289502e-01,1.603940140664182223e+00
2.244000000000000128e+01,-5.868360846092719463e-01,-5.868360931415362858e-01,-5.868369378354947319e-01,-5.869214042032585565e-01,-5.953416399381046276e-01,1.603696548393182875e+00
2.244999999999999929e+01,-5.852284727948909859e-01,-5.852284813363788363e-01,-5.852293269434696299e-01,-5.853138848081337331e-01,-5.937451174327547099e-01,1.600635195931209509e+00
2.246000000000000085e+01,-5.833021695403913798e-01,-5.833021780868867801e-01,-5.833030241897537715e-01,-5.833876318182219523e-01,-5.918256897397362604e-01,1.594605838196502035e+00
2.246999999999999886e+01,-5.810578743827748971e-01,-5.810578829302318615e-01,-5.810587291282980349e-01,-5.811433464628370515e-01,-5.895842242146671630e-01,1.585523485563026025e+00
2.248000000000000043e+01,-5.784964009796413897e-01,-5.784964095241831306e-01,-5.784972554336709205e-01,-5.785818440962073872e-01,-5.870217030278417347e-01,1.573386615578306724e+00
2.249000000000000199e+01,-5.756186787867261234e-01,-5.756186873246458280e-01,-5.756195325785634642e-01,-5.757040558725514678e-01,-5.841392244933683031e-01,1.558285198583055253e+00
2.250000000000000000e+01,-5.724257549645669352e-01,-5.724257634923267668e-01,-5.724266077404233100e-01,-5.725110306420443385e-01,-5.809380046109974272e-01,1.540394658631115465e+00
2.251000000000000156e+01,-5.689187964959601107e-01,-5.689188050101903205e-01,-5.689196479188718403e-01,-5.690039370679684794e-01,-5.774193788105858038e-01,1.519956695217637099e+00
2.251999999999999957e+01,-5.650990925054648617e-01,-5.650991010029629003e-01,-5.650999422551761242e-01,-5.651840659483111651e-01,-5.735848038924875603e-01,1.497252530585816643e+00
2.253000000000000114e+01,-5.609680567762751480e-01,-5.609680652540041113e-01,-5.609689045490855452e-01,-5.610528327246846469e-01,-5.694358601545219667e-01,1.472575848938916909e+00
2.253999999999999915e+01,-5.565272304457297148e-01,-5.565272389008161236e-01,-5.565280759543050904e-01,-5.566117801684778987e-01,-5.649742536732309528e-01,1.446211014847996967e+00
2.255000000000000071e+01,-5.517782848621410885e-01,-5.517782932918731120e-01,-5.517791278352862649e-01,-5.518625812355296700e-01,-5.602018187426182072e-01,1.418418904298309968e+00
2.255999999999999872e+01,-5.467230245908716313e-01,-5.467230329926959786e-01,-5.467238647732651780e-01,-5.468070420800645870e-01,-5.551205204537220661e-01,1.389429910945235935e+00
2.257000000000000028e+01,-5.413633905581096695e-01,-5.413633989296288140e-01,-5.413642277100019218e-01,-5.414471051968350324e-01,-5.497324573941400061e-01,1.359442297578567604e+00
2.258000000000000185e+01,-5.357014633190672059e-01,-5.357014716580360547e-01,-5.357022972159410923e-01,-5.357848526576860504e-01,-5.440398644454487176e-01,1.328623853316806880e+00
2.258999999999999986e+01,-5.297394664077353932e-01,-5.297394747120570679e-01,-5.297402968399169687e-01,-5.298225094790184331e-01,-5.380451156644411315e-01,1.297115214968803221e+00
2.260000000000000142e+01,-5.234797697709875353e-01,-5.234797780387097088e-01,-5.234805965432235419e-01,-5.235624470517873386e-01,-5.317507272347723468e-01,1.265033756557102151e+00
2.260999999999999943e+01,-5.169248932689597398e-01,-5.169249014982693069e-01,-5.169257161999476491e-01,-5.170071866322762943e-01,-5.251593604752342603e-01,1.232477414997388276e+00
2.262000000000000099e+01,-5.100775102068532130e-01,-5.100775183960715164e-01,-5.100783291287277477e-01,-5.101594028692469918e-01,-5.182738248747954524e-01,1.199528141669715664e+00
2.262999999999999901e+01,-5.029404508830891407e-01,-5.029404590306663092e-01,-5.029412656408631666e-01,-5.030219273472877894e-01,-5.110970810978519019e-01,1.166254865381144867e+00
2.264000000000000057e+01,-4.955167061299971532e-01,-4.955167142345059950e-01,-4.955175165809544424e-01,-4.955977521254218976e-01,-5.036322440193520267e-01,1.132715957835414899e+00
2.265000000000000213e+01,-4.878094308243484667e-01,-4.878094388844779195e-01,-4.878102368373899989e-01,-4.878900332455506361e-01,-4.958825857037150175e-01,1.098961243741047200e+00
2.266000000000000014e+01,-4.798219473440245020e-01,-4.798219553585728603e-01,-4.798227487989661366e-01,-4.799020941752429881e-01,-4.878515383265054073e-01,1.065033616288220575e+00
2.267000000000000171e+01,-4.715577489405533007e-01,-4.715577569084201670e-01,-4.715585457273722136e-01,-4.716374291823980380e-01,-4.795426970124982979e-01,1.030970321812310520e+00
2.267999999999999972e+01,-4.630205030079239670e-01,-4.630205109281027021e-01,-4.630212950259561810e-01,-4.630997065963096126e-01,-4.709598225694593410e-01,9.968039725840415199e-01
2.269000000000000128e+01,-4.542140542184671115e-01,-4.542140620900361747e-01,-4.542148413755544012e-01,-4.542927719386823382e-01,-4.621068440971605185e-01,9.625633393305204066e-01
2.269999999999999929e+01,-4.451424274983325491e-01,-4.451424353204463946e-01,-4.451432097099188856e-01,-4.452206508973247101e-01,-4.529878614511640977e-01,9.282739672861689550e-01
2.271000000000000085e+01,-4.358098308202233984e-01,-4.358098385921030937e-01,-4.358106080084021006e-01,-4.358875521120877949e-01,-4.436071475237439166e-01,8.939586525680988105e-01
2.271999999999999886e+01,-4.262206577822540976e-01,-4.262206655031769986e-01,-4.262214298747649677e-01,-4.262978697427310948e-01,-4.339691503259635597e-01,8.596378096170992356e-01
2.273000000000000043e+01,-4.163794899409777872e-01,-4.163794976102672685e-01,-4.163802568701568951e-01,-4.164561858020219831e-01,-4.240784948629388595e-01,8.253297555700873644e-01
2.274000000000000199e+01,-4.062910988752288510e-01,-4.062911064922432591e-01,-4.062918605769133551e-01,-4.063672722233558909e-01,-4.139399847583872805e-01,7.910509335358598682e-01
2.275000000000000000e+01,-3.959604479683461742e-01,-3.959604555324674480e-01,-3.959612043807348991e-01,-3.960360926250440228e-01,-4.035586036185850878e-01,7.568160934692044206e-01
2.276000000000000156e+01,-3.853926938530197743e-01,-3.853927013636416765e-01,-3.853934449154932107e-01,-3.854678037542573765e-01,-3.929395161119356716e-01,7.226384465244887201e-01
2.276999999999999957e+01,-3.745931875095243613e-01,-3.745931949660403770e-01,-3.745939331614280832e-01,-3.746677565877396532e-01,-3.820880687418862776e-01,6.885298073213081960e-01
2.278000000000000114e+01,-3.635674749934899586e-01,-3.635674823952806944e-01,-3.635682151728858447e-01,-3.636414970579328054e-01,-3.710097902913793710e-01,6.545007362090895509e-01
2.278999999999999915e+01,-3.523212977666471679e-01,-3.523213051130677509e-01,-3.523220324090370337e-01,-3.523947663708453248e-01,-3.597103919249544646e-01,6.205606894161824760e-01
2.280000000000000071e+01,-3.408605925969108719e-01,-3.408605998872776821e-01,-3.408613216339374530e-01,-3.409335008963005897e-01,-3.481957669308964887e-01,5.867181896364335181e-01
2.280999999999999872e+01,-3.291914909997480931e-01,-3.291914982333258299e-01,-3.291922143578810411e-01,-3.292638316392094699e-01,-3.364719900781254491e-01,5.529810204622699343e-01
2.282000000000000028e+01,-3.173203182390013088e-01,-3.173203254149897234e-01,-3.173210358382159146e-01,-3.173920832159380367e-01,-3.245453165765626591e-01,5.193564512902828501e-01
2.283000000000000185e+01,-3.052535918242104129e-01,-3.052535989417309858e-01,-3.052543035766639989e-01,-3.053247723490837284e-01,-3.124221806313231542e-01,4.858514965631559046e-01
2.283999999999999986e+01,-2.929980194963042739e-01,-2.929980265543873363e-01,-2.929987253050212459e-01,-2.930686058628106383e-01,-3.001091935761884821e-01,4.524732112073249768e-01
2.285000000000000142e+01,-2.805604966978215153e-01,-2.805605036953929265e-01,-2.805611964553945681e-01,-2.806304781623176203e-01,-2.876131415696375759e-01,4.192290240997362805e-01
2.285999999999999943e+01,-2.679481035159296809e-01,-2.679481104517983381e-01,-2.679487971032478710e-01,-2.680174681714598828e-01,-2.749409828381210730e-01,3.861271091620653295e-01
2.287000000000000099e+01,-2.551681010759624391e-01,-2.551681079488079540e-01,-2.551687883609740082e-01,-2.552368357078582672e-01,-2.620998444783660952e-01,3.531767934277940668e-01
2.287999999999999901e+01,-2.422279273634716512e-01,-2.422279341718320822e-01,-2.422286081999935892e-01,-2.422960173394111960e-01,-2.490970188122744733e-01,3.203890015716693851e-01
2.289000000000000057e+01,-2.291351924975508769e-01,-2.291351992398118487e-01,-2.291358667241359948e-01,-2.292026216711992304e-01,-2.359399592630244125e-01,2.877767343352526930e-01
2.290000000000000213e+01,-2.158976734703664802e-01,-2.158976801447500815e-01,-2.158983409092365691e-01,-2.159644240586334196e-01,-2.226362757738730713e-01,2.553555798828748835e-01
2.291000000000000014e+01,-2.025233082893215797e-01,-2.025233148938768435e-01,-2.025239687453793402e-01,-2.025893607690174014e-01,-2.091937297718159672e-01,2.231442554281469759e-01
2.292000000000000171e+01,-1.890201895743260918e-01,-1.890201961069199466e-01,-1.890208428342553537e-01,-1.890855226002235434e-01,-1.956202286777143640e-01,1.911651762490927386e-01
2.292999999999999972e+01,-1.753965576174724705e-01,-1.753965640757815525e-01,-1.753972034489369447e-01,-1.754611479545559738e-01,-1.819238199597310035e-01,1.594450463416363095e-01
2.294000000000000128e+01,-1.616607929147331202e-01,-1.616607992962370566e-01,-1.616614310656837028e-01,-1.617246153643658868e-01,-1.681126847284617754e-01,1.280154609360795726e-01
2.294999999999999929e+01,-1.478214081706931415e-01,-1.478214144726686108e-01,-1.478220383687932349e-01,-1.478844354795758875e-01,-1.541951309045836715e-01,9.691350171734580687e-02
2.296000000000000085e+01,-1.338870397798818945e-01,-1.338870459993981021e-01,-1.338876617320605145e-01,-1.339492426218266419e-01,-1.401795860011052497e-01,6.618228971760525825e-02
2.296999999999999886e+01,-1.198664388540190001e-01,-1.198664449879347227e-01,-1.198670522461556670e-01,-1.199277858157817428e-01,-1.260745894546636270e-01,3.587143307412926641e-02
2.298000000000000043e+01,-1.057684618356056205e-01,-1.057684678805674849e-01,-1.057690663323584690e-01,-1.058289193738124606e-01,-1.118887845842528039e-01,6.037261000494897889e-03
2.299000000000000199e+01,-9.160206062877501720e-02,-9.160206658121711198e-02,-9.160265587355514993e-02,-9.166159307200343054e-02,-9.763091018482938921e-02,-2.325733677546015787e-02
2.300000000000000000e+01,-7.737627237692712434e-02,-7.737627823307231811e-02,-7.737685799202437265e-02,-7.743484194390254371e-02,-8.330979178447610323e-02,-5.194375286138436243e-02
2.301000000000000156e+01,-6.310020888992143306e-02,-6.310021464578424721e-02,-6.310078447678472979e-02,-6.315777572160764797e-02,-6.893433258068439040e-02,-7.994961765750774330e-02
2.301999999999999957e+01,-4.878304576190209407e-02,-4.878305141329300487e-02,-4.878361090157639496e-02,-4.883956795403514989e-02,-5.451350407285974337e-02,-1.072024530302848333e-01
2.303000000000000114e+01,-3.443401121282255173e-02,-3.443401675535394391e-02,-3.443456546654366512e-02,-3.448944487391039648e-02,-4.005633641102766124e-02,-1.336356941570597257e-01
2.303999999999999915e+01,-2.006237470413928248e-02,-2.006238013323287384e-02,-2.006291761408252050e-02,-2.011667404465476011e-02,-2.557190855659385864e-02,-1.591975734861451608e-01
2.305000000000000071e+01,-5.677435400260074858e-03,-5.677440711156020101e-03,-5.677966490443872583e-03,-5.730552812870874646e-03,-1.106933823790043694e-02,-1.838626157575849185e-01
2.305999999999999872e+01,8.711489525206513040e-03,8.711484337439059575e-03,8.710970747868184219e-03,8.659603359072134965e-03,3.442228297441363074e-03,-2.076439259739387144e-01
2.307000000000000028e+01,2.309507665222981787e-02,2.309507159268077772e-02,2.309457069673160820e-02,2.304447264194115635e-02,1.795362663478351425e-02,-2.306023608884874565e-01
2.308000000000000185e+01,3.746400810934945314e-02,3.746400318325446288e-02,3.746351549926202340e-02,3.741473862046006821e-02,3.245568464170538875e-02,-2.528474966411436986e-01
2.308999999999999986e+01,5.180898334963855711e-02,5.180897856236445220e-02,5.180850462164747483e-02,5.176110205900380512e-02,4.693923297468395595e-02,-2.745271131490426009e-01
2.310000000000000142e+01,6.612073085875443124e-02,6.612072621578343745e-02,6.612026656108029032e-02,6.607429259889330275e-02,6.139511561015681407e-02,-2.958070222359039381e-01
2.310999999999999943e+01,8.039001974559190078e-02,8.039001525250472069e-02,8.038957043630282073e-02,8.034508033220531809e-02,7.581420035790040202e-02,-3.168481634395304836e-01
2.312000000000000099e+01,9.460767116315652037e-02,9.460766682561441709e-02,9.460723740838374030e-02,9.456428721885393185e-02,9.018738930224803885e-02,-3.377887156286288328e-01
2.312999999999999901e+01,1.087645695203851570e-01,1.087645653441113580e-01,1.087641518924551548e-01,1.087227982858241238e-01,1.045056291644333307e-01,-3.587351998610307513e-01
2.314000000000000057e+01,1.228516734311966979e-01,1.228516694219570632e-01,1.228512725066933237e-01,1.228115725732116109e-01,1.187599215240997957e-01,-3.797618452189572280e-01
2.315000000000000213e+01,1.368600263655702087e-01,1.368600225291532468e-01,1.368596427233392809e-01,1.368216537801334454e-01,1.329413328713370257e-01,-4.009150238491005491e-01
2.316000000000000014e+01,1.507807669609405321e-01,1.507807633031369443e-01,1.507804011800518706e-01,1.507441805650818756e-01,1.470410044524627646e-01,-4.222195774271250701e-01
2.317000000000000171e+01,1.646051389494001538e-01,1.646051354759822671e-01,1.646047916070829675e-01,1.645703964715053980e-01,1.610501618750468933e-01,-4.436849972462275637e-01
2.317999999999999972e+01,1.783245006646674846e-01,1.783244973813683520e-01,1.783241723342319229e-01,1.782916594458156534e-01,1.749601244387598009e-01,-4.653105492949316524e-01
2.319000000000000128e+01,1.919303341214141367e-01,1.919303310339068869e-01,1.919300253701712311e-01,1.918994509031372586e-01,1.887623141582631114e-01,-4.870891479660781620e-01
2.319999999999999929e+01,2.054142536082005366e-01,2.054142507220776959e-01,2.054139649953991009e-01,2.053853843210669550e-01,2.024482644530790076e-01,-5.090101138407313597e-01
2.321000000000000085e+01,2.187680137807218317e-01,2.187680111014748963e-01,2.187677458555133958e-01,2.187412133450187812e-01,2.160096284706686243e-01,-5.310610526871436532e-01
2.321999999999999886e+01,2.319835172421206293e-01,2.319835147751201920e-01,2.319832705415630358e-01,2.319588393765645018e-01,2.294381870213058339e-01,-5.532290867143491164e-01
2.323000000000000043e+01,2.450528215938324594e-01,2.450528193443085589e-01,2.450525966409462519e-01,2.450303186162585689e-01,2.427258561046863883e-01,-5.755016267240972150e-01
2.324000000000000199e+01,2.579681459318238224e-01,2.579681439048474578e-01,2.579679432337149136e-01,2.579478685526048198e-01,2.558646940038857842e-01,-5.978668264992685888e-01
2.325000000000000000e+01,2.707218767680267257e-01,2.707218749684918713e-01,2.707216968140862545e-01,2.707038739313190057e-01,2.688469079246791349e-01,-6.203138207619293132e-01
2.326000000000000156e+01,2.833065734132963476e-01,2.833065718459025772e-01,2.833064166734734490e-01,2.832908921259676971e-01,2.816648601647976369e-01,-6.428328177776605479e-01
2.326999999999999957e+01,2.957149727944345941e-01,2.957149714636706506e-01,2.957148397176102561e-01,2.957016579506631104e-01,2.943110738265544146e-01,-6.654150958293355567e-01
2.328000000000000114e+01,3.079399936865730991e-01,3.079399925967020168e-01,3.079398846990308858e-01,3.079290879145393789e-01,3.067782380281238175e-01,-6.880529376699547894e-01
2.328999999999999915e+01,3.199747403926345157e-01,3.199747395476787437e-01,3.199746558966339305e-01,3.199662839232141343e-01,3.190592126218746438e-01,-7.107395266898721697e-01
2.330000000000000071e+01,3.318125058796906890e-01,3.318125052834193234e-01,3.318124462521482299e-01,3.318065364213532709e-01,3.311470324177979152e-01,-7.334688214250398852e-01
2.330999999999999872e+01,3.434467743740533541e-01,3.434467740299699257e-01,3.434467399653367559e-01,3.434433269728682236e-01,3.430349109161487942e-01,-7.562354201239026574e-01
2.332000000000000028e+01,3.548712234143137634e-01,3.548712233256456905e-01,3.548712145471571988e-01,3.548703303337497061e-01,3.547162435457070773e-01,-7.790344238797741738e-01
2.333000000000000185e+01,3.660797253718403033e-01,3.660797255415290108e-01,3.660797423403744366e-01,3.660814160294644792e-01,3.661846104049326645e-01,-8.018613040538998815e-01
2.333999999999999986e+01,3.770663485296439354e-01,3.770663489603359730e-01,3.770663915985273951e-01,3.770706494001765385e-01,3.774337785064805217e-01,-8.247117782567866540e-01
2.335000000000000142e+01,3.878253576511613288e-01,3.878253583452012654e-01,3.878254270548469052e-01,3.878322921803501466e-01,3.884577035720211957e-01,-8.475816975105444628e-01
2.335999999999999943e+01,3.983512140899468368e-01,3.983512150493708770e-01,3.983513100320562605e-01,3.983608026317974615e-01,3.992505313671651512e-01,-8.704669461392352536e-01
2.337000000000000099e+01,4.086385754734179199e-01,4.086385766999488522e-01,4.086386981262264406e-01,4.086508352518325449e-01,4.098065985692832536e-01,-8.933633549601944779e-01
2.337999999999999901e+01,4.186822949897128221e-01,4.186822964847557449e-01,4.186824444937398693e-01,4.186972400685387008e-01,4.201204332059742530e-01,-9.162666276032477297e-01
2.339000000000000057e+01,4.284774202956594391e-01,4.284774220602989847e-01,4.284775967593655865e-01,4.284950615362341231e-01,4.301867546848096024e-01,-9.391722788095644425e-01
2.340000000000000213e+01,4.380191920607388045e-01,4.380191940957370855e-01,4.380193955603282618e-01,4.380395370655509879e-01,4.400004734361387948e-01,-9.620755833606722263e-01
2.341000000000000014e+01,4.473030421626093545e-01,4.473030444684049090e-01,4.473032727419382626e-01,4.473260953027021203e-01,4.495566901832337980e-01,-9.849715332595371242e-01
2.342000000000000171e+01,4.563245915984776024e-01,4.563245941751851165e-01,4.563248492690169522e-01,4.563503540272987324e-01,4.588506948549938014e-01,-1.007854800806898599e+00
2.342999999999999972e+01,4.650796481735880450e-01,4.650796510209994072e-01,4.650799329145076655e-01,4.651081178045110009e-01,4.678779651573824472e-01,-1.030719704173494344e+00
2.344000000000000128e+01,4.735642038669960474e-01,4.735642069845812374e-01,4.735645156253130983e-01,4.735953753938909605e-01,4.766341648293070388e-01,-1.053560172604991241e+00
2.344999999999999929e+01,4.817744320216642562e-01,4.817744354085742309e-01,4.817747707124689360e-01,4.818082969448081454e-01,4.851151417027741442e-01,-1.076369707026544775e+00
2.346000000000000085e+01,4.897066843414155102e-01,4.897066879964848130e-01,4.897070498481617129e-01,4.897432310023813740e-01,4.933169254390644687e-01,-1.099141332470618071e+00
2.346999999999999886e+01,4.973574877296715879e-01,4.973574916514220123e-01,4.973578799045302867e-01,4.973967013454964059e-01,5.012357250489912763e-01,-1.121867537787941238e+00
2.348000000000000043e+01,5.047235409927790517e-01,5.047235451794234162e-01,5.047239596570494147e-01,5.047654036826951796e-01,5.088679262305718654e-01,-1.144540197328992148e+00
2.349000000000000199e+01,5.118017114300239534e-01,5.118017158794713195e-01,5.118021563746000258e-01,5.118462022714743709e-01,5.162100885332647771e-01,-1.167150470565240683e+00
2.350000000000000000e+01,5.185890313470409296e-01,5.185890360569010982e-01,5.185895023329112341e-01,5.186361264334127252e-01,5.232589423790376948e-01,-1.189688672372613665e+00
2.351000000000000156e+01,5.250826945306255045e-01,5.250826994982148443e-01,5.250831912894233788e-01,5.251323670170795488e-01,5.300113859647924697e-01,-1.212144107896673928e+00
2.351999999999999957e+01,5.312800526708312265e-01,5.312800578931784479e-01,5.312805749054160254e-01,5.313322728349662016e-01,5.364644820726041097e-01,-1.234504863825758747e+00
2.353000000000000114e+01,5.371786117901705682e-01,5.371786172640224954e-01,5.371791591752400619e-01,5.372333470933319255e-01,5.426154548284740642e-01,-1.256757546952815829e+00
2.353999999999999915e+01,5.427760286878634544e-01,5.427760344096920209e-01,5.427766008705920964e-01,5.428332438391747505e-01,5.484616864145575033e-01,-1.278886958123567785e+00
2.355000000000000071e+01,5.480701074240006410e-01,5.480701133900089950e-01,5.480707040246999284e-01,5.481297644465794594e-01,5.540007137729382469e-01,-1.300875688569380184e+00
2.355999999999999872e+01,5.530587958655670544e-01,5.530588020716962205e-01,5.530594164783636524e-01,5.531208541644190291e-01,5.592302253236497434e-01,-1.322703621627017601e+00
2.357000000000000028e+01,5.577401823152157156e-01,5.577401887571523664e-01,5.577408265087454575e-01,5.578045987463936539e-01,5.641480577195018276e-01,-1.344347320000079726e+00
2.358000000000000185e+01,5.621124922397906509e-01,5.621124989129731020e-01,5.621131595579036411e-01,5.621792211807902229e-01,5.687521926617735701e-01,-1.365779274099730323e+00
2.358999999999999986e+01,5.661740851191027213e-01,5.661740920187288140e-01,5.661747750815783187e-01,5.662430785418280932e-01,5.730407537998449818e-01,-1.386966983182624569e+00
2.360000000000000142e+01,5.699234514333272328e-01,5.699234585543612175e-01,5.699241635365946967e-01,5.699946589756310633e-01,5.770120037358730247e-01,-1.407871836294788848e+00
2.360999999999999943e+01,5.733592098026882855e-01,5.733592171398682602e-01,5.733599435205539718e-01,5.734325788388667799e-01,5.806643411516626552e-01,-1.428447757015367081e+00
2.362000000000000099e+01,5.764801042937570674e-01,5.764801118416023051e-01,5.764808590781350661e-01,5.765555800085152560e-01,5.839962980819572991e-01,-1.448639576622545277e+00
2.362999999999999901e+01,5.792850019097579573e-01,5.792850096625756784e-01,5.792857771914007303e-01,5.793625273763779449e-01,5.870065373502921791e-01,-1.468381106312807383e+00
2.364000000000000057e+01,5.817728902810431757e-01,5.817728982329369858e-01,5.817736854702727500e-01,5.818524065292614011e-01,5.896938501829642743e-01,-1.487592899800922908e+00
2.365000000000000213e+01,5.839428755557785067e-01,5.839428837006543915e-01,5.839436900432233291e-01,5.840243216450289321e-01,5.920571540168503288e-01,-1.506179739135099949e+00
2.366000000000000014e+01,5.857941805090171039e-01,5.857941888405918673e-01,5.857950136663426788e-01,5.858774936049724325e-01,5.940954905182428414e-01,-1.524027954903226068e+00
2.367000000000000171e+01,5.873261428840362841e-01,5.873261513958443203e-01,5.873269940646781428e-01,5.874112583311894564e-01,5.958080238280332175e-01,-1.541002824574916774e+00
2.367999999999999972e+01,5.885382139662987955e-01,5.885382226516994164e-01,5.885390825061950215e-01,5.886250653580511472e-01,5.971940390348388084e-01,-1.556946493900521311e+00
2.369000000000000128e+01,5.894299573974658424e-01,5.894299662496507164e-01,5.894308426157914838e-01,5.895184766497552076e-01,5.982529408962412587e-01,-1.571677139691215253e+00
2.369999999999999929e+01,5.900010482392693545e-01,5.900010572512700557e-01,5.900019494391695041e-01,5.900911656709598718e-01,5.989842528170949976e-01,-1.584990392294880479e+00
2.371000000000000085e+01,5.902512722967476755e-01,5.902512814614425674e-01,5.902521887660692190e-01,5.903429166967605335e-01,5.993876160884183957e-01,-1.596664240821032976e+00
2.371999999999999886e+01,5.901805256904255614e-01,5.901805350005475681e-01,5.901814567024605829e-01,5.902736243905853941e-01,5.994627893942224839e-01,-1.606468518427333070e+00
2.373000000000000043e+01,5.897888146863242698e-01,5.897888241344683147e-01,5.897897595005485716e-01,5.898832936394288184e-01,5.992096485940661132e-01,-1.614179327643377349e+00
2.374000000000000199e+01,5.890762557932202048e-01,5.890762653718502051e-01,5.890772136560400440e-01,5.891720396467230447e-01,5.986281867874490015e-01,-1.619597289659411299e+00
2.375000000000000000e+01,5.880430761156348884e-01,5.880430858170917485e-01,5.880440462611407071e-01,5.881400882839692423e-01,5.977185146521484249e-01,-1.622566637670489254e+00
2.376000000000000156e+01,5.866896139634376617e-01,5.866896237799468228e-01,5.866905956141674761e-01,5.867877767049222149e-01,5.964808610662336585e-01,-1.622990862794453815e+00
2.376999999999999957e+01,5.850163197193153364e-01,5.850163296429942150e-01,5.850173120870242327e-01,5.851155542191686099e-01,5.949155740129643544e-01,-1.620840913088910540e+00
2.378000000000000114e+01,5.830237569640518425e-01,5.830237669869180461e-01,5.830247592504934628e-01,5.831239834063235428e-01,5.930231217643309183e-01,-1.616154076711808329e+00
2.378999999999999915e+01,5.807126038398368051e-01,5.807126139538159038e-01,5.807136152375638183e-01,5.808137414863390191e-01,5.908040943364305519e-01,-1.609024619007572099e+00
2.380000000000000071e+01,5.780836546578766999e-01,5.780836648548102197e-01,5.780846743510517083e-01,5.781856219331820146e-01,5.882592052138938543e-01,-1.599589417215556253e+00
2.380999999999999872e+01,5.751378217437895790e-01,5.751378320154435508e-01,5.751388489090139000e-01,5.752405363204086131e-01,5.853892933401521059e-01,-1.588012353032084434e+00
2.382000000000000028e+01,5.718761375075651632e-01,5.718761478456384495e-01,5.718771713147273728e-01,5.719795163869063614e-01,5.821953253691666275e-01,-1.574470340912931032e+00
2.383000000000000185e+01,5.682997567243861514e-01,5.682997671205192169e-01,5.683007963375344973e-01,5.684037163185811092e-01,5.786783981576131275e-01,-1.559142459675606940e+00
2.383999999999999986e+01,5.644099590195195137e-01,5.644099694653034183e-01,5.644110035977574213e-01,5.645144152410852545e-01,5.748397414761625690e-01,-1.542202450922402823e+00
2.385000000000000142e+01,5.602081515506183163e-01,5.602081620376038185e-01,5.602092002490215439e-01,5.603130199177583926e-01,5.706807209655355706e-01,-1.523814139133875756e+00
2.385999999999999943e+01,5.556958718796640717e-01,5.556958823993710661e-01,5.556969238502195152e-01,5.558010676071863942e-01,5.662028412854774873e-01,-1.504129064957711037e+00
2.387000000000000099e+01,5.508747909935192144e-01,5.508748015374465012e-01,5.508758453861082316e-01,5.509802290756422583e-01,5.614077494564175819e-01,-1.483285634462463642e+00
2.387999999999999901e+01,5.457467164693285966e-01,5.457467270289637629e-01,5.457477724327250979e-01,5.458523117920608403e-01,5.562972383731346060e-01,-1.461409217348590195e+00
2.389000000000000057e+01,5.403135957935569778e-01,5.403136063603871664e-01,5.403146524764619318e-01,5.404192632360319548e-01,5.508732504709568101e-01,-1.438612782212574714e+00
2.390000000000000213e+01,5.345775197836997172e-01,5.345775303492218411e-01,5.345785763358053000e-01,5.346831743238618095e-01,5.451378815236566089e-01,-1.414997791333993948e+00
2.391000000000000014e+01,5.285407261075295571e-01,5.285407366632612902e-01,5.285417816806162739e-01,5.286462829303799627e-01,5.390933845491001630e-01,-1.390655180600063767e+00
2.392000000000000171e+01,5.222056028777657399e-01,5.222056134152571749e-01,5.222066566268324106e-01,5.223109774885514867e-01,5.327421738004729512e-01,-1.365666320521577770e+00
2.392999999999999972e+01,5.155746923027331174e-01,5.155747028135779786e-01,5.155757433871575035e-01,5.156798006469249795e-01,5.260868288135684967e-01,-1.340103902405819669e+00
2.394000000000000128e+01,5.086506943726978314e-01,5.086507048485454652e-01,5.086517419574272392e-01,5.087554529522645419e-01,5.191300984858461254e-01,-1.314032722516977669e+00
2.394999999999999929e+01,5.014364705543120637e-01,5.014364809868800954e-01,5.014375138110866992e-01,5.015407965477804986e-01,5.118749051598314725e-01,-1.287510355459249300e+00
2.396000000000000085e+01,4.939350474644582656e-01,4.939350578455443674e-01,4.939360855730616229e-01,4.940388588550341242e-01,5.043243486764725780e-01,-1.260587718239352117e+00
2.396999999999999886e+01,4.861496205146986216e-01,4.861496308361938912e-01,4.861506526642357939e-01,4.862528362158381467e-01,4.964817103629364237e-01,-1.233309532179449608e+00
2.398000000000000043e+01,4.780835574831580059e-01,4.780835677370597891e-01,4.780845828733563119e-01,4.781860974705361977e-01,4.883504569332502987e-01,-1.205714692953268719e+00
2.399000000000000199e+01,4.697404019980470080e-01,4.697404121764718887e-01,4.697414198405776009e-01,4.698421874433621470e-01,4.799342442662973829e-01,-1.177836560284056144e+00
2.400000000000000000e+01,4.611238769027694584e-01,4.611238869979669697e-01,4.611248864225857558e-01,4.612248303047915554e-01,4.712369210128736219e-01,-1.149703179484498072e+00
2.401000000000000156e+01,4.522378874710203389e-01,4.522378974753863967e-01,4.522388879077094970e-01,4.523379327872661948e-01,4.622625320089581158e-01,-1.121337447159750145e+00
2.401999999999999957e+01,4.430865244410974735e-01,4.430865343471879214e-01,4.430875150502386894e-01,4.431855872304221178e-01,4.530153214610967982e-01,-1.092757233300274189e+00
2.403000000000000114e+01,4.336740668557086398e-01,4.336740766562527938e-01,4.336750469102308436e-01,4.337720744129281991e-01,4.434997358616274976e-01,-1.063975471960105779e+00
2.403999999999999915e+01,4.240049846627614860e-01,4.240049943506755681e-01,4.240059534542995889e-01,4.241018661498225373e-01,4.337204265883766729e-01,-1.035000232575195467e+00
2.405000000000000071e+01,4.140839410477568094e-01,4.140839506161577144e-01,4.140848978879944076e-01,4.141796276297873280e-01,4.236822521672903297e-01,-1.005834783738613902e+00
2.406000000000000227e+01,4.039157944759795837e-01,4.039158039181979243e-01,4.039167386979725105e-01,4.040102194596351115e-01,4.133902801717155295e-01,-9.764776610955049341e-01
2.407000000000000028e+01,3.935056004167821753e-01,3.935056097263750496e-01,3.935065313762542982e-01,3.935986993786326771e-01,4.028497886890343715e-01,-9.469227503375335919e-01
2.408000000000000185e+01,3.828586127134944173e-01,3.828586218842584543e-01,3.828595297900997951e-01,3.829503236130415988e-01,3.920662673468953141e-01,-9.171593961693795816e-01
2.408999999999999986e+01,3.719802845617813380e-01,3.719802935877645211e-01,3.719811871603226905e-01,3.720705478744758543e-01,3.810454178672080250e-01,-8.871725458161681122e-01
2.410000000000000142e+01,3.608762690909937954e-01,3.608762779665072307e-01,3.608771566425827415e-01,3.609650279291265473e-01,3.697931541102488784e-01,-8.569429363170883995e-01
2.410999999999999943e+01,3.495524195198334017e-01,3.495524282394624205e-01,3.495532914829929672e-01,3.496396197327418243e-01,3.583156015669362038e-01,-8.264473308803828022e-01
2.412000000000000099e+01,3.380147888331708761e-01,3.380147973917849713e-01,3.380156446948641147e-01,3.381003791101651612e-01,3.466190962876030679e-01,-7.956588091842595745e-01
2.412999999999999901e+01,3.262696289812386796e-01,3.262696373740014422e-01,3.262704682578158044e-01,3.263535609552019601e-01,3.347101832495147367e-01,-7.645471133307756295e-01
2.414000000000000057e+01,3.143233895803390077e-01,3.143233978027164532e-01,3.143242118183916523e-01,3.144056179166079823e-01,3.225956140851053422e-01,-7.330790467227963347e-01
2.415000000000000213e+01,3.021827160872693208e-01,3.021827241350372173e-01,3.021835208643858794e-01,3.022631985406576960e-01,3.102823441907912039e-01,-7.012189249632219123e-01
2.416000000000000014e+01,2.898544474157188633e-01,2.898544552849695588e-01,2.898552343411344157e-01,2.899331448988174409e-01,2.977775292055950263e-01,-6.689290683977833218e-01
2.417000000000000171e+01,2.773456129888930422e-01,2.773456206760406273e-01,2.773463817040154322e-01,2.774224896446348954e-01,2.850885208470316234e-01,-6.361703288661892941e-01
2.417999999999999972e+01,2.646634292590419046e-01,2.646634367608263205e-01,2.646641794378555290e-01,2.647384524850328047e-01,2.722228620839100000e-01,-6.029026369107308714e-01
2.419000000000000128e+01,2.518152956049222735e-01,2.518153029184118097e-01,2.518160269542611962e-01,2.518884360764042651e-01,2.591882816319743266e-01,-5.690855564112140552e-01
2.419999999999999929e+01,2.388087896504594854e-01,2.388087967730522787e-01,2.388095019101417749e-01,2.388800213419550178e-01,2.459926878429809782e-01,-5.346788310031327374e-01
2.421000000000000085e+01,2.256516619993321204e-01,2.256516689287561273e-01,2.256523549421484420e-01,2.257209621957740053e-01,2.326441619442300990e-01,-4.996429068900753445e-01
2.421999999999999886e+01,2.123518303869168511e-01,2.123518371212280154e-01,2.123525038184719271e-01,2.124191796586817338e-01,2.191509506267979024e-01,-4.639394176948358206e-01
2.423000000000000043e+01,1.989173732386338711e-01,1.989173797762134321e-01,1.989180269970412529e-01,1.989827553820409101e-01,2.055214580407520586e-01,-4.275316180957661194e-01
2.424000000000000199e+01,1.853565226274671296e-01,1.853565289670167371e-01,1.853571565828967815e-01,1.854199246508180798e-01,1.917642372089724545e-01,-3.903847573566661122e-01
2.425000000000000000e+01,1.716776566948363114e-01,1.716776628353720302e-01,1.716782707488918591e-01,1.717390687642360581e-01,1.778879808824588571e-01,-3.524663861356608363e-01
2.426000000000000156e+01,1.578892915428078414e-01,1.578892974836524632e-01,1.578898856277729801e-01,1.579487068848180464e-01,1.639015118582714259e-01,-3.137465967315950510e-01
2.426999999999999957e+01,1.440000725536720316e-01,1.440000782944461655e-01,1.440006466316014200e-01,1.440574873646276177e-01,1.498137728022878590e-01,-2.741982024285377073e-01
2.428000000000000114e+01,1.300187652301912078e-01,1.300187707708025941e-01,1.300193192918585594e-01,1.300741785793910754e-01,1.356338156610629730e-01,-2.337968704967194333e-01
2.428999999999999915e+01,1.159542455653155002e-01,1.159542509059471871e-01,1.159547796290228971e-01,1.160076592863172329e-01,1.213707906265946296e-01,-1.925212327968025550e-01
2.430000000000000071e+01,1.018154899712090528e-01,1.018154951123061008e-01,1.018160040814657108e-01,1.018669085236452165e-01,1.070339347602173030e-01,-1.503530119168938195e-01
2.431000000000000227e+01,8.761156479224274651e-02,8.761156973449790719e-02,8.761205901832667953e-02,8.766099508930637330e-02,9.263256030531025198e-02,-1.072772182351619530e-01
2.432000000000000028e+01,7.335161544491081154e-02,7.335162018924903937e-02,7.335208987931468583e-02,7.339906673260666869e-02,7.817604274269185360e-02,-6.328249947316216817e-02
2.433000000000000185e+01,5.904485527198946593e-02,5.904485981955133467e-02,5.904531002876228785e-02,5.909033895182334850e-02,6.367380864188278144e-02,-1.836176047534510136e-02
2.433999999999999986e+01,4.470055408030096378e-02,4.470055843242513177e-02,4.470098929330653531e-02,4.474408353387266529e-02,4.913532336234480158e-02,2.748677364206836282e-02
2.435000000000000142e+01,3.032802646211235631e-02,3.032803062031740396e-02,3.032844228320951546e-02,3.036961686930436666e-02,3.457007866379613326e-02,7.425779710596691618e-02
2.435999999999999943e+01,1.593661993505421370e-02,1.593662390101981130e-02,1.593701653221472544e-02,1.597628808751931639e-02,1.998758027749698851e-02,1.219360934893746751e-01
2.437000000000000099e+01,1.535702952294266998e-03,1.535706727841911487e-03,1.536080507672402812e-03,1.573467061395783040e-03,5.397335496455071130e-03,1.704920977739109444e-01
2.437999999999999901e+01,-1.286534716765990946e-02,-1.286534358058655930e-02,-1.286498845968980960e-02,-1.282946767060303556e-02,-9.191159160176312279e-03,2.198750996519888423e-01
2.439000000000000057e+01,-2.725715634126798723e-02,-2.725715294062267327e-02,-2.725681627608970634e-02,-2.722314100253198782e-02,-2.376843016348350462e-02,2.700031202643664030e-01
2.440000000000000213e+01,-4.163036578451055625e-02,-4.163036256816451952e-02,-4.163004414925068619e-02,-4.159819332339408093e-02,-3.832503901164976967e-02,3.207484253699814936e-01
2.441000000000000014e+01,-5.597564400351038444e-02,-5.597564096927203081e-02,-5.597534057900839521e-02,-5.594529251133023573e-02,-5.285159402863910671e-02,3.719181119392974688e-01
2.442000000000000171e+01,-7.028369865382161352e-02,-7.028369579945585588e-02,-7.028341321657372021e-02,-7.025514578713000502e-02,-6.733876189991080952e-02,4.232310175000977837e-01
2.442999999999999972e+01,-8.454528821749401901e-02,-8.454528554074136615e-02,-8.454502054155524360e-02,-8.451851138992143297e-02,-8.177727890034278135e-02,4.742964281611879440e-01
2.444000000000000128e+01,-9.875123345405148467e-02,-9.875123095264659590e-02,-9.875098331288365006e-02,-9.872621002165801740e-02,-9.615796174583000899e-02,5.246068093864642012e-01
2.444999999999999929e+01,-1.128924285727312127e-01,-1.128924262444206128e-01,-1.128921957409848714e-01,-1.128691360084883993e-01,-1.104717180548095007e-01,5.735620566275975163e-01
2.446000000000000085e+01,-1.269598520780401418e-01,-1.269598499205991937e-01,-1.269596363332568811e-01,-1.269382681437659088e-01,-1.247095563923183992e-01,6.205366097119899838e-01
2.446999999999999886e+01,-1.409445772656098828e-01,-1.409445752768589966e-01,-1.409443783898331193e-01,-1.409246801756781631e-01,-1.388625958553203199e-01,6.649764474397701353e-01
2.448000000000000043e+01,-1.548377823149355570e-01,-1.548377804927553447e-01,-1.548376000962259358e-01,-1.548195508846757495e-01,-1.529220751559087488e-01,7.064858024350788579e-01
2.449000000000000199e+01,-1.686307599413646163e-01,-1.686307582837098806e-01,-1.686305941752078152e-01,-1.686141737262688012e-01,-1.668793611943978350e-01,7.448644374278312608e-01
2.450000000000000000e+01,-1.823149265873026947e-01,-1.823149250922155296e-01,-1.823147770779015298e-01,-1.822999660162527569e-01,-1.807259571569392043e-01,7.800890209802202602e-01
2.451000000000000156e+01,-1.958818311280829672e-01,-1.958818297937043595e-01,-1.958816976895299267e-01,-1.958684776233566294e-01,-1.944535100203086397e-01,8.122626504914732815e-01
2.451999999999999957e+01,-2.093231630573572921e-01,-2.093231618819375583e-01,-2.093230455146861124e-01,-2.093113991330871615e-01,-2.080538175237363341e-01,8.415609745800346486e-01
2.453000000000000114e+01,-2.226307601200442909e-01,-2.226307591019524024e-01,-2.226306583101579639e-01,-2.226205694691684167e-01,-2.215188345911956458e-01,8.681905777246354816e-01
2.453999999999999915e+01,-2.357966154115082036e-01,-2.357966145492397803e-01,-2.357965291839671518e-01,-2.357879830015927047e-01,-2.348406791968001284e-01,8.923625974108079228e-01
2.455000000000000071e+01,-2.488128839237668533e-01,-2.488128832159507975e-01,-2.488128131414603372e-01,-2.488057960537515545e-01,-2.480116376538917256e-01,9.142784714679156322e-01
2.456000000000000227e+01,-2.616718884945870016e-01,-2.616718879399908548e-01,-2.616718330342736043e-01,-2.616663328465293481e-01,-2.610241693270466956e-01,9.341235873510432830e-01
2.457000000000000028e+01,-2.743661251899146558e-01,-2.743661247874488729e-01,-2.743660849426362014e-01,-2.743620908737656738e-01,-2.738709108469920550e-01,9.520654672672337338e-01
2.458000000000000185e+01,-2.868882681194400153e-01,-2.868882678681606846e-01,-2.868882429908103937e-01,-2.868857457076816053e-01,-2.865446797342074414e-01,9.682542932067346175e-01
2.458999999999999986e+01,-2.992311736792170329e-01,-2.992311735783276250e-01,-2.992311635895943955e-01,-2.992301552217822014e-01,-2.990384774917279609e-01,9.828244871477412881e-01
2.460000000000000142e+01,-3.113878842116845069e-01,-3.113878842605366515e-01,-3.113878890962348267e-01,-3.113883632251722156e-01,-3.113454921821994237e-01,9.958966496162765525e-01
2.460999999999999943e+01,-3.233516310934682059e-01,-3.233516312915613033e-01,-3.233516509021125973e-01,-3.233536025773841027e-01,-3.234591005048438328e-01,1.007579504346605148e+00
2.462000000000000099e+01,-3.351158373318783301e-01,-3.351158376788573867e-01,-3.351158720291321780e-01,-3.351192977475097035e-01,-3.353728693736091060e-01,1.017971687274562553e+00
2.462999999999999901e+01,-3.466741195809041054e-01,-3.466741200765579012e-01,-3.466741691456307617e-01,-3.466790668218331928e-01,-3.470805569973902660e-01,1.027163318503763412e+00
2.464000000000000057e+01,-3.580202896489634301e-01,-3.580202902932205777e-01,-3.580203540740333201e-01,-3.580267230047801674e-01,-3.585761135190657090e-01,1.035237346090483346e+00
2.465000000000000213e+01,-3.691483555144314810e-01,-3.691483563073564289e-01,-3.691484348062943899e-01,-3.691562756341432161e-01,-3.698536812549930719e-01,1.042270674148612519e+00
2.466000000000000014e+01,-3.800525218749684075e-01,-3.800525228167563885e-01,-3.800526160531481068e-01,-3.800619307225479582e-01,-3.809075944647829504e-01,1.048335097056163345e+00
2.467000000000000171e+01,-3.907271902400850649e-01,-3.907271913310563227e-01,-3.907272993366059932e-01,-3.907380910329311119e-01,-3.917323787526124645e-01,1.053498064267030854e+00
2.467999999999999972e+01,-4.011669585763031343e-01,-4.011669598168967621e-01,-4.011670826350617891e-01,-4.011793556998400900e-01,-4.023227501006242379e-01,1.057823299621848179e+00
2.469000000000000128e+01,-4.113666205289205902e-01,-4.113666219196873142e-01,-4.113667596049952468e-01,-4.113805194953709110e-01,-4.126736135588843224e-01,1.061371296689894050e+00
2.469999999999999929e+01,-4.213211643357703262e-01,-4.213211658773651225e-01,-4.213213184946651979e-01,-4.213365717049457615e-01,-4.227800616062257766e-01,1.064199709752193135e+00
2.471000000000000085e+01,-4.310257713264922796e-01,-4.310257730196667136e-01,-4.310259406433631924e-01,-4.310426946205079268e-01,-4.326373721981552900e-01,1.066363657152515687e+00
2.471999999999999886e+01,-4.404758141053030651e-01,-4.404758159508969095e-01,-4.404759986641333391e-01,-4.404942617261343174e-01,-4.422410065654977518e-01,1.067915952054016238e+00
2.473000000000000043e+01,-4.496668544408417567e-01,-4.496668564397746093e-01,-4.496670543335872239e-01,-4.496868355878635981e-01,-4.515866067605595058e-01,1.068907273397867064e+00
2.474000000000000199e+01,-4.585946408883264658e-01,-4.585946430415888120e-01,-4.585948562140326756e-01,-4.586161654740361637e-01,-4.606699929605058697e-01,1.069386288392146334e+00
2.475000000000000000e+01,-4.672551061669350525e-01,-4.672551084755791617e-01,-4.672553370308326071e-01,-4.672781847255469412e-01,-4.694871605822844574e-01,1.069399736451648986e+00
2.476000000000000156e+01,-4.756443643122296727e-01,-4.756443667773606054e-01,-4.756446108248161275e-01,-4.756690078957428458e-01,-4.780342772192791578e-01,1.068992483160982276e+00
2.476999999999999957e+01,-4.837587076284701748e-01,-4.837587102512361792e-01,-4.837589699045792835e-01,-4.837849277237409318e-01,-4.863076794255718482e-01,1.068207551798885380e+00
2.478000000000000114e+01,-4.915946035153477278e-01,-4.915946062969310804e-01,-4.915948816731976478e-01,-4.916224119519486679e-01,-4.943038693707531017e-01,1.067086138882066937e+00
2.478999999999999915e+01,-4.991486911317345454e-01,-4.991486940733417255e-01,-4.991489852919818171e-01,-4.991780999813358877e-01,-5.020195113898336947e-01,1.065667619318043435e+00
2.480000000000000071e+01,-5.064177779524227097e-01,-5.064177810552751291e-01,-5.064180882372067982e-01,-5.064487994346109634e-01,-5.094514284566786788e-01,1.063989545868681663e+00
2.481000000000000227e+01,-5.133988362463747235e-01,-5.133988395116990677e-01,-5.133991627783627276e-01,-5.134314826335056869e-01,-5.165965985940639271e-01,1.062087646693872234e+00
2.482000000000000028e+01,-5.200889994954067674e-01,-5.200890029244253920e-01,-5.200893423968377949e-01,-5.201232830176403255e-01,-5.234521512531553622e-01,1.059995824276605436e+00
2.483000000000000185e+01,-5.264855587780634671e-01,-5.264855623719848499e-01,-5.264859181697960633e-01,-5.265214915276648089e-01,-5.300153636772417798e-01,1.057746157975923307e+00
2.483999999999999986e+01,-5.325859591411370442e-01,-5.325859629011467922e-01,-5.325863351417021718e-01,-5.326235529760432463e-01,-5.362836572727783802e-01,1.055368912202455434e+00
2.485000000000000142e+01,-5.383877959837417571e-01,-5.383877999109922818e-01,-5.383881887083996620e-01,-5.384270624358729052e-01,-5.422545940132736941e-01,1.052892551140419686e+00
2.485999999999999943e+01,-5.438888114779621974e-01,-5.438888155735640551e-01,-5.438892210377669345e-01,-5.439297616578566696e-01,-5.479258728984576221e-01,1.050343761074385540e+00
2.487000000000000099e+01,-5.490868910401159875e-01,-5.490868953051282197e-01,-5.490873175409862750e-01,-5.491295355451339955e-01,-5.532953264714681740e-01,1.047747480277983367e+00
2.487999999999999901e+01,-5.539800598805180165e-01,-5.539800643159394911e-01,-5.539805034223184155e-01,-5.540244087023962205e-01,-5.583609174327817115e-01,1.045126936521396432e+00
2.489000000000000057e+01,-5.585664796450109382e-01,-5.585664842517704676e-01,-5.585669403206396932e-01,-5.586125420777634520e-01,-5.631207353640405033e-01,1.042503691874599792e+00
2.490000000000000213e+01,-5.628444451684564420e-01,-5.628444499474045681e-01,-5.628449230629450906e-01,-5.628922297184922874e-01,-5.675729935736153475e-01,1.039897693596099071e+00
2.491000000000000014e+01,-5.668123813606565919e-01,-5.668123863125558159e-01,-5.668128765502762345e-01,-5.668618956601942926e-01,-5.717160260807512273e-01,1.037327331134264563e+00
2.492000000000000171e+01,-5.704688402406559167e-01,-5.704688453661724834e-01,-5.704693527920372542e-01,-5.705200909560794731e-01,-5.755482847607885644e-01,1.034809497543693446e+00
2.492999999999999972e+01,-5.738124981229186794e-01,-5.738125034226138066e-01,-5.738130280921808213e-01,-5.738654908686294798e-01,-5.790683366722311209e-01,1.032359654401661997e+00
2.494000000000000128e+01,-5.768421529872963527e-01,-5.768421584616176823e-01,-5.768427004191863938e-01,-5.768968922407256006e-01,-5.822748615551019968e-01,1.029991899542284539e+00
2.494999999999999929e+01,-5.795567220366835137e-01,-5.795567276859561190e-01,-5.795572869637277691e-01,-5.796132110532009607e-01,-5.851666495317594530e-01,1.027719036238928796e+00
2.496000000000000085e+01,-5.819552394529247108e-01,-5.819552452773435469e-01,-5.819558218945922734e-01,-5.820134801803803493e-01,-5.877425990275427781e-01,1.025552642147633531e+00
2.496999999999999886e+01,-5.840368543627784126e-01,-5.840368603623991017e-01,-5.840374543246557026e-01,-5.840968473588601384e-01,-5.900017149078378154e-01,1.023503138171433680e+00
2.498000000000000043e+01,-5.858008290291627507e-01,-5.858008352038942546e-01,-5.858014465021404993e-01,-5.858625733844829986e-01,-5.919431068424507725e-01,1.021579855885381027e+00
2.499000000000000199e+01,-5.872465372781838777e-01,-5.872465436277800599e-01,-5.872471722376569891e-01,-5.873100305320085868e-01,-5.935659879125161353e-01,1.019791102010248807e+00
2.500000000000000000e+01,-5.883734631488165556e-01,-5.883734696728687430e-01,-5.883741155538997347e-01,-5.884387012111380599e-01,-5.948696734756506732e-01,1.018144219990517074e+00
